coin,timezone,cutoff,cutoff_label,day_window,night_window,transaction_cost_bps,strategy_id,strategy_label,night_strategy,day_strategy,initial_wealth,final_wealth,total_return,sharpe_ratio,average_mdd,full_period_mdd,yearly_mdd_2016,yearly_mdd_2017,yearly_mdd_2018,yearly_mdd_2019,yearly_mdd_2020,yearly_mdd_2021,yearly_mdd_2022,yearly_mdd_2023,yearly_mdd_2024,yearly_mdd_2025,annualized_daily_volatility,trade_count,total_turnover,n_trading_dates,n_sessions,rank_final_wealth_within_coin_cutoff_cost,source_file
BTC,UTC,4,4-4-4,04:00-16:00,16:00-04:00,0,1,Night Cash / Day Cash,cash,cash,100.0,100.0,0.0,0.0,0.0,0.0,0.0,0.0,0.0,0.0,0.0,0.0,0.0,0.0,0.0,0.0,0.0,0,0.0,3652,7304,10,data_hourly_crypto/BTCUSD_1h_2016_2025.csv
BTC,UTC,4,4-4-4,04:00-16:00,16:00-04:00,0,2,Night Cash / Day Long,cash,long,100.0,2112.5781276701036,20.125781276701037,0.8842969679306367,-0.3071217287179501,-0.543715481386233,-0.2998828416856618,-0.3017499272472045,-0.41709881652105785,-0.34173829731032157,-0.3790110655071559,-0.2794338665692827,-0.3705478831579919,-0.19391152994637884,-0.19233393273340993,-0.29550912650103645,0.4694603198951095,7303,7303.0,3652,7304,4,data_hourly_crypto/BTCUSD_1h_2016_2025.csv
BTC,UTC,4,4-4-4,04:00-16:00,16:00-04:00,0,3,Night Cash / Day Short,cash,short,100.0,0.5162265135422877,-0.9948377348645772,-0.8842969679306368,-0.47862717340318667,-0.9964705232931123,-0.2794223159439547,-0.9087423216767109,-0.42728424903770434,-0.4895839907559657,-0.7030591313292511,-0.6264644627527862,-0.3575331253697608,-0.28176455234056064,-0.48007293305839616,-0.23234465176677577,0.4694603198951095,7303,7303.0,3652,7304,18,data_hourly_crypto/BTCUSD_1h_2016_2025.csv
BTC,UTC,4,4-4-4,04:00-16:00,16:00-04:00,0,4,Night Cash / Day Trend,cash,trend,100.0,0.44930140135626684,-0.9955069859864374,-0.9148210095355508,-0.5155418429894,-0.9969409551400826,-0.3144245259343932,-0.3227577134583802,-0.7263768987786072,-0.579124676559436,-0.6275641801593219,-0.79652872915898,-0.5349545227842951,-0.35574993130241295,-0.49681867030105686,-0.4011185814571169,0.46942442611783436,7301,7301.0,3652,7304,19,data_hourly_crypto/BTCUSD_1h_2016_2025.csv
BTC,UTC,4,4-4-4,04:00-16:00,16:00-04:00,0,5,Night Cash / Day Reversal,cash,reversal,100.0,2427.269269236336,23.27269269236336,0.9148210095355508,-0.3107438209325251,-0.6444441802193258,-0.23766912542020335,-0.606515845554479,-0.2629148275708373,-0.25803674966278867,-0.30838273513948666,-0.25928521919012026,-0.3128206119280321,-0.31487275978922846,-0.32633939035519144,-0.2206009447148839,0.46942442611783436,7301,7301.0,3652,7304,3,data_hourly_crypto/BTCUSD_1h_2016_2025.csv
BTC,UTC,4,4-4-4,04:00-16:00,16:00-04:00,0,6,Night Long / Day Cash,long,cash,100.0,959.9937635543262,8.599937635543261,0.7209456515591222,-0.3679357329924452,-0.7480876044976357,-0.23838559116089564,-0.2896250231711486,-0.7149798352678433,-0.3657538902258317,-0.25482164408904084,-0.49045418834701304,-0.6902838712960382,-0.17401875436722536,-0.20498643120112348,-0.25604810079829154,0.46254377705759553,7304,7304.0,3652,7304,7,data_hourly_crypto/BTCUSD_1h_2016_2025.csv
BTC,UTC,4,4-4-4,04:00-16:00,16:00-04:00,0,7,Night Long / Day Long,long,long,100.0,20280.618275845733,201.80618275845734,1.1313938115523245,-0.4458876282894548,-0.8362298082770255,-0.28953973807077527,-0.3606682722266188,-0.8101224823827939,-0.48380676496819175,-0.5021438629158848,-0.5354106773346328,-0.6700774709439643,-0.2022235046032228,-0.26741291445001913,-0.3374705949984438,0.6651706329536472,1,1.0,3652,7304,2,data_hourly_crypto/BTCUSD_1h_2016_2025.csv
BTC,UTC,4,4-4-4,04:00-16:00,16:00-04:00,0,8,Night Long / Day Short,long,short,100.0,4.955742335819969,-0.9504425766418003,-0.13148330837144753,-0.528247740332574,-0.9902321502501116,-0.37967509760729923,-0.7673412702663983,-0.7844074470362037,-0.38861657729769983,-0.4743287373448638,-0.7018958481694098,-0.7578651777477267,-0.32882358863178973,-0.3789839531085155,-0.32053970611583316,0.6512772561013841,7304,14607.0,3652,7304,15,data_hourly_crypto/BTCUSD_1h_2016_2025.csv
BTC,UTC,4,4-4-4,04:00-16:00,16:00-04:00,0,9,Night Long / Day Trend,long,trend,100.0,4.31326543258238,-0.9568673456741762,-0.13844147007582355,-0.5483743297049446,-0.996458656291932,-0.28538588722599134,-0.4026148936352797,-0.9143188941187731,-0.637689644890462,-0.5019655551022282,-0.8282434047379731,-0.796163589104928,-0.2977370008376543,-0.42739918364096807,-0.3922252437551872,0.6644166465185787,3537,7071.0,3652,7304,16,data_hourly_crypto/BTCUSD_1h_2016_2025.csv
BTC,UTC,4,4-4-4,04:00-16:00,16:00-04:00,0,10,Night Long / Day Reversal,long,reversal,100.0,23301.633609339588,232.01633609339586,1.1639477682418564,-0.43422353537792874,-0.677379897167484,-0.38988100153129523,-0.44133586133171,-0.5268282754624947,-0.40020057659370645,-0.4095529063055564,-0.47837493450128443,-0.6372856565031867,-0.36681215582354054,-0.37064519467147217,-0.3213187910550406,0.6520229579408373,3770,7537.0,3652,7304,1,data_hourly_crypto/BTCUSD_1h_2016_2025.csv
BTC,UTC,4,4-4-4,04:00-16:00,16:00-04:00,0,11,Night Short / Day Cash,short,cash,100.0,1.2146979302588583,-0.9878530206974114,-0.7209456515591239,-0.5021458951431039,-0.9907879198868298,-0.6649134000619894,-0.812529857325647,-0.28603264005837836,-0.6300398448529336,-0.5894851713372906,-0.49958355732374093,-0.1948323115066275,-0.5850996541543068,-0.4360469450315192,-0.3228955697786057,0.46254377705759553,7304,7304.0,3652,7304,17,data_hourly_crypto/BTCUSD_1h_2016_2025.csv
BTC,UTC,4,4-4-4,04:00-16:00,16:00-04:00,0,12,Night Short / Day Long,short,long,100.0,25.66144279190981,-0.743385572080902,0.11838665602375714,-0.4752832611700805,-0.8570940239223369,-0.7015038451946038,-0.5156603607255978,-0.43523922726268494,-0.5431543945325659,-0.4090248464933861,-0.5659606607580756,-0.29276637894351687,-0.51013983363365,-0.3155602498586838,-0.4638228142980405,0.6564484525037032,7304,14607.0,3652,7304,13,data_hourly_crypto/BTCUSD_1h_2016_2025.csv
BTC,UTC,4,4-4-4,04:00-16:00,16:00-04:00,0,13,Night Short / Day Short,short,short,100.0,0.006270592775445658,-0.9999372940722455,-1.1209796390918874,-0.6768042836544657,-0.9999601669250735,-0.6841986097627744,-0.9801882236166427,-0.5055579459672734,-0.7884287258522817,-0.8645085619007415,-0.7795686518908207,-0.33912284535539416,-0.6882348896251563,-0.7067855422374808,-0.4314488403360902,0.6642873435220857,1,1.0,3652,7304,24,data_hourly_crypto/BTCUSD_1h_2016_2025.csv
BTC,UTC,4,4-4-4,04:00-16:00,16:00-04:00,0,14,Night Short / Day Trend,short,trend,100.0,0.0054576548228986175,-0.9999454234517711,-1.174043178364081,-0.6837154751050787,-0.9999705926835769,-0.7138951764812385,-0.8432723941067917,-0.6600012604887617,-0.7855590108824324,-0.8206100478701247,-0.8559239914523288,-0.27339797952939626,-0.6653529994329248,-0.6467470585995986,-0.5723948322071893,0.6532092274368007,3770,7537.0,3652,7304,25,data_hourly_crypto/BTCUSD_1h_2016_2025.csv
BTC,UTC,4,4-4-4,04:00-16:00,16:00-04:00,0,15,Night Short / Day Reversal,short,reversal,100.0,29.48398957522337,-0.7051601042477663,0.14977340865577154,-0.4978482722073334,-0.9721250721537951,-0.6800232785349258,-0.9041021053999645,-0.39810898606029554,-0.6532641509759777,-0.35359310339044525,-0.4415007067561656,-0.3157909143822597,-0.5948951772234939,-0.3980630891389553,-0.2391412102108501,0.667394759610306,3537,7071.0,3652,7304,12,data_hourly_crypto/BTCUSD_1h_2016_2025.csv
BTC,UTC,4,4-4-4,04:00-16:00,16:00-04:00,0,16,Night Trend / Day Cash,trend,cash,100.0,52.53459447151728,-0.4746540552848272,0.09302646998638017,-0.42746676491951713,-0.9353281609614588,-0.26144648842685403,-0.5430997599704654,-0.7220847914510654,-0.3665914034602563,-0.3783846843180988,-0.6639766942439292,-0.3861118751481475,-0.14198170480816252,-0.6087116346197383,-0.20227861274845305,0.46286749749216566,7302,7302.0,3652,7304,11,data_hourly_crypto/BTCUSD_1h_2016_2025.csv
BTC,UTC,4,4-4-4,04:00-16:00,16:00-04:00,0,17,Night Trend / Day Long,trend,long,100.0,1109.8343522654725,10.098343522654725,0.6920219316176054,-0.5089971130504968,-0.9256536205032092,-0.4196690273130791,-0.5995168432090676,-0.8161269899340995,-0.5695411574811593,-0.4876014494348194,-0.596859498757814,-0.4676303194218563,-0.23525732137406563,-0.5711083598497035,-0.3266601637293035,0.6698476221159629,3383,6765.0,3652,7304,6,data_hourly_crypto/BTCUSD_1h_2016_2025.csv
BTC,UTC,4,4-4-4,04:00-16:00,16:00-04:00,0,18,Night Trend / Day Short,trend,short,100.0,0.2711975054438973,-0.997288024945561,-0.5799683562167864,-0.5916191259934538,-0.9994438551139203,-0.29891255538310935,-0.9063030607273891,-0.8104573295219217,-0.5148769024656481,-0.7005387889134557,-0.8239580289152996,-0.5018018042028336,-0.2836334464130882,-0.7801360671955887,-0.2955732761962033,0.6507792754107026,3921,7841.0,3652,7304,20,data_hourly_crypto/BTCUSD_1h_2016_2025.csv
BTC,UTC,4,4-4-4,04:00-16:00,16:00-04:00,0,19,Night Trend / Day Trend,trend,trend,100.0,0.23603866915736185,-0.9976396133084264,-0.5548566140547097,-0.5890039425708945,-0.9996233032085763,-0.24727187879164392,-0.5054531508684372,-0.916249995138658,-0.6592550270301754,-0.6366046715365916,-0.9033304326603807,-0.5775936048414927,-0.36235804198977384,-0.7376143422452021,-0.34430828060659,0.6765016402936466,3687,7373.0,3652,7304,21,data_hourly_crypto/BTCUSD_1h_2016_2025.csv
BTC,UTC,4,4-4-4,04:00-16:00,16:00-04:00,0,20,Night Trend / Day Reversal,trend,reversal,100.0,1275.1560673250865,11.751560673250864,0.7167319288774555,-0.45511657404650163,-0.817169421914425,-0.39889886383684103,-0.7165713880819967,-0.597800249780611,-0.4310834929491095,-0.43807253970016147,-0.4294357277960622,-0.44733906096087717,-0.24929381343609902,-0.5572522200157858,-0.2854183839074733,0.643865927648584,3616,7231.0,3652,7304,5,data_hourly_crypto/BTCUSD_1h_2016_2025.csv
BTC,UTC,4,4-4-4,04:00-16:00,16:00-04:00,0,21,Night Reversal / Day Cash,reversal,cash,100.0,22.196868448643,-0.7780313155135701,-0.09302646998638192,-0.4668069400803554,-0.8694276734374752,-0.5735185362221408,-0.6621559005388622,-0.3918240803452441,-0.4139172454931598,-0.48351664500052816,-0.4204780400046886,-0.50667946111501,-0.5582216382691686,-0.24750480624223004,-0.4102530475725217,0.46286749749216566,7302,7302.0,3652,7304,14,data_hourly_crypto/BTCUSD_1h_2016_2025.csv
BTC,UTC,4,4-4-4,04:00-16:00,16:00-04:00,0,22,Night Reversal / Day Long,reversal,long,100.0,468.9261878737354,3.689261878737354,0.5623534957415081,-0.4813293844701946,-0.8068461191627414,-0.6301149037229348,-0.43200235037915335,-0.5406514223548413,-0.40543655529766964,-0.4895185164827842,-0.47691717617018214,-0.5247022323889863,-0.4715575145719294,-0.3157335479389811,-0.5266596253944835,0.6521439491796247,3921,7841.0,3652,7304,9,data_hourly_crypto/BTCUSD_1h_2016_2025.csv
BTC,UTC,4,4-4-4,04:00-16:00,16:00-04:00,0,23,Night Reversal / Day Short,reversal,short,100.0,0.11458612010799847,-0.99885413879892,-0.6807605935956212,-0.6416985316436332,-0.9992425315100455,-0.6478292294480168,-0.9572350239657578,-0.5557516953930715,-0.6871808074062844,-0.7857550622554372,-0.5964471862367846,-0.613653129767692,-0.6661994411775557,-0.405179187935628,-0.5017545528501035,0.6652166599159641,3383,6765.0,3652,7304,22,data_hourly_crypto/BTCUSD_1h_2016_2025.csv
BTC,UTC,4,4-4-4,04:00-16:00,16:00-04:00,0,24,Night Reversal / Day Trend,reversal,trend,100.0,0.09973084099696045,-0.9990026915900304,-0.7541296570497226,-0.6459405012725605,-0.999334581745432,-0.6426216380480425,-0.7006740438000814,-0.6383214399163948,-0.6686983129928218,-0.7621993002736966,-0.7660587942138003,-0.6742154954993729,-0.63165841846342,-0.3972101200869521,-0.577747449431023,0.6411593029762761,3616,7231.0,3652,7304,23,data_hourly_crypto/BTCUSD_1h_2016_2025.csv
BTC,UTC,4,4-4-4,04:00-16:00,16:00-04:00,0,25,Night Reversal / Day Reversal,reversal,reversal,100.0,538.7777665867312,4.387777665867312,0.5881266504966899,-0.4866652165523123,-0.9076575568614087,-0.6096950781294628,-0.7833016660546006,-0.45602012605043685,-0.4956944887628726,-0.42454493382109826,-0.35055243655338053,-0.561848565743049,-0.5592375467187296,-0.24853356094214907,-0.37722376274734437,0.6757037556551284,3687,7373.0,3652,7304,8,data_hourly_crypto/BTCUSD_1h_2016_2025.csv
BTC,UTC,4,4-4-4,04:00-16:00,16:00-04:00,1,1,Night Cash / Day Cash,cash,cash,100.0,100.0,0.0,0.0,0.0,0.0,0.0,0.0,0.0,0.0,0.0,0.0,0.0,0.0,0.0,0.0,0.0,0,0.0,3652,7304,10,data_hourly_crypto/BTCUSD_1h_2016_2025.csv
BTC,UTC,4,4-4-4,04:00-16:00,16:00-04:00,1,2,Night Cash / Day Long,cash,long,100.0,1017.7278511944609,9.177278511944609,0.7287972963675532,-0.3227246342975477,-0.5797817750354115,-0.3110650288906035,-0.3066901910901698,-0.42064386759685035,-0.3610021488065619,-0.38291119250371475,-0.30020649909021024,-0.3831975649351249,-0.22000160989948392,-0.2191000747873908,-0.32242816537536667,0.4693663570048802,7303,7303.0,3652,7304,4,data_hourly_crypto/BTCUSD_1h_2016_2025.csv
BTC,UTC,4,4-4-4,04:00-16:00,16:00-04:00,1,3,Night Cash / Day Short,cash,short,100.0,0.2486904950286664,-0.9975130950497133,-1.0397964788035488,-0.49869031283956045,-0.99821878502678,-0.30064971889620784,-0.9142177666454018,-0.4467069455355076,-0.501439511764069,-0.7197084985019052,-0.6486053005939577,-0.3680473734230354,-0.3105867813491672,-0.5131357870766012,-0.2638054446097512,0.4693665105544603,7303,7303.0,3652,7304,18,data_hourly_crypto/BTCUSD_1h_2016_2025.csv
BTC,UTC,4,4-4-4,04:00-16:00,16:00-04:00,1,4,Night Cash / Day Trend,cash,trend,100.0,0.2164928296759171,-0.9978350717032408,-1.0702892422722883,-0.5400631590921582,-0.9984965428654622,-0.34896981483046996,-0.34389062422287353,-0.7450549373812239,-0.6003320566182103,-0.6482355160225474,-0.8091626271184675,-0.5605902425183296,-0.3902935688092217,-0.5199701706746416,-0.43413203272559675,0.46933081648609154,7301,7301.0,3652,7304,19,data_hourly_crypto/BTCUSD_1h_2016_2025.csv
BTC,UTC,4,4-4-4,04:00-16:00,16:00-04:00,1,5,Night Cash / Day Reversal,cash,reversal,100.0,1169.563217243769,10.69563217243769,0.7593521979213059,-0.3184433246971482,-0.66658797436071,-0.2487862033404049,-0.6279835798026389,-0.2665178903585662,-0.2654932326928764,-0.30928129832009144,-0.26069131136884915,-0.3180918365216039,-0.3208078086368178,-0.3356389560956319,-0.2311411298340018,0.46933028977992747,7301,7301.0,3652,7304,3,data_hourly_crypto/BTCUSD_1h_2016_2025.csv
BTC,UTC,4,4-4-4,04:00-16:00,16:00-04:00,1,6,Night Long / Day Cash,long,cash,100.0,462.42772094807174,3.6242772094807174,0.5630990755558245,-0.37976352630064614,-0.7772221147626173,-0.2430175288819344,-0.292956117914815,-0.7338509457983282,-0.38591371366200344,-0.2583159390535815,-0.5031023461887031,-0.7098340780911288,-0.1777275044666179,-0.22469389381267146,-0.26822319513667847,0.46245127292762184,7304,7304.0,3652,7304,7,data_hourly_crypto/BTCUSD_1h_2016_2025.csv
BTC,UTC,4,4-4-4,04:00-16:00,16:00-04:00,1,7,Night Long / Day Long,long,long,100.0,20278.590214018168,201.7859021401817,1.131378716149123,-0.4458876282894548,-0.8362298082770253,-0.28953973807077593,-0.3606682722266188,-0.8101224823827939,-0.48380676496819175,-0.5021438629158848,-0.5354106773346328,-0.6700774709439643,-0.2022235046032228,-0.26741291445001913,-0.3374705949984438,0.6651706875106008,1,1.0,3652,7304,1,data_hourly_crypto/BTCUSD_1h_2016_2025.csv
BTC,UTC,4,4-4-4,04:00-16:00,16:00-04:00,1,8,Night Long / Day Short,long,short,100.0,1.1499297891364155,-0.9885007021086358,-0.3557100249496252,-0.5557270226368942,-0.9969460590792336,-0.3935385793223951,-0.7924937916267956,-0.8117112374114314,-0.40621258088526535,-0.5322825567430634,-0.7198187465738627,-0.7874703206734833,-0.34500371082249115,-0.42074682911141104,-0.3479918731987427,0.6510168282545246,7304,14607.0,3652,7304,16,data_hourly_crypto/BTCUSD_1h_2016_2025.csv
BTC,UTC,4,4-4-4,04:00-16:00,16:00-04:00,1,9,Night Long / Day Trend,long,trend,100.0,2.1266001989643533,-0.9787339980103564,-0.2445991519603496,-0.562541090054649,-0.997789202519038,-0.2922140379774889,-0.4046427564694416,-0.9200800609071478,-0.6500124023325518,-0.5242632474039362,-0.8362282696576671,-0.8084954584634056,-0.31701342312036396,-0.44609926171349845,-0.4263619825009891,0.6644524285562019,3537,7071.0,3652,7304,15,data_hourly_crypto/BTCUSD_1h_2016_2025.csv
BTC,UTC,4,4-4-4,04:00-16:00,16:00-04:00,1,10,Night Long / Day Reversal,long,reversal,100.0,10965.435573376224,108.65435573376224,1.0483821779011036,-0.44312422724650524,-0.6993134265992667,-0.39280284687888367,-0.44445594812966105,-0.538275357737125,-0.409485763369964,-0.41132176985678437,-0.4852158202917266,-0.6602503404117022,-0.37223476292706326,-0.39168564741088363,-0.3255140154512586,0.6518964470764802,3770,7537.0,3652,7304,2,data_hourly_crypto/BTCUSD_1h_2016_2025.csv
BTC,UTC,4,4-4-4,04:00-16:00,16:00-04:00,1,11,Night Short / Day Cash,short,cash,100.0,0.5851183797801333,-0.9941488162021986,-0.8787922275624216,-0.5211372093009038,-0.9954488478477621,-0.6858452243711662,-0.8249597121993157,-0.292924986149961,-0.6455849200793182,-0.6182719605616764,-0.5148107155502253,-0.19748511798296198,-0.6125700974927571,-0.47201508303577766,-0.3469042755858778,0.4624512729276218,7304,7304.0,3652,7304,17,data_hourly_crypto/BTCUSD_1h_2016_2025.csv
BTC,UTC,4,4-4-4,04:00-16:00,16:00-04:00,1,12,Night Short / Day Long,short,long,100.0,5.954477755097983,-0.9404552224490201,-0.10407384999491547,-0.5120952429721093,-0.9598230668354283,-0.734678649397128,-0.536604002800979,-0.44197652564208156,-0.5992521652626313,-0.4473276195531767,-0.5985321833595283,-0.2974192148914948,-0.5643120873827343,-0.3743974959896609,-0.5264524854416788,0.6561858451274831,7304,14607.0,3652,7304,14,data_hourly_crypto/BTCUSD_1h_2016_2025.csv
BTC,UTC,4,4-4-4,04:00-16:00,16:00-04:00,1,13,Night Short / Day Short,short,short,100.0,0.006269965716168131,-0.9999373003428383,-1.1209947966853469,-0.6768042836544655,-0.9999601669250735,-0.6841986097627735,-0.9801882236166427,-0.5055579459672734,-0.7884287258522817,-0.8645085619007415,-0.7795686518908207,-0.33912284535539416,-0.6882348896251563,-0.7067855422374808,-0.4314488403360902,0.6642872906302978,1,1.0,3652,7304,24,data_hourly_crypto/BTCUSD_1h_2016_2025.csv
BTC,UTC,4,4-4-4,04:00-16:00,16:00-04:00,1,14,Night Short / Day Trend,short,trend,100.0,0.0025682990019306514,-0.9999743170099807,-1.289347395228287,-0.6991434016803941,-0.9999859113443249,-0.733292850385229,-0.8556701849279702,-0.6751585069470962,-0.8004175547116995,-0.8318333454624387,-0.8651268918787388,-0.28721703280125055,-0.6894191251556243,-0.662495181379803,-0.590803343154091,0.6530901659357455,3770,7537.0,3652,7304,25,data_hourly_crypto/BTCUSD_1h_2016_2025.csv
BTC,UTC,4,4-4-4,04:00-16:00,16:00-04:00,1,15,Night Short / Day Reversal,short,reversal,100.0,14.536702894121072,-0.8546329710587892,0.0437146823427634,-0.5091904254448072,-0.9752626140698146,-0.6970878689264663,-0.9093615617084855,-0.39943182292491064,-0.6649901924749839,-0.36461732436099303,-0.4564607092247841,-0.31933992112455545,-0.620467840724632,-0.4083288916086807,-0.2518181213695806,0.6671014866751636,3537,7071.0,3652,7304,12,data_hourly_crypto/BTCUSD_1h_2016_2025.csv
BTC,UTC,4,4-4-4,04:00-16:00,16:00-04:00,1,16,Night Trend / Day Cash,trend,cash,100.0,25.310906314527294,-0.7468909368547271,-0.06466651960572968,-0.4405258223184235,-0.9529751348518727,-0.26196332081456475,-0.5451512942148344,-0.7397577893654521,-0.3888063056590185,-0.3837695486855508,-0.6765389791235765,-0.4024061399765121,-0.15770989532855684,-0.6325667570493717,-0.2165881929667982,0.4627749278446089,7302,7302.0,3652,7304,11,data_hourly_crypto/BTCUSD_1h_2016_2025.csv
BTC,UTC,4,4-4-4,04:00-16:00,16:00-04:00,1,17,Night Trend / Day Long,trend,long,100.0,564.1941314414256,4.6419413144142565,0.5910887560950324,-0.51922214849077,-0.9371520589925468,-0.4221015487873613,-0.600556850825122,-0.8281127711172697,-0.5825984805199513,-0.49330886277944386,-0.6121257151550188,-0.4770235909409194,-0.2554851885677212,-0.5898184611576422,-0.33109001505725033,0.6698849749372966,3383,6765.0,3652,7304,6,data_hourly_crypto/BTCUSD_1h_2016_2025.csv
BTC,UTC,4,4-4-4,04:00-16:00,16:00-04:00,1,18,Night Trend / Day Short,trend,short,100.0,0.12380019586445343,-0.9987619980413555,-0.700468492745434,-0.6051784472410611,-0.9997052388526698,-0.3060280083798965,-0.9130565382434935,-0.822066861671473,-0.5467717475278957,-0.7198911672491504,-0.8320749551811442,-0.5135200923098497,-0.2854937660269945,-0.7963503314112593,-0.31653100440945303,0.6506178362254041,3921,7841.0,3652,7304,20,data_hourly_crypto/BTCUSD_1h_2016_2025.csv
BTC,UTC,4,4-4-4,04:00-16:00,16:00-04:00,1,19,Night Trend / Day Trend,trend,trend,100.0,0.11291348535306654,-0.9988708651464694,-0.6635829184354926,-0.6031094154824969,-0.9997890581275847,-0.2475729399310026,-0.5082151486201119,-0.921709247869647,-0.6836254183192232,-0.6579061002697285,-0.9097221804196304,-0.5943203406472355,-0.37486042099489936,-0.7555017047035375,-0.3776606530499528,0.6764831783400286,3687,7373.0,3652,7304,21,data_hourly_crypto/BTCUSD_1h_2016_2025.csv
BTC,UTC,4,4-4-4,04:00-16:00,16:00-04:00,1,20,Night Trend / Day Reversal,trend,reversal,100.0,618.7192039219724,5.187192039219724,0.6044705143926091,-0.46409805306709123,-0.8431100476435478,-0.39985995269065533,-0.7330251922779162,-0.6194021386979061,-0.43630644497317483,-0.440204024818051,-0.43171365379553484,-0.457849974422016,-0.25646682460438286,-0.5750395261252919,-0.2911127982659829,0.6436616769151331,3616,7231.0,3652,7304,5,data_hourly_crypto/BTCUSD_1h_2016_2025.csv
BTC,UTC,4,4-4-4,04:00-16:00,16:00-04:00,1,21,Night Reversal / Day Cash,reversal,cash,100.0,10.694340813539359,-0.8930565918646064,-0.2507194543693442,-0.4871617212995333,-0.9264684964246154,-0.6000334009959216,-0.6845560175192067,-0.3973336501321809,-0.4287884029283918,-0.5057997218576458,-0.433825467649542,-0.5368476786165505,-0.587719123134852,-0.2559605597385869,-0.4407531904224553,0.46277493803598846,7302,7302.0,3652,7304,13,data_hourly_crypto/BTCUSD_1h_2016_2025.csv
BTC,UTC,4,4-4-4,04:00-16:00,16:00-04:00,1,22,Night Reversal / Day Long,reversal,long,100.0,214.06227099957337,1.1406227099957338,0.44217241879227376,-0.49812933414502397,-0.8389895968343462,-0.6535102217316564,-0.4448074445022546,-0.5416609792648872,-0.42139229475333617,-0.4968029289434819,-0.49632257470630425,-0.5301843768092305,-0.5095484426595526,-0.32928427311314556,-0.55777980496639,0.6520682911745644,3921,7841.0,3652,7304,9,data_hourly_crypto/BTCUSD_1h_2016_2025.csv
BTC,UTC,4,4-4-4,04:00-16:00,16:00-04:00,1,23,Night Reversal / Day Short,reversal,short,100.0,0.05825086994073406,-0.9994174913005927,-0.7827390377070367,-0.6542632008233789,-0.9996089185578326,-0.6651404598069743,-0.9594670959509821,-0.5573482733879113,-0.6927617319637939,-0.7949783611742667,-0.6182744833493983,-0.6402071415922135,-0.6858917711021346,-0.4090924686035412,-0.5194702213025728,0.6649450621630986,3383,6765.0,3652,7304,22,data_hourly_crypto/BTCUSD_1h_2016_2025.csv
BTC,UTC,4,4-4-4,04:00-16:00,16:00-04:00,1,24,Night Reversal / Day Trend,reversal,trend,100.0,0.04839045833624748,-0.9995160954166376,-0.8666986451689448,-0.6616280591217057,-0.9996711027711045,-0.6584175447938491,-0.7222488266145035,-0.6415622654578373,-0.6851726791632123,-0.7737076005084894,-0.7790659798244544,-0.6949640761537517,-0.6555310287518026,-0.41268660436307536,-0.5929239855860815,0.6411016679070843,3616,7231.0,3652,7304,23,data_hourly_crypto/BTCUSD_1h_2016_2025.csv
BTC,UTC,4,4-4-4,04:00-16:00,16:00-04:00,1,25,Night Reversal / Day Reversal,reversal,reversal,100.0,257.734360531794,1.5773436053179397,0.47901365658055234,-0.499649564358685,-0.9191261435471134,-0.6357933728212961,-0.7962079564809037,-0.45862523270646705,-0.518272945395383,-0.4331131940463331,-0.3513313840648745,-0.5677676759879716,-0.5893673600675469,-0.2551181095722159,-0.3908984124438586,0.67548015227328,3687,7373.0,3652,7304,8,data_hourly_crypto/BTCUSD_1h_2016_2025.csv
BTC,UTC,4,4-4-4,04:00-16:00,16:00-04:00,2,1,Night Cash / Day Cash,cash,cash,100.0,100.0,0.0,0.0,0.0,0.0,0.0,0.0,0.0,0.0,0.0,0.0,0.0,0.0,0.0,0.0,0.0,0,0.0,3652,7304,9,data_hourly_crypto/BTCUSD_1h_2016_2025.csv
BTC,UTC,4,4-4-4,04:00-16:00,16:00-04:00,2,2,Night Cash / Day Long,cash,long,100.0,490.2513714792611,3.9025137147926108,0.5732509084536205,-0.34306541899396165,-0.6431735137285861,-0.33563522728778517,-0.311595990408317,-0.43469711195457783,-0.3797040915255472,-0.38678721111648673,-0.3325408454487532,-0.3955942616364232,-0.24524973481621926,-0.24498172888282455,-0.3638679868626824,0.46927240563760686,7303,7303.0,3652,7304,4,data_hourly_crypto/BTCUSD_1h_2016_2025.csv
BTC,UTC,4,4-4-4,04:00-16:00,16:00-04:00,2,3,Night Cash / Day Short,cash,short,100.0,0.11979711090599045,-0.99880202889094,-1.1953425961752193,-0.522080675924591,-0.9991284756908876,-0.3212538164448179,-0.9198819102622743,-0.47365326413238873,-0.5151563246303099,-0.7354258685778665,-0.669435788947927,-0.37839057712461877,-0.35842246535461,-0.5440991260910535,-0.30508761768004344,0.46927271272707094,7303,7303.0,3652,7304,18,data_hourly_crypto/BTCUSD_1h_2016_2025.csv
BTC,UTC,4,4-4-4,04:00-16:00,16:00-04:00,2,4,Night Cash / Day Trend,cash,trend,100.0,0.1043079827567398,-0.9989569201724326,-1.225803922108128,-0.5634100447689896,-0.9992611344790767,-0.38179472384650337,-0.3643661114398967,-0.7629700393758331,-0.6204727859286249,-0.6677614265026356,-0.8210132111197935,-0.5848151429376152,-0.42351974108252655,-0.5420586219950311,-0.465328643461436,0.46923722687813585,7301,7301.0,3652,7304,19,data_hourly_crypto/BTCUSD_1h_2016_2025.csv
BTC,UTC,4,4-4-4,04:00-16:00,16:00-04:00,2,5,Night Cash / Day Reversal,cash,reversal,100.0,563.50494415821,4.6350494415821,0.6038365484331564,-0.3278723961717481,-0.7047504251468688,-0.27860688971866265,-0.6482820495387562,-0.2701036981651652,-0.2728755151001734,-0.31017878376388675,-0.26209487460552716,-0.32332314768256354,-0.32669202985720946,-0.3448110566297726,-0.241755916655764,0.4692361734859548,7301,7301.0,3652,7304,3,data_hourly_crypto/BTCUSD_1h_2016_2025.csv
BTC,UTC,4,4-4-4,04:00-16:00,16:00-04:00,2,6,Night Long / Day Cash,long,cash,100.0,222.73454665610598,1.2273454665610597,0.4052051337384295,-0.39135413433775246,-0.8363253653989248,-0.24936133309517583,-0.29627192328680163,-0.7514743077856404,-0.40543466806342987,-0.2617941955747335,-0.5155179988289289,-0.7281519902696065,-0.18141997028939894,-0.24391472948102577,-0.280200226702783,0.46235877804852366,7304,7304.0,3652,7304,7,data_hourly_crypto/BTCUSD_1h_2016_2025.csv
BTC,UTC,4,4-4-4,04:00-16:00,16:00-04:00,2,7,Night Long / Day Long,long,long,100.0,20276.562152190752,201.76562152190752,1.131363618200558,-0.4458876282894548,-0.8362298082770251,-0.28953973807077515,-0.3606682722266188,-0.8101224823827939,-0.48380676496819175,-0.5021438629158848,-0.5354106773346328,-0.6700774709439643,-0.2022235046032228,-0.26741291445001913,-0.3374705949984438,0.6651707435655243,1,1.0,3652,7304,1,data_hourly_crypto/BTCUSD_1h_2016_2025.csv
BTC,UTC,4,4-4-4,04:00-16:00,16:00-04:00,2,8,Night Long / Day Short,long,short,100.0,0.2667515858382863,-0.9973324841416171,-0.5800713072697591,-0.5843670609057445,-0.9991035618291403,-0.40709491065931513,-0.8160270594659296,-0.835561585033239,-0.4323854753800348,-0.5838568511194542,-0.7384974358858019,-0.8134605930922604,-0.3607968976280952,-0.4629000375937946,-0.39308976319952027,0.6507564540324515,7304,14607.0,3652,7304,17,data_hourly_crypto/BTCUSD_1h_2016_2025.csv
BTC,UTC,4,4-4-4,04:00-16:00,16:00-04:00,2,9,Night Long / Day Trend,long,trend,100.0,1.04834465677225,-0.9895165534322775,-0.35073075226884803,-0.5761667555193414,-0.9987338267058357,-0.29897829212680604,-0.4066641392204847,-0.925454887000122,-0.6619183834592992,-0.5455668054126904,-0.8441348452535502,-0.820083510122491,-0.3358773783504334,-0.4641921892029912,-0.45879712504454606,0.6644982185867463,3537,7071.0,3652,7304,15,data_hourly_crypto/BTCUSD_1h_2016_2025.csv
BTC,UTC,4,4-4-4,04:00-16:00,16:00-04:00,2,10,Night Long / Day Reversal,long,reversal,100.0,5159.408647395652,50.59408647395652,0.9327679456123857,-0.4535036520791215,-0.7197597387067082,-0.3957112799282937,-0.44755922851717767,-0.5669949308474249,-0.41862902554531356,-0.4130856865297535,-0.4919683325833367,-0.6817652159517438,-0.37761200187640187,-0.41202668015024857,-0.32968413886152115,0.6517802964918914,3770,7537.0,3652,7304,2,data_hourly_crypto/BTCUSD_1h_2016_2025.csv
BTC,UTC,4,4-4-4,04:00-16:00,16:00-04:00,2,11,Night Short / Day Cash,short,cash,100.0,0.2818301567070599,-0.9971816984329294,-1.0366861693798184,-0.5395718037562961,-0.9977516994050091,-0.7054714024013842,-0.8365665503279487,-0.29975147575553596,-0.6611484749133711,-0.6450426967459901,-0.5295759808993855,-0.20012944820040668,-0.6382694825849471,-0.5075160707266713,-0.3722464550073207,0.4623587780485235,7304,7304.0,3652,7304,16,data_hourly_crypto/BTCUSD_1h_2016_2025.csv
BTC,UTC,4,4-4-4,04:00-16:00,16:00-04:00,2,12,Night Short / Day Long,short,long,100.0,1.381272490735338,-0.9861872750926466,-0.32666793818469175,-0.5492663131467322,-0.9903701803688982,-0.7645953745518008,-0.5569238344130943,-0.44874899223984266,-0.6484706959923516,-0.5031884024144245,-0.6286652432446789,-0.3034376784099554,-0.6215500100689972,-0.435305983961212,-0.5817769161709658,0.6559232918012848,7304,14607.0,3652,7304,14,data_hourly_crypto/BTCUSD_1h_2016_2025.csv
BTC,UTC,4,4-4-4,04:00-16:00,16:00-04:00,2,13,Night Short / Day Short,short,short,100.0,0.006269338656890567,-0.999937306613431,-1.1210099517345244,-0.6768042836544657,-0.9999601669250735,-0.6841986097627746,-0.9801882236166427,-0.5055579459672734,-0.7884287258522817,-0.8645085619007415,-0.7795686518908207,-0.33912284535539416,-0.6882348896251563,-0.7067855422374808,-0.4314488403360902,0.6642872392476284,1,1.0,3652,7304,24,data_hourly_crypto/BTCUSD_1h_2016_2025.csv
BTC,UTC,4,4-4-4,04:00-16:00,16:00-04:00,2,14,Night Short / Day Trend,short,trend,100.0,0.0012084247808478857,-0.9999879157521915,-1.4046607065346153,-0.7141531778117649,-0.9999932513053378,-0.7513788698665275,-0.8670894513508344,-0.6896428703846272,-0.8142492235167872,-0.8423565097105596,-0.873743621403796,-0.3042286924384351,-0.7118671014656823,-0.6785526276721989,-0.6084228103082003,0.6529813243685955,3770,7537.0,3652,7304,25,data_hourly_crypto/BTCUSD_1h_2016_2025.csv
BTC,UTC,4,4-4-4,04:00-16:00,16:00-04:00,2,15,Night Short / Day Reversal,short,reversal,100.0,7.166121217123535,-0.9283387878287647,-0.06242697713683333,-0.5258421842441584,-0.9780475254581201,-0.7132455364521824,-0.9143335333403526,-0.4007520162315946,-0.6763219061590253,-0.40401085098503053,-0.47189593695128795,-0.3228712235912229,-0.6444308417380118,-0.4209691024570781,-0.289590894535799,0.666818305340733,3537,7071.0,3652,7304,12,data_hourly_crypto/BTCUSD_1h_2016_2025.csv
BTC,UTC,4,4-4-4,04:00-16:00,16:00-04:00,2,16,Night Trend / Day Cash,trend,cash,100.0,12.193778168094969,-0.8780622183190503,-0.22240682530088662,-0.4531605641900665,-0.9724859685246682,-0.26247984316486017,-0.5471938206397975,-0.7563085392046388,-0.4102441928047792,-0.3891082971935368,-0.6886328075279468,-0.41826947575418716,-0.173151304984549,-0.6555748808424382,-0.23064247978393082,0.4626823760945529,7302,7302.0,3652,7304,11,data_hourly_crypto/BTCUSD_1h_2016_2025.csv
BTC,UTC,4,4-4-4,04:00-16:00,16:00-04:00,2,17,Night Trend / Day Long,trend,long,100.0,286.774272348374,1.8677427234837398,0.49017113863229095,-0.5294004685970781,-0.946873930522017,-0.4245243576719441,-0.6015943649177022,-0.8393194247695193,-0.5952622234482672,-0.4989538262027232,-0.6268167091286768,-0.48625295476623553,-0.27807337701046375,-0.6077158478207687,-0.33549160023447977,0.6699440232374619,3383,6765.0,3652,7304,6,data_hourly_crypto/BTCUSD_1h_2016_2025.csv
BTC,UTC,4,4-4-4,04:00-16:00,16:00-04:00,2,18,Night Trend / Day Short,trend,short,100.0,0.056505255648513976,-0.9994349474435149,-0.8209761857748034,-0.6181672208327188,-0.9998437941233892,-0.3130726473555836,-0.9193244467602918,-0.8329674194573944,-0.5765753988450595,-0.7379964194710598,-0.8404814824964747,-0.5249650126793404,-0.28804842857915125,-0.8113717362883757,-0.3368692163944573,0.6504787252999179,3921,7841.0,3652,7304,20,data_hourly_crypto/BTCUSD_1h_2016_2025.csv
BTC,UTC,4,4-4-4,04:00-16:00,16:00-04:00,2,19,Night Trend / Day Trend,trend,trend,100.0,0.05400629777916872,-0.9994599370222084,-0.7722937683144647,-0.616456577697557,-0.9998818909187052,-0.24787394085211134,-0.5109622688152204,-0.926813625600337,-0.706257177913105,-0.6779627782523283,-0.9156924625249968,-0.6103878691274719,-0.3871200912248681,-0.7721728676130928,-0.409322695052038,0.6764746019889516,3687,7373.0,3652,7304,21,data_hourly_crypto/BTCUSD_1h_2016_2025.csv
BTC,UTC,4,4-4-4,04:00-16:00,16:00-04:00,2,20,Night Trend / Day Reversal,trend,reversal,100.0,300.1656709413942,2.001656709413942,0.492140029592577,-0.47347845337379757,-0.8656005579989805,-0.40081969669274264,-0.748526817090329,-0.6398477818014424,-0.4419169643328791,-0.4423278488559286,-0.44073114945828384,-0.4681630266516713,-0.26357271202895294,-0.5921155766692543,-0.2967629601564926,0.6434679550087491,3616,7231.0,3652,7304,5,data_hourly_crypto/BTCUSD_1h_2016_2025.csv
BTC,UTC,4,4-4-4,04:00-16:00,16:00-04:00,2,21,Night Reversal / Day Cash,reversal,cash,100.0,5.152103915751763,-0.9484789608424824,-0.40845974443080146,-0.5075413707452086,-0.9586807920240789,-0.6256949545240063,-0.7054729577808391,-0.4027938513496324,-0.45138481199805247,-0.5287759952666725,-0.44686676921366386,-0.5651737520139202,-0.6152497238637573,-0.26432212780891196,-0.4696787636326287,0.46268239647629245,7302,7302.0,3652,7304,13,data_hourly_crypto/BTCUSD_1h_2016_2025.csv
BTC,UTC,4,4-4-4,04:00-16:00,16:00-04:00,2,22,Night Reversal / Day Long,reversal,long,100.0,97.70294193052632,-0.022970580694736786,0.32197646461478346,-0.514867914902801,-0.8657888425101428,-0.6793243773012851,-0.4573263326743543,-0.5426685186758389,-0.43692290942303125,-0.5045942106114638,-0.5150117370910348,-0.53826861027005,-0.5448149109433947,-0.34256928016328714,-0.5871782618742705,0.6520149821928852,3921,7841.0,3652,7304,10,data_hourly_crypto/BTCUSD_1h_2016_2025.csv
BTC,UTC,4,4-4-4,04:00-16:00,16:00-04:00,2,23,Night Reversal / Day Short,reversal,short,100.0,0.029608338530986635,-0.9997039166146902,-0.8847513995831816,-0.66620090971712,-0.9997981111156514,-0.6816039537966856,-0.9615830793330564,-0.5589394311534059,-0.6982441754785508,-0.8038063219377187,-0.6389252060462086,-0.6649408424659828,-0.7044259614703786,-0.41298077927292065,-0.5365593462162921,0.6646953073954865,3383,6765.0,3652,7304,22,data_hourly_crypto/BTCUSD_1h_2016_2025.csv
BTC,UTC,4,4-4-4,04:00-16:00,16:00-04:00,2,24,Night Reversal / Day Trend,reversal,trend,100.0,0.02347616544239858,-0.9997652383455761,-0.9792617383191392,-0.6792563870719068,-0.9998374584141415,-0.6804128406988403,-0.7422724018212199,-0.6581977103239472,-0.7008308908548413,-0.7846610967083849,-0.791352350778987,-0.7145031546287637,-0.6778607481584339,-0.4279933320012018,-0.6144793447444483,0.6410544558530555,3616,7231.0,3652,7304,23,data_hourly_crypto/BTCUSD_1h_2016_2025.csv
BTC,UTC,4,4-4-4,04:00-16:00,16:00-04:00,2,25,Night Reversal / Day Reversal,reversal,reversal,100.0,123.27383730366653,0.23273837303666522,0.3698331078586876,-0.5154257086396294,-0.9291722537117411,-0.6601512732757598,-0.8083479183180269,-0.4612183810063555,-0.540441414048112,-0.44155555283934145,-0.3576744257892611,-0.5736079835693848,-0.6174429669842096,-0.2626656690383604,-0.43115150152748305,0.6752665500022219,3687,7373.0,3652,7304,8,data_hourly_crypto/BTCUSD_1h_2016_2025.csv
BTC,UTC,5,5-5-5,05:00-17:00,17:00-05:00,0,1,Night Cash / Day Cash,cash,cash,100.0,100.0,0.0,0.0,0.0,0.0,0.0,0.0,0.0,0.0,0.0,0.0,0.0,0.0,0.0,0.0,0.0,0,0.0,3652,7304,10,data_hourly_crypto/BTCUSD_1h_2016_2025.csv
BTC,UTC,5,5-5-5,05:00-17:00,17:00-05:00,0,2,Night Cash / Day Long,cash,long,100.0,2331.577813180972,22.315778131809722,0.9025488864821141,-0.31213036573584046,-0.5337161000723835,-0.29200497866109276,-0.332556770936809,-0.3587463847139769,-0.3320386043027268,-0.37870506491505274,-0.3421339599189074,-0.3919516889573744,-0.13371328630550172,-0.19723189071853942,-0.3622210279284239,0.4733691921611951,7303,7303.0,3652,7304,5,data_hourly_crypto/BTCUSD_1h_2016_2025.csv
BTC,UTC,5,5-5-5,05:00-17:00,17:00-05:00,0,3,Night Cash / Day Short,cash,short,100.0,0.45077749599378236,-0.9954922250400622,-0.9025488864821138,-0.4760238173178816,-0.9971358325689534,-0.2327813517029267,-0.8977903822489248,-0.4196898765678746,-0.44357306347214476,-0.7926458621969923,-0.6378778161373889,-0.36167144440261045,-0.25504139758833977,-0.5404296213542382,-0.17873735750737607,0.4733691921611951,7303,7303.0,3652,7304,18,data_hourly_crypto/BTCUSD_1h_2016_2025.csv
BTC,UTC,5,5-5-5,05:00-17:00,17:00-05:00,0,4,Night Cash / Day Trend,cash,trend,100.0,0.14777711941461694,-0.9985222288058538,-1.1380111878057144,-0.5778091798273681,-0.9987925870440572,-0.4273029873383343,-0.3952705702481021,-0.740578879766927,-0.671086336523553,-0.7115067391904148,-0.5331471481689244,-0.703635126937175,-0.48550333965062775,-0.5696795138554391,-0.5403811565941836,0.47305853901862177,7301,7301.0,3652,7304,20,data_hourly_crypto/BTCUSD_1h_2016_2025.csv
BTC,UTC,5,5-5-5,05:00-17:00,17:00-05:00,0,5,Night Cash / Day Reversal,cash,reversal,100.0,7112.216345383632,70.12216345383632,1.138011187805715,-0.2956084174710214,-0.6646991171140072,-0.23353450152837307,-0.6646991171140066,-0.2565340183900914,-0.2179362405770745,-0.2938572119850573,-0.38205683494852016,-0.2603524792530557,-0.298179748478852,-0.16586811015408887,-0.18306591228109426,0.4730585390186217,7301,7301.0,3652,7304,3,data_hourly_crypto/BTCUSD_1h_2016_2025.csv
BTC,UTC,5,5-5-5,05:00-17:00,17:00-05:00,0,6,Night Long / Day Cash,long,cash,100.0,868.5457991800988,7.6854579918009875,0.7013858765726965,-0.3719743912309915,-0.7523547110273676,-0.19895704876045595,-0.37257304728249874,-0.7112826249398081,-0.4217245019828585,-0.3100275956339237,-0.4674470873335559,-0.6730090376150426,-0.13760513534597263,-0.17638016621434305,-0.25073766720145596,0.4594340037754344,7304,7304.0,3652,7304,8,data_hourly_crypto/BTCUSD_1h_2016_2025.csv
BTC,UTC,5,5-5-5,05:00-17:00,17:00-05:00,0,7,Night Long / Day Long,long,long,100.0,20250.82115099835,201.50821150998348,1.1314884186430365,-0.45150209114678025,-0.8328572100534677,-0.29182585112069903,-0.3670419207994269,-0.810842574645693,-0.5057371856707513,-0.5332801713992004,-0.5383367389243134,-0.6695486935071993,-0.2016834292130123,-0.26737123219637493,-0.32935311399113143,0.6654108427784157,1,1.0,3652,7304,2,data_hourly_crypto/BTCUSD_1h_2016_2025.csv
BTC,UTC,5,5-5-5,05:00-17:00,17:00-05:00,0,8,Night Long / Day Short,long,short,100.0,3.9152090051032524,-0.9608479099489675,-0.16626919507100815,-0.5512977421284514,-0.9934869615092727,-0.2604966309856207,-0.7108026394521609,-0.7618797878392087,-0.5140329319896162,-0.7660867494759439,-0.7484031792215979,-0.7328596320798646,-0.2598911459141109,-0.4288744397874624,-0.32965028453892864,0.6520968557422943,7304,14607.0,3652,7304,15,data_hourly_crypto/BTCUSD_1h_2016_2025.csv
BTC,UTC,5,5-5-5,05:00-17:00,17:00-05:00,0,9,Night Long / Day Trend,long,trend,100.0,1.283511962825012,-0.9871648803717499,-0.31972406074429643,-0.6103403617521873,-0.9986390002027631,-0.3154029596085486,-0.4271102426130421,-0.9148533566157946,-0.6578009036928327,-0.7311233532909761,-0.7243305279340555,-0.8768874093245314,-0.38534671485831906,-0.6112287573300733,-0.45931939225369955,0.6637678264797638,3547,7091.0,3652,7304,17,data_hourly_crypto/BTCUSD_1h_2016_2025.csv
BTC,UTC,5,5-5-5,05:00-17:00,17:00-05:00,0,10,Night Long / Day Reversal,long,reversal,100.0,61772.85629642962,616.7285629642962,1.3112492950336208,-0.39703706197147,-0.5965085342858685,-0.24442975643746145,-0.43815148667928283,-0.5347729150805165,-0.4620568896270757,-0.4919514960187309,-0.46080252526133647,-0.5211206207169831,-0.28943147697623595,-0.23460795285198233,-0.2930455000650949,0.6533491312818839,3760,7517.0,3652,7304,1,data_hourly_crypto/BTCUSD_1h_2016_2025.csv
BTC,UTC,5,5-5-5,05:00-17:00,17:00-05:00,0,11,Night Short / Day Cash,short,cash,100.0,1.3814681745092534,-0.9861853182549075,-0.701385876572695,-0.4983242106290621,-0.9888581445870639,-0.6649447990594863,-0.8261880103862455,-0.29654483875376825,-0.6934876417980161,-0.43765508330559677,-0.5016192501373228,-0.1466730540307768,-0.5992753822180554,-0.42217439122498845,-0.3946796553763643,0.4594340037754344,7304,7304.0,3652,7304,16,data_hourly_crypto/BTCUSD_1h_2016_2025.csv
BTC,UTC,5,5-5-5,05:00-17:00,17:00-05:00,0,12,Night Short / Day Long,short,long,100.0,32.21000545301377,-0.6778999454698622,0.15425180097330377,-0.4964079820306228,-0.859033142639756,-0.6884816278363595,-0.4950932029169054,-0.38634575929069015,-0.6820579781088857,-0.4563243619093764,-0.5647857308898208,-0.32673267986288734,-0.5397340994243431,-0.2520147238871211,-0.5725096561798384,0.6584883396878389,7304,14607.0,3652,7304,13,data_hourly_crypto/BTCUSD_1h_2016_2025.csv
BTC,UTC,5,5-5-5,05:00-17:00,17:00-05:00,0,13,Night Short / Day Short,short,short,100.0,0.006227347645003862,-0.99993772652355,-1.124134899886551,-0.6797919976421003,-0.9999607400476169,-0.6876627345796064,-0.9783448768861454,-0.5213995350172819,-0.7939912693563955,-0.8763574042543963,-0.7808718240152045,-0.3400507222146798,-0.6883684610163698,-0.7084045185427701,-0.4224686305381531,0.6636695073898468,1,1.0,3652,7304,24,data_hourly_crypto/BTCUSD_1h_2016_2025.csv
BTC,UTC,5,5-5-5,05:00-17:00,17:00-05:00,0,14,Night Short / Day Trend,short,trend,100.0,0.0020414938739194794,-0.9999795850612608,-1.3242564006283848,-0.7108385898435159,-0.9999846871539522,-0.7609405841058858,-0.7966326630808067,-0.5400699584745934,-0.872064238493089,-0.7907414460659152,-0.6256907395025837,-0.5737632846489181,-0.7420222668553784,-0.7412820776002145,-0.6651786396077741,0.6527959951688379,3760,7517.0,3652,7304,25,data_hourly_crypto/BTCUSD_1h_2016_2025.csv
BTC,UTC,5,5-5-5,05:00-17:00,17:00-05:00,0,15,Night Short / Day Reversal,short,reversal,100.0,98.2530053137202,-0.017469946862798014,0.3289293823077154,-0.4923858847865693,-0.9675590178415882,-0.6096931950693127,-0.9338844793421771,-0.3720511389291614,-0.5979559836428507,-0.45518310908436843,-0.6723574785160014,-0.22177704019415678,-0.49091104363962434,-0.33496253307634416,-0.2350828463716952,0.6688007937534663,3547,7091.0,3652,7304,11,data_hourly_crypto/BTCUSD_1h_2016_2025.csv
BTC,UTC,5,5-5-5,05:00-17:00,17:00-05:00,0,16,Night Trend / Day Cash,trend,cash,100.0,39.2787133630215,-0.607212866369785,0.026460408593053875,-0.43602464229976867,-0.9567067460063475,-0.19516125262159323,-0.5934968272537808,-0.6636763656740718,-0.4573422902082225,-0.2994153841349183,-0.8103614200839291,-0.500338633297916,-0.23496238382433776,-0.3598026564698418,-0.2456892094290759,0.4597426387024565,7302,7302.0,3652,7304,12,data_hourly_crypto/BTCUSD_1h_2016_2025.csv
BTC,UTC,5,5-5-5,05:00-17:00,17:00-05:00,0,17,Night Trend / Day Long,trend,long,100.0,915.8137660751511,8.15813766075151,0.6630208892480319,-0.5179865502132469,-0.9063807246836302,-0.35984429536407403,-0.6695204282814349,-0.7654735445421188,-0.6217847097692131,-0.4310073408550895,-0.7492006409173384,-0.5949621052398992,-0.27293912156358935,-0.344575622222286,-0.3705576933774256,0.6829634391514656,3417,6833.0,3652,7304,7,data_hourly_crypto/BTCUSD_1h_2016_2025.csv
BTC,UTC,5,5-5-5,05:00-17:00,17:00-05:00,0,18,Night Trend / Day Short,trend,short,100.0,0.17705960055640244,-0.9982294039944359,-0.6712661602004844,-0.5814500643357386,-0.9993596524961916,-0.28515048202157034,-0.8878858752650763,-0.7243951309206557,-0.4869509768756358,-0.789907596412647,-0.9183261282670635,-0.5801369237538752,-0.24417148238815667,-0.5973218251612231,-0.3002542222914836,0.6383296165066509,3887,7773.0,3652,7304,19,data_hourly_crypto/BTCUSD_1h_2016_2025.csv
BTC,UTC,5,5-5-5,05:00-17:00,17:00-05:00,0,19,Night Trend / Day Trend,trend,trend,100.0,0.058044951150997136,-0.9994195504884901,-0.7919180276341515,-0.6519994205441562,-0.999794613487114,-0.4200311948664952,-0.5175541111058812,-0.8901596303631345,-0.6830567033837698,-0.7041326953500127,-0.8904409511514764,-0.6951838213736955,-0.45596241228724654,-0.6902345150421829,-0.5732381705176666,0.6621718572378946,3689,7377.0,3652,7304,22,data_hourly_crypto/BTCUSD_1h_2016_2025.csv
BTC,UTC,5,5-5-5,05:00-17:00,17:00-05:00,0,20,Night Trend / Day Reversal,trend,reversal,100.0,2793.5870720611765,26.935870720611764,0.8320386208641414,-0.45645505123967905,-0.8870374315728737,-0.345169781004125,-0.846638313772645,-0.4739479061043289,-0.4336432278176918,-0.3661998446870912,-0.8164415231444003,-0.5020245140174201,-0.2150455676913562,-0.2724270506772508,-0.2930127834804811,0.6594835546266122,3614,7227.0,3652,7304,4,data_hourly_crypto/BTCUSD_1h_2016_2025.csv
BTC,UTC,5,5-5-5,05:00-17:00,17:00-05:00,0,21,Night Reversal / Day Cash,reversal,cash,100.0,30.547692363613226,-0.6945230763638677,-0.026460408593052452,-0.4541069291549785,-0.7969893655942757,-0.48123384506670375,-0.6681620129374537,-0.29292523058914344,-0.5600981248078536,-0.4154229594586639,-0.40628254539519315,-0.5307096617352021,-0.5836001554051822,-0.325058697841872,-0.27757605831251775,0.4597426387024565,7302,7302.0,3652,7304,14,data_hourly_crypto/BTCUSD_1h_2016_2025.csv
BTC,UTC,5,5-5-5,05:00-17:00,17:00-05:00,0,22,Night Reversal / Day Long,reversal,long,100.0,712.2432175887848,6.122432175887848,0.6268909149529773,-0.4862696311641807,-0.8207386304537181,-0.5339895788523423,-0.49495047880183585,-0.46416840177842744,-0.45016434356402724,-0.49588568191580873,-0.41674164794591195,-0.6478026775997154,-0.5125869164703881,-0.3680372774696552,-0.4783693072436943,0.640715375242085,3887,7773.0,3652,7304,9,data_hourly_crypto/BTCUSD_1h_2016_2025.csv
BTC,UTC,5,5-5-5,05:00-17:00,17:00-05:00,0,23,Night Reversal / Day Short,reversal,short,100.0,0.13770212272057958,-0.9986229787727942,-0.6289211917052432,-0.634632740088118,-0.999074218932295,-0.4909342345631944,-0.9610174388115941,-0.47570614007632017,-0.7534854505092399,-0.8579094851173117,-0.5695667210067923,-0.5524881380507076,-0.6746611597601683,-0.6382323508385848,-0.3723262821472668,0.6773322469709843,3417,6833.0,3652,7304,21,data_hourly_crypto/BTCUSD_1h_2016_2025.csv
BTC,UTC,5,5-5-5,05:00-17:00,17:00-05:00,0,24,Night Reversal / Day Trend,reversal,trend,100.0,0.04514249982258678,-0.9995485750017742,-0.8433974135407843,-0.6778040712799351,-0.9996222210028557,-0.614708164948203,-0.721912764528212,-0.608014447576765,-0.8001004882278129,-0.7963255406192826,-0.4453723917300443,-0.8295420031687963,-0.7242729998769313,-0.6579444402015536,-0.5798474719217498,0.6548585278712747,3614,7227.0,3652,7304,23,data_hourly_crypto/BTCUSD_1h_2016_2025.csv
BTC,UTC,5,5-5-5,05:00-17:00,17:00-05:00,0,25,Night Reversal / Day Reversal,reversal,reversal,100.0,2172.617969422422,20.72617969422422,0.7961393041193349,-0.47259082846275524,-0.8840139491227571,-0.5024930609504392,-0.8496308706989483,-0.38468141272341416,-0.514450854731318,-0.4335214105410956,-0.5501794091380345,-0.4121626219783684,-0.531720120046064,-0.2875536648339997,-0.259514858985871,0.6631704147433837,3689,7377.0,3652,7304,6,data_hourly_crypto/BTCUSD_1h_2016_2025.csv
BTC,UTC,5,5-5-5,05:00-17:00,17:00-05:00,1,1,Night Cash / Day Cash,cash,cash,100.0,100.0,0.0,0.0,0.0,0.0,0.0,0.0,0.0,0.0,0.0,0.0,0.0,0.0,0.0,0.0,0.0,0,0.0,3652,7304,10,data_hourly_crypto/BTCUSD_1h_2016_2025.csv
BTC,UTC,5,5-5-5,05:00-17:00,17:00-05:00,1,2,Night Cash / Day Long,cash,long,100.0,1123.2302590950248,10.232302590950248,0.7483332330232747,-0.33013760689418475,-0.6044463415732724,-0.30208192265665124,-0.3343565268806459,-0.39828509015864866,-0.351975265665344,-0.38310085522484405,-0.35173433509056806,-0.41267960709096707,-0.15755440588305203,-0.20838469365843604,-0.40122336663269065,0.47327450328978893,7303,7303.0,3652,7304,5,data_hourly_crypto/BTCUSD_1h_2016_2025.csv
BTC,UTC,5,5-5-5,05:00-17:00,17:00-05:00,1,3,Night Cash / Day Short,cash,short,100.0,0.2171606372118127,-0.9978283936278819,-1.056764530159737,-0.4949777456465421,-0.9984532640050341,-0.2562757940917212,-0.9045194678123273,-0.4393701235020404,-0.4644076209834901,-0.804232982306487,-0.658634041782316,-0.3732471945883994,-0.29640057299566225,-0.5704282774094707,-0.18226138099350742,0.47327454492679044,7303,7303.0,3652,7304,18,data_hourly_crypto/BTCUSD_1h_2016_2025.csv
BTC,UTC,5,5-5-5,05:00-17:00,17:00-05:00,1,4,Night Cash / Day Trend,cash,trend,100.0,0.07120540164542694,-0.9992879459835458,-1.2922865745365786,-0.5982710426301964,-0.9993840687202826,-0.45141899206830804,-0.4120277638497445,-0.758842791589216,-0.6934159999294809,-0.7220698394353762,-0.5494304989726133,-0.7201335707761919,-0.5135732821150432,-0.596601433070879,-0.5651962544951092,0.47296377507697646,7301,7301.0,3652,7304,20,data_hourly_crypto/BTCUSD_1h_2016_2025.csv
BTC,UTC,5,5-5-5,05:00-17:00,17:00-05:00,1,5,Night Cash / Day Reversal,cash,reversal,100.0,3426.9731570645754,33.26973157064575,0.9837363869065617,-0.3045322679889688,-0.689666843301313,-0.23514247051655668,-0.6876182883409394,-0.25898353468233115,-0.23150397084958063,-0.29849000796860525,-0.39628917169072553,-0.26352629369402414,-0.303423972158511,-0.16828370910510748,-0.20206126088330678,0.4729641051305415,7301,7301.0,3652,7304,3,data_hourly_crypto/BTCUSD_1h_2016_2025.csv
BTC,UTC,5,5-5-5,05:00-17:00,17:00-05:00,1,6,Night Long / Day Cash,long,cash,100.0,418.3773579599303,3.183773579599303,0.5424708836461783,-0.3840661837365443,-0.8265863779596141,-0.20446549455705654,-0.3756400723562826,-0.7303985267987257,-0.4363975595089865,-0.3185989963988285,-0.4794004521301405,-0.6936496834913264,-0.13924221172892304,-0.20549199463816714,-0.2573768457570056,0.4593421215690193,7304,7304.0,3652,7304,8,data_hourly_crypto/BTCUSD_1h_2016_2025.csv
BTC,UTC,5,5-5-5,05:00-17:00,17:00-05:00,1,7,Night Long / Day Long,long,long,100.0,20248.796068883345,201.48796068883345,1.1314733694384744,-0.45150209114678025,-0.8328572100534679,-0.2918258511206996,-0.3670419207994269,-0.810842574645693,-0.5057371856707513,-0.5332801713992004,-0.5383367389243134,-0.6695486935071993,-0.2016834292130123,-0.26737123219637493,-0.32935311399113143,0.6654108390661134,1,1.0,3652,7304,2,data_hourly_crypto/BTCUSD_1h_2016_2025.csv
BTC,UTC,5,5-5-5,05:00-17:00,17:00-05:00,1,8,Night Long / Day Short,long,short,100.0,0.9084845741719586,-0.9909151542582804,-0.3902141197865369,-0.5799435714518882,-0.9977616600966255,-0.2707785648876725,-0.744316951309762,-0.7938175951686518,-0.5381058373651982,-0.791833412454576,-0.7632459572571453,-0.7655221326650761,-0.30266814062261604,-0.48714235099665504,-0.3420047717915291,0.651836078967381,7304,14607.0,3652,7304,15,data_hourly_crypto/BTCUSD_1h_2016_2025.csv
BTC,UTC,5,5-5-5,05:00-17:00,17:00-05:00,1,9,Night Long / Day Trend,long,trend,100.0,0.6315546110051583,-0.9936844538899484,-0.4262536436275462,-0.6228140339293466,-0.9992199802918307,-0.33337495087614377,-0.42882650783228937,-0.9205944706205463,-0.670495852829037,-0.7404760032026991,-0.7309761216508857,-0.8850505522303312,-0.40449081849357005,-0.6274441926614878,-0.48641086889647545,0.6637948033087928,3547,7091.0,3652,7304,17,data_hourly_crypto/BTCUSD_1h_2016_2025.csv
BTC,UTC,5,5-5-5,05:00-17:00,17:00-05:00,1,10,Night Long / Day Reversal,long,reversal,100.0,29127.678824219227,290.27678824219225,1.1962424484598992,-0.4049335780728356,-0.6321051395075471,-0.24503403131963009,-0.4455198854878831,-0.5525692663805514,-0.4696424553842492,-0.4939798334954919,-0.47211310813173957,-0.534228682242986,-0.2952348926997942,-0.24373867659871007,-0.2972749489873203,0.653196702403457,3760,7517.0,3652,7304,1,data_hourly_crypto/BTCUSD_1h_2016_2025.csv
BTC,UTC,5,5-5-5,05:00-17:00,17:00-05:00,1,11,Night Short / Day Cash,short,cash,100.0,0.6654513849500052,-0.9933454861505,-0.8603008694992131,-0.5185770397171612,-0.9944954582874274,-0.6858746619703296,-0.835473533080967,-0.3004034142626565,-0.7068876918583724,-0.4771933261969433,-0.5163009829123826,-0.15669260834700505,-0.6265040298486022,-0.46010821949674496,-0.4203319291976084,0.45934212156901943,7304,7304.0,3652,7304,16,data_hourly_crypto/BTCUSD_1h_2016_2025.csv
BTC,UTC,5,5-5-5,05:00-17:00,17:00-05:00,1,12,Night Short / Day Long,short,long,100.0,7.4740053595902465,-0.9252599464040976,-0.06751953273491204,-0.5319451462777998,-0.9417644444294433,-0.7256387648772987,-0.5254457340555896,-0.39632860405877735,-0.7093092219330581,-0.4714433471386482,-0.597445423505599,-0.3469895972621012,-0.6016119218204687,-0.32590375864074617,-0.619335089485711,0.6582249370843474,7304,14607.0,3652,7304,14,data_hourly_crypto/BTCUSD_1h_2016_2025.csv
BTC,UTC,5,5-5-5,05:00-17:00,17:00-05:00,1,13,Night Short / Day Short,short,short,100.0,0.006226724910239341,-0.9999377327508976,-1.124149914579675,-0.6797919976421003,-0.9999607400476169,-0.687662734579606,-0.9783448768861454,-0.5213995350172819,-0.7939912693563955,-0.8763574042543963,-0.7808718240152045,-0.3400507222146798,-0.6883684610163698,-0.7084045185427701,-0.4224686305381531,0.6636695128667599,1,1.0,3652,7304,24,data_hourly_crypto/BTCUSD_1h_2016_2025.csv
BTC,UTC,5,5-5-5,05:00-17:00,17:00-05:00,1,14,Night Short / Day Trend,short,trend,100.0,0.000962623091213185,-0.9999903737690878,-1.4392319634333008,-0.7286151069463638,-0.9999926505999995,-0.7778606734419844,-0.8087832264681633,-0.5699645387198375,-0.8777187457564222,-0.8059796546424018,-0.649669941442858,-0.5949373336761593,-0.7597533378286364,-0.7594011305805985,-0.6820824869065767,0.6527066043214885,3760,7517.0,3652,7304,25,data_hourly_crypto/BTCUSD_1h_2016_2025.csv
BTC,UTC,5,5-5-5,05:00-17:00,17:00-05:00,1,15,Night Short / Day Reversal,short,reversal,100.0,48.34558644425625,-0.5165441355574375,0.2228433810094565,-0.5064347715412384,-0.9710136852945171,-0.6296159512482007,-0.9375730056092637,-0.3768059346562763,-0.6039422334069215,-0.4638316712067584,-0.6821689030174161,-0.22565883062123204,-0.5245717735427942,-0.34131697808152595,-0.2788624340219954,0.6685104071420415,3547,7091.0,3652,7304,11,data_hourly_crypto/BTCUSD_1h_2016_2025.csv
BTC,UTC,5,5-5-5,05:00-17:00,17:00-05:00,1,16,Night Trend / Day Cash,trend,cash,100.0,18.9242887298885,-0.8107571127011151,-0.13230441521513495,-0.4483048064661118,-0.9695258351736128,-0.19652838445853904,-0.6040490187368592,-0.6852525476896966,-0.47181298504136127,-0.3050674802393709,-0.8180707319312078,-0.5116514184554863,-0.2475832629440563,-0.3828731199947212,-0.26015911516981993,0.45965069767103894,7302,7302.0,3652,7304,12,data_hourly_crypto/BTCUSD_1h_2016_2025.csv
BTC,UTC,5,5-5-5,05:00-17:00,17:00-05:00,1,17,Night Trend / Day Long,trend,long,100.0,462.4066495398,3.624066495398,0.5630440393793221,-0.5284291812803344,-0.912570788523719,-0.3631729474997958,-0.6703786448273985,-0.7801903560324641,-0.6336971742957191,-0.4339587175995231,-0.7561856502982347,-0.6070911741612679,-0.28644601418756066,-0.3508353107711517,-0.4023358231302292,0.6830107237072925,3417,6833.0,3652,7304,7,data_hourly_crypto/BTCUSD_1h_2016_2025.csv
BTC,UTC,5,5-5-5,05:00-17:00,17:00-05:00,1,18,Night Trend / Day Short,trend,short,100.0,0.08137830115030414,-0.999186216988497,-0.7930008987882659,-0.5940189803215482,-0.9996126111118516,-0.3051686072320243,-0.8967958523919781,-0.7408616613003258,-0.4989928549456317,-0.8035632041157832,-0.9222787130926022,-0.5882869241386335,-0.2540838445580955,-0.623495142674471,-0.3066629987659367,0.6381953035269928,3887,7773.0,3652,7304,19,data_hourly_crypto/BTCUSD_1h_2016_2025.csv
BTC,UTC,5,5-5-5,05:00-17:00,17:00-05:00,1,19,Night Trend / Day Trend,trend,trend,100.0,0.02775577579750503,-0.999722442242025,-0.9030166344726487,-0.664424086582528,-0.9998841883082988,-0.4369483540314425,-0.5196724211550925,-0.8976067179218313,-0.6948147093897006,-0.7148237591142738,-0.8952832441130452,-0.7106885813327077,-0.4716201599292299,-0.7078084237249056,-0.5949744951130517,0.6621563058733714,3689,7377.0,3652,7304,22,data_hourly_crypto/BTCUSD_1h_2016_2025.csv
BTC,UTC,5,5-5-5,05:00-17:00,17:00-05:00,1,20,Night Trend / Day Reversal,trend,reversal,100.0,1356.0203331002401,12.560203331002402,0.7225114604112155,-0.4623314149049544,-0.8935668792201972,-0.34647826337613963,-0.8507837861869932,-0.48302293830662035,-0.4444146187375716,-0.3693612515108974,-0.8251849756756382,-0.5084569372491882,-0.21692738743009388,-0.2779361947573993,-0.300747795819002,0.659255062701484,3614,7227.0,3652,7304,4,data_hourly_crypto/BTCUSD_1h_2016_2025.csv
BTC,UTC,5,5-5-5,05:00-17:00,17:00-05:00,1,21,Night Reversal / Day Cash,reversal,cash,100.0,14.717726239604112,-0.8528227376039589,-0.18522523089934215,-0.47406905964093105,-0.8720321729681322,-0.5072303908537625,-0.6894504270654407,-0.29469079791373964,-0.5746765212001329,-0.4431053837698652,-0.41972484543246547,-0.5476212371125933,-0.6114031199186247,-0.33784997119709026,-0.3149379019455949,0.45965070056987056,7302,7302.0,3652,7304,13,data_hourly_crypto/BTCUSD_1h_2016_2025.csv
BTC,UTC,5,5-5-5,05:00-17:00,17:00-05:00,1,22,Night Reversal / Day Long,reversal,long,100.0,327.35385639107045,2.2735385639107046,0.5056145868127776,-0.5042893236383585,-0.8413335549888766,-0.5615791326029119,-0.4999763055932849,-0.46502513244418453,-0.4756287126926013,-0.503292369816698,-0.42691819628984473,-0.6633691016720902,-0.5475505665310654,-0.3870843351977544,-0.5124693835431505,0.6406192440993997,3887,7773.0,3652,7304,9,data_hourly_crypto/BTCUSD_1h_2016_2025.csv
BTC,UTC,5,5-5-5,05:00-17:00,17:00-05:00,1,23,Night Reversal / Day Short,reversal,short,100.0,0.06952764804423955,-0.9993047235195576,-0.7301037627488404,-0.648449130573591,-0.9995224964617216,-0.5184684985630694,-0.963184878306711,-0.48454134048821673,-0.760004940986388,-0.8647588687420527,-0.5771613996820183,-0.5713702033385255,-0.6937318015011993,-0.6603907025332915,-0.39087867159443757,0.6770410140463616,3417,6833.0,3652,7304,21,data_hourly_crypto/BTCUSD_1h_2016_2025.csv
BTC,UTC,5,5-5-5,05:00-17:00,17:00-05:00,1,24,Night Reversal / Day Trend,reversal,trend,100.0,0.021912382205161077,-0.9997808761779484,-0.9534903064307026,-0.693296500409926,-0.9998127510206517,-0.6327975037399924,-0.7327643427376844,-0.6342982750009947,-0.8130561885358468,-0.8064416320906588,-0.45297443817750926,-0.8380506239634111,-0.7426584102670987,-0.6790238508773103,-0.6008997387087538,0.6548184308577185,3614,7227.0,3652,7304,23,data_hourly_crypto/BTCUSD_1h_2016_2025.csv
BTC,UTC,5,5-5-5,05:00-17:00,17:00-05:00,1,25,Night Reversal / Day Reversal,reversal,reversal,100.0,1038.8965113614906,9.388965113614907,0.6849327810727479,-0.4812640501484598,-0.8960553057790515,-0.5242916179475228,-0.8585866739973654,-0.38517351993646376,-0.5226362358765235,-0.4340876625844329,-0.5604269932008785,-0.41882657777983834,-0.5384156960394431,-0.29167430424866325,-0.278521219873467,0.6629488213788817,3689,7377.0,3652,7304,6,data_hourly_crypto/BTCUSD_1h_2016_2025.csv
BTC,UTC,5,5-5-5,05:00-17:00,17:00-05:00,2,1,Night Cash / Day Cash,cash,cash,100.0,100.0,0.0,0.0,0.0,0.0,0.0,0.0,0.0,0.0,0.0,0.0,0.0,0.0,0.0,0.0,0.0,0,0.0,3652,7304,10,data_hourly_crypto/BTCUSD_1h_2016_2025.csv
BTC,UTC,5,5-5-5,05:00-17:00,17:00-05:00,2,2,Night Cash / Day Long,cash,long,100.0,541.073111404032,4.4107311140403205,0.5940712856446078,-0.3492454285227139,-0.6644530887426717,-0.31240534997826797,-0.33615160907026076,-0.43835306393239615,-0.3713187822594294,-0.38746597939431426,-0.36230312262828257,-0.43630945355821527,-0.18612734716050672,-0.22417544875471207,-0.4378441284907536,0.4731798260020701,7303,7303.0,3652,7304,5,data_hourly_crypto/BTCUSD_1h_2016_2025.csv
BTC,UTC,5,5-5-5,05:00-17:00,17:00-05:00,2,3,Night Cash / Day Short,cash,short,100.0,0.10460881079303092,-0.9989539118920697,-1.2110264325554412,-0.5175069227818418,-0.9992180813881046,-0.2790530116554375,-0.9108061439653046,-0.45970675106946923,-0.50067216289855,-0.8151736675618965,-0.6789342609697941,-0.3846141510595076,-0.336253398677129,-0.5984714690313238,-0.21138421093000614,0.4731799092661845,7303,7303.0,3652,7304,18,data_hourly_crypto/BTCUSD_1h_2016_2025.csv
BTC,UTC,5,5-5-5,05:00-17:00,17:00-05:00,2,4,Night Cash / Day Trend,cash,trend,100.0,0.03430733395713992,-0.9996569266604286,-1.4466083277603445,-0.6185610656963838,-0.9996973645920719,-0.4803129297295742,-0.4283222184448465,-0.7758225140334563,-0.7142317312091232,-0.7322471736320217,-0.5651474471640722,-0.7357213987339037,-0.5401143633033116,-0.6249294463524862,-0.5887614343610434,0.4728690311477403,7301,7301.0,3652,7304,21,data_hourly_crypto/BTCUSD_1h_2016_2025.csv
BTC,UTC,5,5-5-5,05:00-17:00,17:00-05:00,2,5,Night Cash / Day Reversal,cash,reversal,100.0,1651.1431695451638,15.511431695451638,0.8294153842431014,-0.3161578919775144,-0.7224698261624931,-0.256586262088891,-0.709002336429164,-0.2614252242693681,-0.2448376414678095,-0.31162599110407296,-0.4101950867745825,-0.2666868047411294,-0.30862952796607224,-0.1709025265785984,-0.22168751835545675,0.47286969127969497,7301,7301.0,3652,7304,3,data_hourly_crypto/BTCUSD_1h_2016_2025.csv
BTC,UTC,5,5-5-5,05:00-17:00,17:00-05:00,2,6,Night Long / Day Cash,long,cash,100.0,201.51709539673018,1.015170953967302,0.3835082043003405,-0.39678231223673543,-0.8785714327004118,-0.20993660627064226,-0.37869240952067085,-0.7482504946322787,-0.45152594286191416,-0.3270647575602975,-0.4910866743011181,-0.7129893018611804,-0.1500398191334923,-0.23427926615562578,-0.2639578500701345,0.4592502485512844,7304,7304.0,3652,7304,8,data_hourly_crypto/BTCUSD_1h_2016_2025.csv
BTC,UTC,5,5-5-5,05:00-17:00,17:00-05:00,2,7,Night Long / Day Long,long,long,100.0,20246.770986768253,201.46770986768254,1.131458317667678,-0.45150209114678025,-0.8328572100534676,-0.29182585112069936,-0.3670419207994269,-0.810842574645693,-0.5057371856707513,-0.5332801713992004,-0.5383367389243134,-0.6695486935071993,-0.2016834292130123,-0.26737123219637493,-0.32935311399113143,0.665410836862915,1,1.0,3652,7304,1,data_hourly_crypto/BTCUSD_1h_2016_2025.csv
BTC,UTC,5,5-5-5,05:00-17:00,17:00-05:00,2,8,Night Long / Day Short,long,short,100.0,0.21074304114861503,-0.9978925695885138,-0.6142934556236522,-0.6076139319479446,-0.999309968860909,-0.28091955469601027,-0.7740979643323866,-0.8214768965560301,-0.560990727425887,-0.814750480584361,-0.7772158061657337,-0.7941964508474589,-0.35125498134937394,-0.5471024870216568,-0.35413397050054707,0.6515753558849445,7304,14607.0,3652,7304,17,data_hourly_crypto/BTCUSD_1h_2016_2025.csv
BTC,UTC,5,5-5-5,05:00-17:00,17:00-05:00,2,9,Night Long / Day Trend,long,trend,100.0,0.310713624091113,-0.9968928637590889,-0.5327570799399489,-0.6353861108476717,-0.9995573472382547,-0.3508785974646642,-0.43053797327198684,-0.9259495173303431,-0.6827222425849988,-0.7495051032071862,-0.7374627910200675,-0.8926739002790197,-0.42425332990672826,-0.6429863340642286,-0.5168913193474935,0.663831793990003,3547,7091.0,3652,7304,16,data_hourly_crypto/BTCUSD_1h_2016_2025.csv
BTC,UTC,5,5-5-5,05:00-17:00,17:00-05:00,2,10,Night Long / Day Reversal,long,reversal,100.0,13732.473400979457,136.32473400979458,1.0811757537698723,-0.4139527932777042,-0.6737182796750594,-0.2456379436731343,-0.4527930961580676,-0.5696882108918566,-0.4771225422245303,-0.49600047638034495,-0.4868985837332779,-0.5561528196659422,-0.3009920571051552,-0.25276226971350446,-0.30147993323122757,0.6530546369859445,3760,7517.0,3652,7304,2,data_hourly_crypto/BTCUSD_1h_2016_2025.csv
BTC,UTC,5,5-5-5,05:00-17:00,17:00-05:00,2,11,Night Short / Day Cash,short,cash,100.0,0.3205236317680959,-0.996794763682319,-1.019263548845053,-0.5390320282770761,-0.997304726392633,-0.705499000946656,-0.8442638523434887,-0.30424120754898176,-0.7197031742117679,-0.5139551952636756,-0.5305516123916612,-0.17452765073254195,-0.6522230535590579,-0.4955551455857975,-0.4498003901871329,0.4592502485512844,7304,7304.0,3652,7304,15,data_hourly_crypto/BTCUSD_1h_2016_2025.csv
BTC,UTC,5,5-5-5,05:00-17:00,17:00-05:00,2,12,Night Short / Day Long,short,long,100.0,1.733760444393621,-0.9826623955560638,-0.2894240208369192,-0.5661831342020258,-0.9862604791313451,-0.758370030914439,-0.5672260536781364,-0.4061509978562985,-0.7342294890810528,-0.48614479033811564,-0.6276600525686561,-0.36806710053785097,-0.6551935422688202,-0.39250637438610203,-0.6662829103907862,0.6579615886854324,7304,14607.0,3652,7304,14,data_hourly_crypto/BTCUSD_1h_2016_2025.csv
BTC,UTC,5,5-5-5,05:00-17:00,17:00-05:00,2,13,Night Short / Day Short,short,short,100.0,0.006226102175474859,-0.9999377389782452,-1.1241649267336993,-0.6797919976421003,-0.9999607400476169,-0.6876627345796059,-0.9783448768861454,-0.5213995350172819,-0.7939912693563955,-0.8763574042543963,-0.7808718240152045,-0.3400507222146798,-0.6883684610163698,-0.7084045185427701,-0.4224686305381531,0.6636695198425264,1,1.0,3652,7304,24,data_hourly_crypto/BTCUSD_1h_2016_2025.csv
BTC,UTC,5,5-5-5,05:00-17:00,17:00-05:00,2,14,Night Short / Day Trend,short,trend,100.0,0.0004538362316829088,-0.9999954616376832,-1.5542036288797576,-0.7452890292807888,-0.9999964731736739,-0.7935862281892232,-0.8202100475441929,-0.5979214340915904,-0.8831243919813314,-0.8201109378524513,-0.6721173177343105,-0.6151604777680295,-0.7762689215574652,-0.7762544837727421,-0.6981360523165505,0.6526274806622658,3760,7517.0,3652,7304,25,data_hourly_crypto/BTCUSD_1h_2016_2025.csv
BTC,UTC,5,5-5-5,05:00-17:00,17:00-05:00,2,15,Night Short / Day Reversal,short,reversal,100.0,23.785167760864468,-0.7621483223913553,0.11667290368893181,-0.5202337967504641,-0.9741996287585254,-0.6498633273058032,-0.9410564292136919,-0.38152566777825414,-0.609840521624639,-0.4724467738105804,-0.6916883946358259,-0.22952202939296718,-0.5560129475321213,-0.34761195933739064,-0.32276991687336776,0.6682301696909705,3547,7091.0,3652,7304,11,data_hourly_crypto/BTCUSD_1h_2016_2025.csv
BTC,UTC,5,5-5-5,05:00-17:00,17:00-05:00,2,16,Night Trend / Day Cash,trend,cash,100.0,9.116962304459033,-0.9088303769554097,-0.2911168728667335,-0.4627091679284888,-0.9785499581463012,-0.2146604184519515,-0.6143283062265267,-0.7054465054236692,-0.4865533288464212,-0.3106745354775343,-0.8256394446014801,-0.5227091651434799,-0.26019413537674607,-0.41207471759734504,-0.27481112213973447,0.4595587745329836,7302,7302.0,3652,7304,12,data_hourly_crypto/BTCUSD_1h_2016_2025.csv
BTC,UTC,5,5-5-5,05:00-17:00,17:00-05:00,2,17,Night Trend / Day Long,trend,long,100.0,233.4434022225055,1.334434022225055,0.4630865765779935,-0.5397143176958203,-0.9183526855521295,-0.3672368414812227,-0.6712348037123697,-0.793986341279394,-0.6452367090750439,-0.4368953713549172,-0.7656079243601008,-0.6188593501197583,-0.30085932378110636,-0.3647110333716618,-0.43251547842262883,0.683079305313118,3417,6833.0,3652,7304,7,data_hourly_crypto/BTCUSD_1h_2016_2025.csv
BTC,UTC,5,5-5-5,05:00-17:00,17:00-05:00,2,18,Night Trend / Day Short,trend,short,100.0,0.03739643650525741,-0.9996260356349475,-0.9147299071858783,-0.6061213800244246,-0.9997984105695605,-0.3246299970926356,-0.9049993062211061,-0.756347370924893,-0.5113664313374848,-0.8163336927014203,-0.9260407476227237,-0.5962803073417448,-0.26422962601825617,-0.6479719773798516,-0.31301434360413016,0.6380837707061789,3887,7773.0,3652,7304,19,data_hourly_crypto/BTCUSD_1h_2016_2025.csv
BTC,UTC,5,5-5-5,05:00-17:00,17:00-05:00,2,19,Night Trend / Day Trend,trend,trend,100.0,0.013270222183736928,-0.9998672977781626,-1.0140946652838665,-0.6765472665932075,-0.9999351036247663,-0.4533752924715717,-0.5217818511877474,-0.9045502396725409,-0.7061387377602824,-0.7251305288057237,-0.8999124224744112,-0.7254075450852309,-0.4868302657589766,-0.7243885332355555,-0.6179572494800342,0.6621508400996107,3689,7377.0,3652,7304,22,data_hourly_crypto/BTCUSD_1h_2016_2025.csv
BTC,UTC,5,5-5-5,05:00-17:00,17:00-05:00,2,20,Night Trend / Day Reversal,trend,reversal,100.0,658.123498124113,5.5812349812411295,0.6129088044370794,-0.4691474110097079,-0.9048817130529554,-0.34778439212810863,-0.85481799953366,-0.5011117766233626,-0.45498324510420185,-0.372507516923242,-0.8335135763453827,-0.5161461160057768,-0.21880507088985002,-0.2834047135500246,-0.3083997029934701,0.6590368668104291,3614,7227.0,3652,7304,4,data_hourly_crypto/BTCUSD_1h_2016_2025.csv
BTC,UTC,5,5-5-5,05:00-17:00,17:00-05:00,2,21,Night Reversal / Day Cash,reversal,cash,100.0,7.090409433560163,-0.9290959056643984,-0.34403768404344287,-0.4954167323374449,-0.9372742575120883,-0.5331847242378502,-0.7093750520436943,-0.29645213253484115,-0.5887731740509665,-0.4804375779103701,-0.4328640986442819,-0.5651775142534451,-0.6373521904439523,-0.3601799185662248,-0.350370940688823,0.45955878033035674,7302,7302.0,3652,7304,13,data_hourly_crypto/BTCUSD_1h_2016_2025.csv
BTC,UTC,5,5-5-5,05:00-17:00,17:00-05:00,2,22,Night Reversal / Day Long,reversal,long,100.0,150.431595796886,0.5043159579688601,0.38431246012497916,-0.5224306785412028,-0.8773301229337926,-0.5909822690695559,-0.5049531100870772,-0.46588066428663677,-0.5065696316767895,-0.5105916843581846,-0.43691916956108945,-0.6782504304251407,-0.5802524325719095,-0.40556096304321865,-0.5443464303324259,0.6405459009256816,3887,7773.0,3652,7304,9,data_hourly_crypto/BTCUSD_1h_2016_2025.csv
BTC,UTC,5,5-5-5,05:00-17:00,17:00-05:00,2,23,Night Reversal / Day Short,reversal,short,100.0,0.03510064296032357,-0.9996489935703967,-0.8313268403716864,-0.6638940347582564,-0.9997537436890138,-0.5445185609042127,-0.9652322055653224,-0.5025741889385802,-0.7663532654606526,-0.8712793544255999,-0.5846235551714862,-0.602589037825835,-0.7116880487141559,-0.6811958814136689,-0.40888624916304905,0.6767712635125908,3417,6833.0,3652,7304,20,data_hourly_crypto/BTCUSD_1h_2016_2025.csv
BTC,UTC,5,5-5-5,05:00-17:00,17:00-05:00,2,24,Night Reversal / Day Trend,reversal,trend,100.0,0.01063483583326698,-0.9998936516416673,-1.063570031226281,-0.708726075429053,-0.9999072016772219,-0.6549481170766367,-0.744455197871936,-0.6588244290366658,-0.8251745597193962,-0.8177182548169846,-0.4604737762743918,-0.8461361026793335,-0.7598212017084065,-0.6988080609958653,-0.6209010541109135,0.6547885740400071,3614,7227.0,3652,7304,23,data_hourly_crypto/BTCUSD_1h_2016_2025.csv
BTC,UTC,5,5-5-5,05:00-17:00,17:00-05:00,2,25,Night Reversal / Day Reversal,reversal,reversal,100.0,496.7033756237317,3.967033756237317,0.573653443177032,-0.48981973896458586,-0.9068486042228988,-0.545139135645401,-0.867010714265511,-0.38566533191471875,-0.5306852242848037,-0.43465346171674435,-0.5705106888127978,-0.42541629893295074,-0.5450168479882953,-0.29705629318071247,-0.29704339290392423,0.6627374911184631,3689,7377.0,3652,7304,6,data_hourly_crypto/BTCUSD_1h_2016_2025.csv
BTC,UTC,6,6-6-6,06:00-18:00,18:00-06:00,0,1,Night Cash / Day Cash,cash,cash,100.0,100.0,0.0,0.0,0.0,0.0,0.0,0.0,0.0,0.0,0.0,0.0,0.0,0.0,0.0,0.0,0.0,0,0.0,3652,7304,11,data_hourly_crypto/BTCUSD_1h_2016_2025.csv
BTC,UTC,6,6-6-6,06:00-18:00,18:00-06:00,0,2,Night Cash / Day Long,cash,long,100.0,2596.608359346061,24.966083593460613,0.9082824131748186,-0.33117616040073905,-0.6354027647516254,-0.16407329987838415,-0.340780438098644,-0.5807182126573027,-0.23294203293977678,-0.39288228906446376,-0.40400320807939505,-0.5994486681444953,-0.14850878291730618,-0.17100996915559297,-0.2773947030720295,0.4932485092848142,7303,7303.0,3652,7304,6,data_hourly_crypto/BTCUSD_1h_2016_2025.csv
BTC,UTC,6,6-6-6,06:00-18:00,18:00-06:00,0,3,Night Cash / Day Short,cash,short,100.0,0.33343589511948757,-0.9966656410488052,-0.9082824131748192,-0.5177239036976631,-0.9976294497668832,-0.3838978080110379,-0.9122990361470537,-0.43442507761923865,-0.5434864873978023,-0.8014513025335236,-0.5884615317374453,-0.34787147348710934,-0.3393371822653981,-0.5934303486508344,-0.2325787891271881,0.4932485092848142,7303,7303.0,3652,7304,20,data_hourly_crypto/BTCUSD_1h_2016_2025.csv
BTC,UTC,6,6-6-6,06:00-18:00,18:00-06:00,0,4,Night Cash / Day Trend,cash,trend,100.0,0.32120817895898246,-0.9967879182104101,-0.914691910396118,-0.5165547268610078,-0.9976676934259728,-0.26893622438398834,-0.4487454667247299,-0.4550441867464172,-0.7918691846263444,-0.5539757726368457,-0.7660336859334875,-0.5404483246394053,-0.3735392553627789,-0.48127123629537627,-0.4856839312607051,0.4932406267745604,7301,7301.0,3652,7304,21,data_hourly_crypto/BTCUSD_1h_2016_2025.csv
BTC,UTC,6,6-6-6,06:00-18:00,18:00-06:00,0,5,Night Cash / Day Reversal,cash,reversal,100.0,2695.4558405053576,25.954558405053575,0.9146919103961173,-0.3100704491891426,-0.7034363903994201,-0.26227202064357247,-0.5492327463770944,-0.6218290462760103,-0.22920444476752033,-0.32188284465310113,-0.287519316731112,-0.29927120252023565,-0.1656995384529074,-0.19151520149348888,-0.17227812997638348,0.49324062677456043,7301,7301.0,3652,7304,5,data_hourly_crypto/BTCUSD_1h_2016_2025.csv
BTC,UTC,6,6-6-6,06:00-18:00,18:00-06:00,0,6,Night Long / Day Cash,long,cash,100.0,779.2231188304854,6.7922311883048545,0.6876931837882856,-0.3358472412246137,-0.595055153893834,-0.21469963299393968,-0.36670297224724846,-0.5592057042888134,-0.4900740075972764,-0.27571782876318696,-0.3584772929561618,-0.4574757573293914,-0.1429726649816031,-0.2611259455604169,-0.2320206055280989,0.4393641261684921,7304,7304.0,3652,7304,7,data_hourly_crypto/BTCUSD_1h_2016_2025.csv
BTC,UTC,6,6-6-6,06:00-18:00,18:00-06:00,0,7,Night Long / Day Long,long,long,100.0,20233.372641509435,201.33372641509436,1.1285216648555167,-0.4500567244844856,-0.8347631442226411,-0.29730645434524583,-0.3450044369763776,-0.8111535975554267,-0.5100000372593558,-0.5212118774254604,-0.5369838034280935,-0.6696432496431894,-0.20136439842742804,-0.27977484718698775,-0.3281245425972904,0.668969786160323,1,1.0,3652,7304,2,data_hourly_crypto/BTCUSD_1h_2016_2025.csv
BTC,UTC,6,6-6-6,06:00-18:00,18:00-06:00,0,8,Night Long / Day Short,long,short,100.0,2.5982095812504142,-0.9740179041874959,-0.23074856189214613,-0.5434573697079803,-0.9905734529620407,-0.28978273300204527,-0.7706902547482364,-0.6025993437267052,-0.6293347493936747,-0.7906937261664363,-0.6234439827505134,-0.5532340854843919,-0.2676489277456008,-0.5734502031482198,-0.3336956909139802,0.65288150030493,7304,14607.0,3652,7304,15,data_hourly_crypto/BTCUSD_1h_2016_2025.csv
BTC,UTC,6,6-6-6,06:00-18:00,18:00-06:00,0,9,Night Long / Day Trend,long,trend,100.0,2.502928390022787,-0.9749707160997722,-0.2217798294350937,-0.5562556276183399,-0.9964446789514205,-0.31200531950406507,-0.42307741736661364,-0.6413117986723476,-0.7492167853351948,-0.5851571026101796,-0.7568003352252591,-0.6895066110518371,-0.3983878546213192,-0.5370568173199897,-0.47003623447659304,0.6633164847437389,3447,6891.0,3652,7304,16,data_hourly_crypto/BTCUSD_1h_2016_2025.csv
BTC,UTC,6,6-6-6,06:00-18:00,18:00-06:00,0,10,Night Long / Day Reversal,long,reversal,100.0,21003.615067084243,209.03615067084243,1.1408482824617656,-0.40082348725563505,-0.7748209922857701,-0.3039122121538482,-0.4627862069879396,-0.7748209922857704,-0.44029662935444835,-0.46778091536815336,-0.35171872409735716,-0.5012967540549231,-0.20113399556407507,-0.2339278057955032,-0.2705606368943322,0.6586376628107622,3860,7717.0,3652,7304,1,data_hourly_crypto/BTCUSD_1h_2016_2025.csv
BTC,UTC,6,6-6-6,06:00-18:00,18:00-06:00,0,11,Night Short / Day Cash,short,cash,100.0,1.8476102563722203,-0.9815238974362778,-0.6876931837882861,-0.46059338294372826,-0.9853007060858942,-0.5134221595563433,-0.8012458207151348,-0.2577440013497141,-0.6616445800606507,-0.39576494073702717,-0.5418302646677251,-0.24384861852327555,-0.5288554734403874,-0.32442041082820616,-0.33715755955881843,0.4393641261684921,7304,7304.0,3652,7304,17,data_hourly_crypto/BTCUSD_1h_2016_2025.csv
BTC,UTC,6,6-6-6,06:00-18:00,18:00-06:00,0,12,Night Short / Day Long,short,long,100.0,47.97520236509587,-0.5202479763490413,0.21531819677386133,-0.4904085873916313,-0.7860274705834238,-0.3940319727990794,-0.5608192756808572,-0.5902071645562059,-0.6179928613777685,-0.43994165009584274,-0.6098437337488974,-0.6251962067474373,-0.38196160401835055,-0.2345655506495189,-0.4495258542423557,0.6551745180583108,7304,14607.0,3652,7304,13,data_hourly_crypto/BTCUSD_1h_2016_2025.csv
BTC,UTC,6,6-6-6,06:00-18:00,18:00-06:00,0,13,Night Short / Day Short,short,short,100.0,0.006160595796654169,-0.9999383940420334,-1.119426264554768,-0.6750765497645851,-0.9999610513115417,-0.6801942950515394,-0.9795632840730473,-0.4914849699015964,-0.7980122521472306,-0.8728502897555281,-0.7765704129235496,-0.3335272620079728,-0.6853894511109364,-0.7090085765220417,-0.42416470415240815,0.6658468261250713,1,1.0,3652,7304,24,data_hourly_crypto/BTCUSD_1h_2016_2025.csv
BTC,UTC,6,6-6-6,06:00-18:00,18:00-06:00,0,14,Night Short / Day Trend,short,trend,100.0,0.005934675258752599,-0.9999406532474124,-1.1513543041422245,-0.6719171130707193,-0.9999532552343603,-0.5271952089897014,-0.8458456895304443,-0.4194715380238595,-0.889104385684533,-0.6772820731981641,-0.8748296896045145,-0.5830243624818818,-0.6894590951173584,-0.5903184691912229,-0.622640618885514,0.6559372756186438,3860,7717.0,3652,7304,25,data_hourly_crypto/BTCUSD_1h_2016_2025.csv
BTC,UTC,6,6-6-6,06:00-18:00,18:00-06:00,0,15,Night Short / Day Reversal,short,reversal,100.0,49.80151856516106,-0.5019848143483894,0.22692838437199706,-0.4876605457103297,-0.9614366132236278,-0.5934491984478523,-0.8969973372926798,-0.6128869669597944,-0.46472410562549715,-0.4349188942583945,-0.5598161581836922,-0.3559120938250574,-0.42653596481726475,-0.29258355354284005,-0.23878118415022342,0.6650590511811545,3447,6891.0,3652,7304,12,data_hourly_crypto/BTCUSD_1h_2016_2025.csv
BTC,UTC,6,6-6-6,06:00-18:00,18:00-06:00,0,16,Night Trend / Day Cash,trend,cash,100.0,8.225048206856734,-0.9177495179314327,-0.34857085528880033,-0.44778408316446505,-0.9761977154178485,-0.28187991089507114,-0.3493213135184554,-0.8388452174554265,-0.4363041478034626,-0.3981796120475398,-0.7716262150551934,-0.4497524130138335,-0.23675325654001245,-0.4426415202278333,-0.27253722508782174,0.4395741858661864,7302,7302.0,3652,7304,14,data_hourly_crypto/BTCUSD_1h_2016_2025.csv
BTC,UTC,6,6-6-6,06:00-18:00,18:00-06:00,0,17,Night Trend / Day Long,trend,long,100.0,213.572289299486,1.1357228929948597,0.4491213342714251,-0.5036329131427741,-0.9501059864601201,-0.23421696039614992,-0.48863511465031706,-0.9295461797444525,-0.5451655938557234,-0.4767359121179233,-0.7516825221367285,-0.634755624887867,-0.2400381411852951,-0.35129333875726365,-0.38425974369601956,0.6771344554303989,3451,6901.0,3652,7304,9,data_hourly_crypto/BTCUSD_1h_2016_2025.csv
BTC,UTC,6,6-6-6,06:00-18:00,18:00-06:00,0,18,Night Trend / Day Short,trend,short,100.0,0.02742526311254214,-0.9997257473688745,-0.9457081794681482,-0.6324936937453645,-0.999817725631888,-0.39838197145699183,-0.8496889149156882,-0.8323619170537906,-0.47368341653789314,-0.8558577879783736,-0.883591652551802,-0.5919773504445256,-0.3774263130175145,-0.7220904555167293,-0.3398771579803359,0.6456125084039503,3853,7705.0,3652,7304,22,data_hourly_crypto/BTCUSD_1h_2016_2025.csv
BTC,UTC,6,6-6-6,06:00-18:00,18:00-06:00,0,19,Night Trend / Day Trend,trend,trend,100.0,0.026419527563743002,-0.9997358047243625,-0.9054189897701842,-0.6345099701363166,-0.9999269282818319,-0.428157098855945,-0.5219598827036026,-0.860025755091409,-0.702022667000336,-0.6520612330976489,-0.9410654079412233,-0.5529936887322663,-0.46821117165849147,-0.6508158999330098,-0.5677868963492348,0.664422735451636,3719,7437.0,3652,7304,23,data_hourly_crypto/BTCUSD_1h_2016_2025.csv
BTC,UTC,6,6-6-6,06:00-18:00,18:00-06:00,0,20,Night Trend / Day Reversal,trend,reversal,100.0,221.70254227610008,1.217025422761001,0.44804307949133293,-0.4599839342089818,-0.9266458596040461,-0.29782699962080195,-0.5111227023035059,-0.901591294595278,-0.4292156245360538,-0.4714376653523368,-0.5759257200253268,-0.5525269889391633,-0.23199929376935158,-0.3246839689374712,-0.30350908401052934,0.6587211711595313,3584,7167.0,3652,7304,8,data_hourly_crypto/BTCUSD_1h_2016_2025.csv
BTC,UTC,6,6-6-6,06:00-18:00,18:00-06:00,0,21,Night Reversal / Day Cash,reversal,cash,100.0,175.04069776158556,0.7504069776158557,0.3485708552887998,-0.3867306278683079,-0.8420352921338281,-0.517234876846782,-0.6968116475774495,-0.20673309703542686,-0.5224067229013738,-0.341155838710421,-0.3815744222234262,-0.4700398723190763,-0.2764678274076482,-0.25493653534617955,-0.19994543831529543,0.4395741858661864,7302,7302.0,3652,7304,10,data_hourly_crypto/BTCUSD_1h_2016_2025.csv
BTC,UTC,6,6-6-6,06:00-18:00,18:00-06:00,0,22,Night Reversal / Day Long,reversal,long,100.0,4545.121390335009,44.45121390335009,0.9147817124522294,-0.4285665117286809,-0.7617908909287088,-0.5061062584961922,-0.4761894585150859,-0.42477046923502326,-0.44670420355203466,-0.4539910468870898,-0.4476438564746994,-0.7568239321098642,-0.2216842495565946,-0.2298332631472516,-0.3219183793129734,0.6470421899071793,3853,7705.0,3652,7304,4,data_hourly_crypto/BTCUSD_1h_2016_2025.csv
BTC,UTC,6,6-6-6,06:00-18:00,18:00-06:00,0,23,Night Reversal / Day Short,reversal,short,100.0,0.5836485174047426,-0.9941635148259526,-0.4240626132112172,-0.5758286803218701,-0.996924155968129,-0.6482492086644999,-0.9708723062822207,-0.4083801920103952,-0.7632841901204541,-0.8118485706849329,-0.5303619902181953,-0.3663207872233728,-0.4314065070411809,-0.5403749223579745,-0.2871881286154746,0.6731479120264752,3451,6901.0,3652,7304,18,data_hourly_crypto/BTCUSD_1h_2016_2025.csv
BTC,UTC,6,6-6-6,06:00-18:00,18:00-06:00,0,24,Night Reversal / Day Trend,reversal,trend,100.0,0.5622450377170819,-0.9943775496228292,-0.45907839457124233,-0.6044236335423732,-0.996278875291441,-0.5703342493346144,-0.7353968873771266,-0.3350161400975793,-0.893033941354957,-0.6326192364153345,-0.6802585245662748,-0.7301101945350812,-0.45499403331286836,-0.45944611245600975,-0.5530270159738855,0.6551069795970729,3584,7167.0,3652,7304,19,data_hourly_crypto/BTCUSD_1h_2016_2025.csv
BTC,UTC,6,6-6-6,06:00-18:00,18:00-06:00,0,25,Night Reversal / Day Reversal,reversal,reversal,100.0,4718.144711075969,46.18144711075969,0.9127319821526209,-0.44356291572092343,-0.9233009335155627,-0.6053312406833283,-0.8496934572578437,-0.4007733875515488,-0.4155241703515422,-0.427183154853243,-0.42869181581136384,-0.5030996518184067,-0.3600404491577903,-0.2239378924158404,-0.22135393730832786,0.6652456276313741,3719,7437.0,3652,7304,3,data_hourly_crypto/BTCUSD_1h_2016_2025.csv
BTC,UTC,6,6-6-6,06:00-18:00,18:00-06:00,1,1,Night Cash / Day Cash,cash,cash,100.0,100.0,0.0,0.0,0.0,0.0,0.0,0.0,0.0,0.0,0.0,0.0,0.0,0.0,0.0,0.0,0.0,0,0.0,3652,7304,10,data_hourly_crypto/BTCUSD_1h_2016_2025.csv
BTC,UTC,6,6-6-6,06:00-18:00,18:00-06:00,1,2,Night Cash / Day Long,cash,long,100.0,1250.907888961883,11.509078889618829,0.7602820899847169,-0.34328787324283694,-0.6611052375278614,-0.16782670620395612,-0.34176857556081086,-0.6086353351011065,-0.24049881685576335,-0.3964586617192324,-0.41825566063891784,-0.6205437820187251,-0.15875025287239786,-0.17489727434562707,-0.3052436671118317,0.49314984438569204,7303,7303.0,3652,7304,6,data_hourly_crypto/BTCUSD_1h_2016_2025.csv
BTC,UTC,6,6-6-6,06:00-18:00,18:00-06:00,1,3,Night Cash / Day Short,cash,short,100.0,0.16063169101599878,-0.99839368308984,-1.05628272743019,-0.5403405982190848,-0.9988091989438612,-0.42555213446407514,-0.9180565402305403,-0.45785111441089543,-0.5743936769079918,-0.8127711880610641,-0.5988236028667134,-0.35674515447871524,-0.38283266465651533,-0.619436917071648,-0.256942989042688,0.49314988666366355,7303,7303.0,3652,7304,20,data_hourly_crypto/BTCUSD_1h_2016_2025.csv
BTC,UTC,6,6-6-6,06:00-18:00,18:00-06:00,1,4,Night Cash / Day Trend,cash,trend,100.0,0.15477198016290655,-0.998452280198371,-1.0626546335935665,-0.5388554305771595,-0.9987392245517395,-0.3013530638940386,-0.45841730725620056,-0.4687655550624392,-0.8061352337401206,-0.5763791623118375,-0.7810871243034189,-0.5645655321382068,-0.4087829440210615,-0.5106878549642448,-0.5123805280800262,0.4931418410495574,7301,7301.0,3652,7304,21,data_hourly_crypto/BTCUSD_1h_2016_2025.csv
BTC,UTC,6,6-6-6,06:00-18:00,18:00-06:00,1,5,Night Cash / Day Reversal,cash,reversal,100.0,1298.7870957356872,11.987870957356872,0.7667296999424318,-0.32135659371232256,-0.746654579794241,-0.2922626219960939,-0.5791621084999047,-0.6351652334175173,-0.23159033025171039,-0.33030696983152064,-0.2951025963123406,-0.3042290038538842,-0.17216732685335767,-0.19643219254778976,-0.17714755355910627,0.4931421406814709,7301,7301.0,3652,7304,5,data_hourly_crypto/BTCUSD_1h_2016_2025.csv
BTC,UTC,6,6-6-6,06:00-18:00,18:00-06:00,1,6,Night Long / Day Cash,long,cash,100.0,375.3507414638889,2.753507414638889,0.5215190536951623,-0.3502837702545735,-0.6486026809701613,-0.22228059848190618,-0.36967263259444105,-0.5878138936631141,-0.5030127771737991,-0.28357002483043015,-0.3702369388938854,-0.48618984252923436,-0.1513290331879934,-0.28960190201895675,-0.2391300591719746,0.43927625773689966,7304,7304.0,3652,7304,7,data_hourly_crypto/BTCUSD_1h_2016_2025.csv
BTC,UTC,6,6-6-6,06:00-18:00,18:00-06:00,1,7,Night Long / Day Long,long,long,100.0,20231.34930424532,201.3134930424532,1.1285067091769203,-0.45005672448448564,-0.8347631442226411,-0.2973064543452465,-0.3450044369763776,-0.8111535975554267,-0.5100000372593558,-0.5212118774254604,-0.5369838034280935,-0.6696432496431894,-0.20136439842742804,-0.27977484718698775,-0.3281245425972904,0.6689697627922669,1,1.0,3652,7304,1,data_hourly_crypto/BTCUSD_1h_2016_2025.csv
BTC,UTC,6,6-6-6,06:00-18:00,18:00-06:00,1,8,Night Long / Day Short,long,short,100.0,0.6028882039132819,-0.9939711179608672,-0.4544243065980424,-0.5731622646829677,-0.9970944806097995,-0.3213086949294722,-0.797718326918122,-0.6515370750887776,-0.6491727752510108,-0.8135455370510538,-0.6419538890310383,-0.5668640261455413,-0.32235829618579936,-0.6201426977607949,-0.3470213284680682,0.6526204317186006,7304,14607.0,3652,7304,17,data_hourly_crypto/BTCUSD_1h_2016_2025.csv
BTC,UTC,6,6-6-6,06:00-18:00,18:00-06:00,1,9,Night Long / Day Trend,long,trend,100.0,1.2564527818600661,-0.9874354721813994,-0.32533229993383045,-0.5714950590869419,-0.9979754756902417,-0.3163948629048662,-0.42434537857995835,-0.6515653862169989,-0.7652825950340714,-0.602777908987611,-0.7666175203779219,-0.7105578098190826,-0.4164034409889923,-0.5560996366401527,-0.5049060513197632,0.6633874585505578,3447,6891.0,3652,7304,15,data_hourly_crypto/BTCUSD_1h_2016_2025.csv
BTC,UTC,6,6-6-6,06:00-18:00,18:00-06:00,1,10,Night Long / Day Reversal,long,reversal,100.0,9707.68076550785,96.0768076550785,1.0237380855863685,-0.40856605210082986,-0.7884017446521563,-0.3053031354395329,-0.4773074672474108,-0.7884017446521568,-0.45302415204031377,-0.4692691930766242,-0.3612435816749968,-0.5087222151162021,-0.205913317234388,-0.2415511100383868,-0.27492460448828737,0.6584556285940403,3860,7717.0,3652,7304,2,data_hourly_crypto/BTCUSD_1h_2016_2025.csv
BTC,UTC,6,6-6-6,06:00-18:00,18:00-06:00,1,11,Night Short / Day Cash,short,cash,100.0,0.8899914067057672,-0.9911000859329423,-0.8538673138814092,-0.48376126706367834,-0.9927451939533963,-0.544273151073492,-0.8135542039109342,-0.2693069916891523,-0.6737072233648496,-0.4382484625532117,-0.557191227747301,-0.2646546880299807,-0.5611922710165014,-0.35023694571011954,-0.36524750554124064,0.4392762577368996,7304,7304.0,3652,7304,16,data_hourly_crypto/BTCUSD_1h_2016_2025.csv
BTC,UTC,6,6-6-6,06:00-18:00,18:00-06:00,1,12,Night Short / Day Long,short,long,100.0,11.132159543630541,-0.8886784045636946,-0.0075748563309148715,-0.5223267886105285,-0.9052830847477843,-0.43041134249359814,-0.5743966281179526,-0.6037487847165192,-0.6433936847084888,-0.45551621942815335,-0.6376031215501273,-0.6657159002338462,-0.4519255198217035,-0.24897294229067468,-0.5115837427442208,0.6549124190424934,7304,14607.0,3652,7304,13,data_hourly_crypto/BTCUSD_1h_2016_2025.csv
BTC,UTC,6,6-6-6,06:00-18:00,18:00-06:00,1,13,Night Short / Day Short,short,short,100.0,0.006159979737074501,-0.9999384002026293,-1.1194411773094455,-0.6750765497645851,-0.9999610513115417,-0.6801942950515396,-0.9795632840730473,-0.4914849699015964,-0.7980122521472306,-0.8728502897555281,-0.7765704129235496,-0.3335272620079728,-0.6853894511109364,-0.7090085765220417,-0.42416470415240815,0.6658468512996598,1,1.0,3652,7304,24,data_hourly_crypto/BTCUSD_1h_2016_2025.csv
BTC,UTC,6,6-6-6,06:00-18:00,18:00-06:00,1,14,Night Short / Day Trend,short,trend,100.0,0.002742953185673952,-0.9999725704681433,-1.2687664635568772,-0.6873496355735036,-0.9999780443015904,-0.5448200847868978,-0.8562972261686821,-0.4238672689847617,-0.8945344534486939,-0.6990417143948966,-0.8828952735569912,-0.6021724200115396,-0.7128203980526528,-0.6181614803601838,-0.6388860359697349,0.6558681212172146,3860,7717.0,3652,7304,25,data_hourly_crypto/BTCUSD_1h_2016_2025.csv
BTC,UTC,6,6-6-6,06:00-18:00,18:00-06:00,1,15,Night Short / Day Reversal,short,reversal,100.0,25.00001869469478,-0.7499998130530522,0.1231962267068584,-0.49690144487550514,-0.9666410522516592,-0.612800039656199,-0.9022757654727815,-0.6266511994002494,-0.4726941165348646,-0.4428871343995634,-0.5688783151555845,-0.36524839009346166,-0.4372349120473006,-0.2962529373479683,-0.2440916386470784,0.6647353906307744,3447,6891.0,3652,7304,12,data_hourly_crypto/BTCUSD_1h_2016_2025.csv
BTC,UTC,6,6-6-6,06:00-18:00,18:00-06:00,1,16,Night Trend / Day Cash,trend,cash,100.0,3.9627873154915623,-0.9603721268450843,-0.5146200674410433,-0.46491693220756003,-0.9867068024766478,-0.29715545603889904,-0.35172449618986446,-0.8491536181554763,-0.44118727347941855,-0.4113346022980159,-0.7873856164645909,-0.4626405969771895,-0.26381638846501987,-0.4759927406421406,-0.30877853336498573,0.43948629906616193,7302,7302.0,3652,7304,14,data_hourly_crypto/BTCUSD_1h_2016_2025.csv
BTC,UTC,6,6-6-6,06:00-18:00,18:00-06:00,1,17,Night Trend / Day Long,trend,long,100.0,107.1046455922566,0.07104645592256609,0.34732389082294624,-0.5157962456724529,-0.9591863193128397,-0.24667461603226704,-0.49006507644938935,-0.9344147841506856,-0.5493312953643696,-0.4794500938131553,-0.7679689511862549,-0.6438456764380709,-0.2671512823246539,-0.3626118131107293,-0.4164488678549533,0.6771705527312294,3451,6901.0,3652,7304,9,data_hourly_crypto/BTCUSD_1h_2016_2025.csv
BTC,UTC,6,6-6-6,06:00-18:00,18:00-06:00,1,18,Night Trend / Day Short,trend,short,100.0,0.01269092974164372,-0.9998730907025836,-1.0650505069457292,-0.6464698423417462,-0.9999039453952614,-0.41405841547776345,-0.8602996563576634,-0.8388068287940025,-0.48602526662603196,-0.8644156067435265,-0.8918740376872875,-0.5970060915537951,-0.411809725826915,-0.7406732731630907,-0.3597295211873863,0.645463883571572,3853,7705.0,3652,7304,22,data_hourly_crypto/BTCUSD_1h_2016_2025.csv
BTC,UTC,6,6-6-6,06:00-18:00,18:00-06:00,1,19,Night Trend / Day Trend,trend,trend,100.0,0.012557637450247997,-0.9998744236254975,-1.0168686243612912,-0.6488487979050886,-0.9999598275446068,-0.4419425773943432,-0.5235826211628908,-0.8693592042478197,-0.7220575431362317,-0.6722600277925084,-0.9453351613773199,-0.5613197299755428,-0.4838262204094873,-0.671875513088902,-0.5969293804658411,0.6644674199675138,3719,7437.0,3652,7304,23,data_hourly_crypto/BTCUSD_1h_2016_2025.csv
BTC,UTC,6,6-6-6,06:00-18:00,18:00-06:00,1,20,Night Trend / Day Reversal,trend,reversal,100.0,108.26315775442808,0.08263157754428074,0.339239706760779,-0.4698989122905267,-0.9332943638837964,-0.31694385986539764,-0.5238614455371898,-0.9077296523946399,-0.43308417717010983,-0.48335371896560075,-0.5882132212353992,-0.5563591381990234,-0.23903319810325452,-0.33858684155058627,-0.3118238698840662,0.6584878473962348,3584,7167.0,3652,7304,8,data_hourly_crypto/BTCUSD_1h_2016_2025.csv
BTC,UTC,6,6-6-6,06:00-18:00,18:00-06:00,1,21,Night Reversal / Day Cash,reversal,cash,100.0,84.33373754650468,-0.15666262453495317,0.18252162149441173,-0.40460111841099033,-0.8599967544642709,-0.5374133040959198,-0.7170554951982264,-0.20934669369078207,-0.5545629209123049,-0.3695465788478036,-0.3964217801145814,-0.4930058029941715,-0.28830874409543816,-0.2618338482191942,-0.21851601594148107,0.4394862608789888,7302,7302.0,3652,7304,11,data_hourly_crypto/BTCUSD_1h_2016_2025.csv
BTC,UTC,6,6-6-6,06:00-18:00,18:00-06:00,1,22,Night Reversal / Day Long,reversal,long,100.0,2103.2365667844733,20.032365667844733,0.7957237076288891,-0.4378049756643868,-0.7774766497958967,-0.5174338182743226,-0.4866653166592628,-0.4264937439558685,-0.4557051452556081,-0.4558445100071793,-0.466216884706422,-0.7697005774440917,-0.22695936845601705,-0.24432972828054134,-0.3287006636045551,0.6469562273162895,3853,7705.0,3652,7304,4,data_hourly_crypto/BTCUSD_1h_2016_2025.csv
BTC,UTC,6,6-6-6,06:00-18:00,18:00-06:00,1,23,Night Reversal / Day Short,reversal,short,100.0,0.29269465534184125,-0.9970730534465816,-0.5267994026825193,-0.5911434628284443,-0.9984097147912656,-0.6637958969482318,-0.972436735906469,-0.41003457569851476,-0.7788915099469955,-0.8220252737328584,-0.5410414478329462,-0.37262662819754366,-0.46708641886253355,-0.5677496355422267,-0.3157465056161227,0.67287715006596,3451,6901.0,3652,7304,18,data_hourly_crypto/BTCUSD_1h_2016_2025.csv
BTC,UTC,6,6-6-6,06:00-18:00,18:00-06:00,1,24,Night Reversal / Day Trend,reversal,trend,100.0,0.27455897704232485,-0.9972544102295767,-0.5682552237742732,-0.621015950895708,-0.9981187099195605,-0.5822827526014656,-0.7479503342337414,-0.33753853542643997,-0.9003459693138749,-0.6506781259077699,-0.6978549744226732,-0.7444525039071599,-0.4888871937063395,-0.48457615050357083,-0.5755929689340454,0.6550732512602216,3584,7167.0,3652,7304,19,data_hourly_crypto/BTCUSD_1h_2016_2025.csv
BTC,UTC,6,6-6-6,06:00-18:00,18:00-06:00,1,25,Night Reversal / Day Reversal,reversal,reversal,100.0,2242.612044312543,21.426120443125427,0.8009958681732017,-0.453091106925255,-0.9320431370616332,-0.6263808182718569,-0.8588997675617541,-0.4134618550656459,-0.42411156789317694,-0.42809902050716886,-0.44168322922110426,-0.5152724313540709,-0.36425069413873834,-0.23227509498636256,-0.22647659025267108,0.6649644143589196,3719,7437.0,3652,7304,3,data_hourly_crypto/BTCUSD_1h_2016_2025.csv
BTC,UTC,6,6-6-6,06:00-18:00,18:00-06:00,2,1,Night Cash / Day Cash,cash,cash,100.0,100.0,0.0,0.0,0.0,0.0,0.0,0.0,0.0,0.0,0.0,0.0,0.0,0.0,0.0,0.0,0.0,0,0.0,3652,7304,8,data_hourly_crypto/BTCUSD_1h_2016_2025.csv
BTC,UTC,6,6-6-6,06:00-18:00,18:00-06:00,2,2,Night Cash / Day Long,cash,long,100.0,602.5769142880711,5.02576914288071,0.6122373389598891,-0.3581353012753213,-0.6955580480491388,-0.17156363217759973,-0.34275533046030804,-0.6346961636972839,-0.25810857207056126,-0.4001296067604948,-0.4349429462750045,-0.6405298627415481,-0.16886954750071992,-0.182352771568829,-0.34740457950086323,0.493051191382781,7303,7303.0,3652,7304,6,data_hourly_crypto/BTCUSD_1h_2016_2025.csv
BTC,UTC,6,6-6-6,06:00-18:00,18:00-06:00,2,3,Night Cash / Day Short,cash,short,100.0,0.07737815834675257,-0.9992262184165325,-1.2043274366667887,-0.5636065310296512,-0.9994173572065445,-0.4643939850837907,-0.9234365883565213,-0.4803090466641061,-0.6032111488283833,-0.8234467279002899,-0.6089257662561558,-0.36549895844616986,-0.42388983348397014,-0.6437823086297638,-0.2991709466473609,0.49305127592877274,7303,7303.0,3652,7304,20,data_hourly_crypto/BTCUSD_1h_2016_2025.csv
BTC,UTC,6,6-6-6,06:00-18:00,18:00-06:00,2,4,Night Cash / Day Trend,cash,trend,100.0,0.07457038213332934,-0.9992542961786667,-1.2106618194637355,-0.5608687480338326,-0.9993229524490349,-0.3361621951223194,-0.46792039591652757,-0.4821427557133431,-0.8195867508385959,-0.5979682931800228,-0.7951733838808028,-0.5875000052389088,-0.44204710981356676,-0.5424927410126609,-0.5376938496215773,0.4930430753108535,7301,7301.0,3652,7304,21,data_hourly_crypto/BTCUSD_1h_2016_2025.csv
BTC,UTC,6,6-6-6,06:00-18:00,18:00-06:00,2,5,Night Cash / Day Reversal,cash,reversal,100.0,625.7660458753928,5.257660458753929,0.6187231692446435,-0.33296328887542365,-0.7835779955100691,-0.32103684403200716,-0.6071069658421242,-0.6480323841452602,-0.23396906809167883,-0.33862727052809294,-0.3026059097099175,-0.309152218316762,-0.18571651014508805,-0.20139690451957093,-0.1819888134237344,0.4930436745946279,7301,7301.0,3652,7304,5,data_hourly_crypto/BTCUSD_1h_2016_2025.csv
BTC,UTC,6,6-6-6,06:00-18:00,18:00-06:00,2,6,Night Long / Day Cash,long,cash,100.0,180.79274543833316,0.8079274543833315,0.35529505889700064,-0.3662175316294406,-0.7546707019015596,-0.22978912771363424,-0.3726286625155114,-0.6145679568122131,-0.5158159380881291,-0.2913378650933801,-0.38178216465258474,-0.5185780659916641,-0.1745180465762758,-0.31698308953374665,-0.24617439931726637,0.43918839809258975,7304,7304.0,3652,7304,7,data_hourly_crypto/BTCUSD_1h_2016_2025.csv
BTC,UTC,6,6-6-6,06:00-18:00,18:00-06:00,2,7,Night Long / Day Long,long,long,100.0,20229.325966981032,201.2932596698103,1.1284917509584425,-0.45005672448448564,-0.8347631442226413,-0.2973064543452465,-0.3450044369763776,-0.8111535975554267,-0.5100000372593558,-0.5212118774254604,-0.5369838034280935,-0.6696432496431894,-0.20136439842742804,-0.27977484718698775,-0.3281245425972904,0.6689697409292328,1,1.0,3652,7304,1,data_hourly_crypto/BTCUSD_1h_2016_2025.csv
BTC,UTC,6,6-6-6,06:00-18:00,18:00-06:00,2,8,Night Long / Day Short,long,short,100.0,0.13985322060214014,-0.9986014677939786,-0.6782342856460254,-0.6035523239160983,-0.9991359796306457,-0.3514411365636919,-0.8215651558907104,-0.6944564237629047,-0.6679527228077005,-0.8339062559780988,-0.6621051512758074,-0.58008915993192,-0.37970686818872723,-0.6618259205287595,-0.3824744442326613,0.652359416880903,7304,14607.0,3652,7304,18,data_hourly_crypto/BTCUSD_1h_2016_2025.csv
BTC,UTC,6,6-6-6,06:00-18:00,18:00-06:00,2,9,Night Long / Day Trend,long,trend,100.0,0.6306436899545972,-0.993693563100454,-0.42884743196202396,-0.5871789938743942,-0.9988486151312923,-0.32075726992166453,-0.42561080589890443,-0.672641301709036,-0.7803220978764002,-0.6196535593069752,-0.7760402636408409,-0.7301855442007187,-0.4338829846987845,-0.5746785014631568,-0.5380176100274605,0.6634683366700346,3447,6891.0,3652,7304,15,data_hourly_crypto/BTCUSD_1h_2016_2025.csv
BTC,UTC,6,6-6-6,06:00-18:00,18:00-06:00,2,10,Night Long / Day Reversal,long,reversal,100.0,4486.109596769974,43.86109596769974,0.9065605742194228,-0.4163183373026282,-0.8011659038957797,-0.3066915568153743,-0.49143899583904316,-0.8011659038957797,-0.46546471371296727,-0.47075360551716716,-0.37063035918640297,-0.5180098592087978,-0.2106649935614444,-0.24910005599054208,-0.2792633292987632,0.6582837498554731,3860,7717.0,3652,7304,2,data_hourly_crypto/BTCUSD_1h_2016_2025.csv
BTC,UTC,6,6-6-6,06:00-18:00,18:00-06:00,2,11,Night Short / Day Cash,short,cash,100.0,0.428676360694866,-0.9957132363930513,-1.020091308679569,-0.5081192515566593,-0.9964196583789113,-0.5731708619819906,-0.8265430004318426,-0.28069098133807,-0.6853409661602874,-0.477748793177211,-0.5809577759893929,-0.2848902585666414,-0.591312553057967,-0.38838763692948464,-0.3921496879337042,0.4391883980925898,7304,7304.0,3652,7304,16,data_hourly_crypto/BTCUSD_1h_2016_2025.csv
BTC,UTC,6,6-6-6,06:00-18:00,18:00-06:00,2,12,Night Short / Day Long,short,long,100.0,2.582350018341892,-0.974176499816581,-0.23060175242719694,-0.5556765660743629,-0.9776983932240294,-0.49184109270626486,-0.5875568254082769,-0.6168454973499826,-0.6671101120158568,-0.47066066483391134,-0.6651977755883927,-0.7018618711200647,-0.5259239855340265,-0.2631119520706916,-0.5666558841161606,0.6546503739785063,7304,14607.0,3652,7304,13,data_hourly_crypto/BTCUSD_1h_2016_2025.csv
BTC,UTC,6,6-6-6,06:00-18:00,18:00-06:00,2,13,Night Short / Day Short,short,short,100.0,0.006159363677494868,-0.9999384063632251,-1.1194560875579131,-0.6750765497645851,-0.9999610513115417,-0.6801942950515403,-0.9795632840730473,-0.4914849699015964,-0.7980122521472306,-0.8728502897555281,-0.7765704129235496,-0.3335272620079728,-0.6853894511109364,-0.7090085765220417,-0.42416470415240815,0.6658468779642589,1,1.0,3652,7304,22,data_hourly_crypto/BTCUSD_1h_2016_2025.csv
BTC,UTC,6,6-6-6,06:00-18:00,18:00-06:00,2,14,Night Short / Day Trend,short,trend,100.0,0.0012675724415520475,-0.9999873242755845,-1.3861707103339336,-0.703608308924046,-0.9999896891167468,-0.578394614250804,-0.8660420386747734,-0.42823058514010437,-0.8996996422341335,-0.7193381054612429,-0.8904425963629558,-0.6205189995458019,-0.7344284373615979,-0.6445529442805527,-0.654435125928495,0.6558090292786707,3860,7717.0,3652,7304,25,data_hourly_crypto/BTCUSD_1h_2016_2025.csv
BTC,UTC,6,6-6-6,06:00-18:00,18:00-06:00,2,15,Night Short / Day Reversal,short,reversal,100.0,12.548107072687595,-0.874518929273124,0.019371569201390996,-0.5066808281755527,-0.9712947233675948,-0.6331602706353079,-0.9072846734543037,-0.639928637287932,-0.48054701664670973,-0.4507445744545523,-0.5777556648462867,-0.3744511805747015,-0.45366615009876265,-0.29990401637460784,-0.24936609738236326,0.6644217361427265,3447,6891.0,3652,7304,12,data_hourly_crypto/BTCUSD_1h_2016_2025.csv
BTC,UTC,6,6-6-6,06:00-18:00,18:00-06:00,2,16,Night Trend / Day Cash,trend,cash,100.0,1.9091117817740855,-0.9809088821822591,-0.6807190748463176,-0.4813100564492899,-0.9925763930466093,-0.3121075455488016,-0.3541789685650507,-0.8588035668653505,-0.44602858017497593,-0.4242033147901546,-0.8020589236251228,-0.4752281511803258,-0.2899224822766848,-0.5073513307674993,-0.3432177006989331,0.43939843015317065,7302,7302.0,3652,7304,14,data_hourly_crypto/BTCUSD_1h_2016_2025.csv
BTC,UTC,6,6-6-6,06:00-18:00,18:00-06:00,2,17,Night Trend / Day Long,trend,long,100.0,53.704632994794146,-0.46295367005205856,0.24554985770179164,-0.5285423097308015,-0.9712429116258161,-0.2590748567579778,-0.4915385255032253,-0.9389478256558472,-0.5534596663381214,-0.4821507357705592,-0.7833137039180029,-0.6527112495699161,-0.296035992640837,-0.37708913415242984,-0.45110140700109946,0.6772281470079005,3451,6901.0,3652,7304,9,data_hourly_crypto/BTCUSD_1h_2016_2025.csv
BTC,UTC,6,6-6-6,06:00-18:00,18:00-06:00,2,18,Night Trend / Day Short,trend,short,100.0,0.00587177126946699,-0.9999412822873053,-1.1843826270740911,-0.6627579317258,-0.9999528635829308,-0.4293293905870703,-0.8701632672424443,-0.8450051790291522,-0.5091393381540843,-0.8724669037698146,-0.8995686189857149,-0.6021281834136865,-0.446184042173717,-0.758016874641205,-0.3955775192611102,0.6453377884216699,3853,7705.0,3652,7304,24,data_hourly_crypto/BTCUSD_1h_2016_2025.csv
BTC,UTC,6,6-6-6,06:00-18:00,18:00-06:00,2,19,Night Trend / Day Trend,trend,trend,100.0,0.005967964281168712,-0.9999403203571883,-1.1282759925146486,-0.662545509889785,-0.9999779171330727,-0.4557021360381204,-0.5252001741234752,-0.87807198453937,-0.7408017647385916,-0.6912899210192875,-0.9492963382554744,-0.5694923078402073,-0.4998194861175007,-0.6916688388693082,-0.6241121473565145,0.6645220446411679,3719,7437.0,3652,7304,23,data_hourly_crypto/BTCUSD_1h_2016_2025.csv
BTC,UTC,6,6-6-6,06:00-18:00,18:00-06:00,2,20,Night Trend / Day Reversal,trend,reversal,100.0,52.86015530861425,-0.47139844691385746,0.2303653984829408,-0.4797761039511904,-0.9393414292713659,-0.33554392741164274,-0.5362707030567977,-0.9134862377158139,-0.4369272763575105,-0.49500343752316056,-0.6001470456602143,-0.5603297808894134,-0.24600406877748815,-0.3529260811722874,-0.321122480947575,0.6582647112142254,3584,7167.0,3652,7304,10,data_hourly_crypto/BTCUSD_1h_2016_2025.csv
BTC,UTC,6,6-6-6,06:00-18:00,18:00-06:00,2,21,Night Reversal / Day Cash,reversal,cash,100.0,40.62860787952828,-0.5937139212047171,0.016422549136730993,-0.42773664130443717,-0.8759173970158057,-0.560021230848363,-0.7359494886557094,-0.21195193937063883,-0.5845569489319368,-0.3997723539115763,-0.4150411275131157,-0.5149786494389182,-0.330014744546012,-0.2686679905316458,-0.256411939296456,0.43939835378264563,7302,7302.0,3652,7304,11,data_hourly_crypto/BTCUSD_1h_2016_2025.csv
BTC,UTC,6,6-6-6,06:00-18:00,18:00-06:00,2,22,Night Reversal / Day Long,reversal,long,100.0,973.1142081114147,8.731142081114147,0.6766342471047199,-0.44854024795108777,-0.7933947900557419,-0.5285037666420835,-0.4969336978992358,-0.4282121992940967,-0.4645614177926366,-0.4576920503425145,-0.48416892279334744,-0.7827693107897797,-0.23219977929529323,-0.2585561522856866,-0.3518051823762033,0.6468928752009288,3853,7705.0,3652,7304,4,data_hourly_crypto/BTCUSD_1h_2016_2025.csv
BTC,UTC,6,6-6-6,06:00-18:00,18:00-06:00,2,23,Night Reversal / Day Short,reversal,short,100.0,0.14676355967334237,-0.9985323644032665,-0.6295781136132073,-0.6070772451961223,-0.9991778928707588,-0.6786583585062438,-0.9739174290940157,-0.41168466271795856,-0.7934726147330746,-0.8316534137415007,-0.5514801211212168,-0.3871361136558982,-0.5005338498785603,-0.5934989378112707,-0.3487369507014835,0.6726280462954047,3451,6901.0,3652,7304,17,data_hourly_crypto/BTCUSD_1h_2016_2025.csv
BTC,UTC,6,6-6-6,06:00-18:00,18:00-06:00,2,24,Night Reversal / Day Trend,reversal,trend,100.0,0.13405511596799782,-0.99865944884032,-0.6774230227107767,-0.6367642539387263,-0.9990490054137726,-0.593901273251662,-0.75991054815318,-0.3400518646481646,-0.9071594739433774,-0.667852665929167,-0.7144862657291157,-0.7580352868831625,-0.5206787427473871,-0.508542588164544,-0.5970238299375028,0.6550496924268091,3584,7167.0,3652,7304,19,data_hourly_crypto/BTCUSD_1h_2016_2025.csv
BTC,UTC,6,6-6-6,06:00-18:00,18:00-06:00,2,25,Night Reversal / Day Reversal,reversal,reversal,100.0,1065.7919238392737,9.657919238392738,0.6891652279958366,-0.46241597138813306,-0.9399224538353239,-0.647087573470243,-0.8675438641687628,-0.4258841057880083,-0.43257447555014394,-0.42901360459019555,-0.45438173180702435,-0.5271493554066763,-0.3684340742408492,-0.24052437246598446,-0.23156655639344348,0.6646933173452351,3719,7437.0,3652,7304,3,data_hourly_crypto/BTCUSD_1h_2016_2025.csv
BTC,UTC,7,7-7-7,07:00-19:00,19:00-07:00,0,1,Night Cash / Day Cash,cash,cash,100.0,100.0,0.0,0.0,0.0,0.0,0.0,0.0,0.0,0.0,0.0,0.0,0.0,0.0,0.0,0.0,0.0,0,0.0,3652,7304,9,data_hourly_crypto/BTCUSD_1h_2016_2025.csv
BTC,UTC,7,7-7-7,07:00-19:00,19:00-07:00,0,2,Night Cash / Day Long,cash,long,100.0,1539.7590781943268,14.397590781943268,0.7976591961275692,-0.3578947220909233,-0.7129687271841885,-0.18276173605599244,-0.37611942146139654,-0.6560034930365818,-0.2947568005105824,-0.3942227833564923,-0.5079879330964199,-0.5152041990200296,-0.13548830913617826,-0.22007333478523727,-0.296329210450323,0.5002297081947038,7303,7303.0,3652,7304,6,data_hourly_crypto/BTCUSD_1h_2016_2025.csv
BTC,UTC,7,7-7-7,07:00-19:00,19:00-07:00,0,3,Night Cash / Day Short,cash,short,100.0,0.5251376406806413,-0.9947486235931936,-0.7976591961275692,-0.5177756055863305,-0.9963614349106897,-0.42612292946981534,-0.9000459955560705,-0.47366016593805327,-0.540444475874483,-0.7227061257598743,-0.5406322570921009,-0.3092501448326451,-0.4411214257423045,-0.5551921610811614,-0.26858037451679695,0.5002297081947038,7303,7303.0,3652,7304,21,data_hourly_crypto/BTCUSD_1h_2016_2025.csv
BTC,UTC,7,7-7-7,07:00-19:00,19:00-07:00,0,4,Night Cash / Day Trend,cash,trend,100.0,0.605953171650875,-0.9939404682834913,-0.7690846448083658,-0.5182545466493786,-0.9951163502403085,-0.4303821138052596,-0.42262426579440504,-0.6201131298213518,-0.7290805994688891,-0.4890938999147295,-0.6066866828573271,-0.6009493917789361,-0.25165869417540077,-0.514478718263355,-0.517477970614133,0.5002603204099022,7301,7301.0,3652,7304,20,data_hourly_crypto/BTCUSD_1h_2016_2025.csv
BTC,UTC,7,7-7-7,07:00-19:00,19:00-07:00,0,5,Night Cash / Day Reversal,cash,reversal,100.0,1334.40284966052,12.3440284966052,0.7690846448083658,-0.3166236776651728,-0.6829283420204001,-0.30153865451468975,-0.54646678089482,-0.3274731375891511,-0.22656352083703246,-0.4731633631701887,-0.3956337499590207,-0.23916109657647677,-0.24129995515559666,-0.22796477876773202,-0.18697173918701993,0.5002603204099022,7301,7301.0,3652,7304,7,data_hourly_crypto/BTCUSD_1h_2016_2025.csv
BTC,UTC,7,7-7-7,07:00-19:00,19:00-07:00,0,6,Night Long / Day Cash,long,cash,100.0,1312.5173266045294,12.125173266045294,0.8066776307316781,-0.3042422478436274,-0.6109596796219583,-0.19484955282669703,-0.3304813261669588,-0.48075508665061006,-0.41783954839423687,-0.22141167713449494,-0.2963166470997629,-0.4537685423039277,-0.18382501051920574,-0.23004959280008175,-0.23312549454029807,0.43810702155199926,7304,7304.0,3652,7304,8,data_hourly_crypto/BTCUSD_1h_2016_2025.csv
BTC,UTC,7,7-7-7,07:00-19:00,19:00-07:00,0,7,Night Long / Day Long,long,long,100.0,20209.604689266696,201.09604689266698,1.1276422333592804,-0.45437653581146825,-0.8353879316562706,-0.2962832917186824,-0.35056429715024096,-0.810043417594263,-0.5172063150314787,-0.5204851623258746,-0.5397547443863568,-0.6733840478522739,-0.20693671179404893,-0.2994690502079287,-0.3296383200535341,0.6713165817664819,1,1.0,3652,7304,3,data_hourly_crypto/BTCUSD_1h_2016_2025.csv
BTC,UTC,7,7-7-7,07:00-19:00,19:00-07:00,0,8,Night Long / Day Short,long,short,100.0,6.89252252245567,-0.9310747747754433,-0.076469412817181,-0.48948068194742334,-0.9655429575449631,-0.3523929823520634,-0.6809749608980538,-0.6231793628486633,-0.5079612421735314,-0.5766224950028702,-0.5457316708055429,-0.4768167549437249,-0.35837812608678443,-0.46834453037751134,-0.30440469398548786,0.6562448879957992,7304,14607.0,3652,7304,17,data_hourly_crypto/BTCUSD_1h_2016_2025.csv
BTC,UTC,7,7-7-7,07:00-19:00,19:00-07:00,0,9,Night Long / Day Trend,long,trend,100.0,7.953240369027413,-0.9204675963097259,-0.02760573937022275,-0.5430517401362048,-0.9884807809004593,-0.3961827178650207,-0.4387097180835977,-0.7698824106844434,-0.673724697224916,-0.4166577785023978,-0.6100343346927866,-0.7239088903760227,-0.3039390136763994,-0.5932004463569736,-0.5042773938994898,0.6812912949837819,3513,7023.0,3652,7304,16,data_hourly_crypto/BTCUSD_1h_2016_2025.csv
BTC,UTC,7,7-7-7,07:00-19:00,19:00-07:00,0,10,Night Long / Day Reversal,long,reversal,100.0,17514.26860849886,174.1426860849886,1.1232890629544767,-0.38682090609726333,-0.6773173435845897,-0.3123859294556084,-0.4471502407809256,-0.561058158367348,-0.4710891648921577,-0.5669932883071609,-0.3870010959315563,-0.37253384582461535,-0.2755104316457542,-0.24942045436535942,-0.22506645140214765,0.6459867207474888,3794,7585.0,3652,7304,4,data_hourly_crypto/BTCUSD_1h_2016_2025.csv
BTC,UTC,7,7-7-7,07:00-19:00,19:00-07:00,0,11,Night Short / Day Cash,short,cash,100.0,1.1079970927635252,-0.9889200290723648,-0.8066776307316778,-0.46935670948558944,-0.9905583084806427,-0.4703057319798879,-0.8386714332443748,-0.28456297196784774,-0.6235905682263065,-0.5499663512605988,-0.5935934569053964,-0.1897246189817774,-0.44659044957562255,-0.3732365830411696,-0.32332492967291215,0.4381070215519993,7304,7304.0,3652,7304,18,data_hourly_crypto/BTCUSD_1h_2016_2025.csv
BTC,UTC,7,7-7-7,07:00-19:00,19:00-07:00,0,12,Night Short / Day Long,short,long,100.0,17.060485821955552,-0.8293951417804445,0.06201931739865072,-0.4627139760949845,-0.8869803398455778,-0.3040427204621331,-0.640101878681163,-0.602895335177041,-0.5330679232326663,-0.39134994533780165,-0.6594431363165403,-0.44157864549108194,-0.3452990030222034,-0.2757882188158137,-0.4335729544134008,0.6614185063902526,7304,14607.0,3652,7304,10,data_hourly_crypto/BTCUSD_1h_2016_2025.csv
BTC,UTC,7,7-7-7,07:00-19:00,19:00-07:00,0,13,Night Short / Day Short,short,short,100.0,0.005818509791748511,-0.9999418149020826,-1.113542347459428,-0.679381459415403,-0.9999634457667147,-0.6802836933637013,-0.9803145904698828,-0.5214377182945198,-0.7976234293515991,-0.8683413239175872,-0.7689164597466108,-0.335956300409195,-0.6845888372174971,-0.7148916499945108,-0.4414605913889258,0.6715891805034062,1,1.0,3652,7304,23,data_hourly_crypto/BTCUSD_1h_2016_2025.csv
BTC,UTC,7,7-7-7,07:00-19:00,19:00-07:00,0,14,Night Short / Day Trend,short,trend,100.0,0.00671394352540001,-0.999932860564746,-1.1637684726807478,-0.6649614437757229,-0.9999344528837525,-0.5643708250284576,-0.8945261351671319,-0.5814293895446518,-0.8830374126510658,-0.7028445564948373,-0.7973488881852546,-0.5460137205832878,-0.4790771965229107,-0.6266973274896745,-0.5742689860899555,0.6450402544542413,3794,7585.0,3652,7304,22,data_hourly_crypto/BTCUSD_1h_2016_2025.csv
BTC,UTC,7,7-7-7,07:00-19:00,19:00-07:00,0,15,Night Short / Day Reversal,short,reversal,100.0,14.785144779992205,-0.852148552200078,0.06380558272097447,-0.510428537387837,-0.9609346775824716,-0.5513470841177142,-0.9105391162470029,-0.4173190773382055,-0.42670639652004894,-0.6272060031435482,-0.66210589853077,-0.30637791715547824,-0.5124761774530608,-0.44370299706529337,-0.2465047063072472,0.6873261173812475,3513,7023.0,3652,7304,11,data_hourly_crypto/BTCUSD_1h_2016_2025.csv
BTC,UTC,7,7-7-7,07:00-19:00,19:00-07:00,0,16,Night Trend / Day Cash,trend,cash,100.0,0.7075319942405708,-0.9929246800575943,-0.9092200229521102,-0.4972132028213393,-0.9953885157641853,-0.314779692045268,-0.6209929350354628,-0.8840689299845905,-0.3990424396771314,-0.43491140553645635,-0.6680623997638393,-0.45094091535423775,-0.3267919861560412,-0.49287065964841414,-0.3796706650119517,0.43800147596470984,7302,7302.0,3652,7304,19,data_hourly_crypto/BTCUSD_1h_2016_2025.csv
BTC,UTC,7,7-7-7,07:00-19:00,19:00-07:00,0,17,Night Trend / Day Long,trend,long,100.0,10.89428811244854,-0.8910571188755145,0.005266490285681406,-0.5762017436289226,-0.9871443337798955,-0.4202009359263442,-0.6356074486572547,-0.9522406546566459,-0.5437179399739629,-0.5091106272943431,-0.7272784746384149,-0.6858251083932023,-0.2865026360878924,-0.5055745203432405,-0.49595909031792496,0.6720925102220121,3431,6861.0,3652,7304,13,data_hourly_crypto/BTCUSD_1h_2016_2025.csv
BTC,UTC,7,7-7-7,07:00-19:00,19:00-07:00,0,18,Night Trend / Day Short,trend,short,100.0,0.0037155168216156144,-0.9999628448317839,-1.2120911540456833,-0.6451960280883089,-0.9999701953433633,-0.5131262468682234,-0.9133040020968846,-0.8731102289833442,-0.4902290665089202,-0.7929081747287665,-0.8069393570940411,-0.4183389716429089,-0.46858747651663646,-0.7538068483626309,-0.42160990808073207,0.6600320364233877,3873,7745.0,3652,7304,25,data_hourly_crypto/BTCUSD_1h_2016_2025.csv
BTC,UTC,7,7-7-7,07:00-19:00,19:00-07:00,0,19,Night Trend / Day Trend,trend,trend,100.0,0.004287312559545467,-0.9999571268744045,-1.1584238163236642,-0.6705217816020375,-0.9999676360451928,-0.552146300842185,-0.6979735350565008,-0.9455377525640292,-0.6634168447030552,-0.5318064017790622,-0.8565214768348248,-0.7130791995751694,-0.3371957458367473,-0.7242766218230021,-0.6832639370057988,0.671456300903729,3727,7453.0,3652,7304,24,data_hourly_crypto/BTCUSD_1h_2016_2025.csv
BTC,UTC,7,7-7-7,07:00-19:00,19:00-07:00,0,20,Night Trend / Day Reversal,trend,reversal,100.0,9.441327093406127,-0.9055867290659387,-0.028223112868785045,-0.5385706033453126,-0.9595305728261377,-0.4316951332026039,-0.7238555812003429,-0.8757815315970381,-0.41970981059780954,-0.6726414582316876,-0.5767850957652778,-0.42884073264874134,-0.36278707637240004,-0.4999920649537515,-0.39361754888347356,0.6607511212039279,3576,7151.0,3652,7304,15,data_hourly_crypto/BTCUSD_1h_2016_2025.csv
BTC,UTC,7,7-7-7,07:00-19:00,19:00-07:00,0,21,Night Reversal / Day Cash,reversal,cash,100.0,2055.4084528036033,19.554084528036032,0.9092200229521104,-0.33864323740515345,-0.5791708246882418,-0.2702264686488167,-0.5554303290042026,-0.22732017156585949,-0.5625873895914498,-0.3232847720016706,-0.42112020299189923,-0.2285192079870323,-0.3832314696228979,-0.16544692873117828,-0.2492654339065279,0.4380014759647099,7302,7302.0,3652,7304,5,data_hourly_crypto/BTCUSD_1h_2016_2025.csv
BTC,UTC,7,7-7-7,07:00-19:00,19:00-07:00,0,22,Night Reversal / Day Long,reversal,long,100.0,31648.338246017003,315.48338246017005,1.2028324380758182,-0.37356346211352964,-0.5205299228145943,-0.19292515721163106,-0.520529922814595,-0.47686917449175503,-0.38797786078026086,-0.4624145573987515,-0.4225127834992214,-0.46897409375268684,-0.2731214340200172,-0.19816760067423,-0.33214203649214724,0.6605126865635709,3873,7745.0,3652,7304,1,data_hourly_crypto/BTCUSD_1h_2016_2025.csv
BTC,UTC,7,7-7-7,07:00-19:00,19:00-07:00,0,23,Night Reversal / Day Short,reversal,short,100.0,10.79372345540331,-0.892062765445967,0.002985350501492041,-0.5612429382718916,-0.9578595580013616,-0.49780152411833534,-0.9395588512334037,-0.39499469484566496,-0.7776393620356885,-0.7317214950989728,-0.5852630062691966,-0.3276083610731927,-0.5751449144855252,-0.450913055267788,-0.3317841182911484,0.6677068234092841,3431,6861.0,3652,7304,14,data_hourly_crypto/BTCUSD_1h_2016_2025.csv
BTC,UTC,7,7-7-7,07:00-19:00,19:00-07:00,0,24,Night Reversal / Day Trend,reversal,trend,100.0,12.454812710143543,-0.8754518728985645,0.012738239075711949,-0.5471690986950501,-0.9500169309668169,-0.4840695038626386,-0.6815398141264156,-0.4176908962392911,-0.858069246400082,-0.6045835190629185,-0.499326533954759,-0.5615578020448072,-0.42687531455639005,-0.4592840514035944,-0.4786943052996041,0.6551854514211809,3576,7151.0,3652,7304,12,data_hourly_crypto/BTCUSD_1h_2016_2025.csv
BTC,UTC,7,7-7-7,07:00-19:00,19:00-07:00,0,25,Night Reversal / Day Reversal,reversal,reversal,100.0,27427.428966374544,273.27428966374544,1.1711529438709847,-0.40695967011926115,-0.82337762121984,-0.3964351339412141,-0.743874060619135,-0.33286461738912065,-0.3534603782472099,-0.5103961137312774,-0.6171167360435916,-0.22249753393429583,-0.43609714385770015,-0.2509547208875421,-0.2059002625415245,0.6729552440309399,3727,7453.0,3652,7304,2,data_hourly_crypto/BTCUSD_1h_2016_2025.csv
BTC,UTC,7,7-7-7,07:00-19:00,19:00-07:00,1,1,Night Cash / Day Cash,cash,cash,100.0,100.0,0.0,0.0,0.0,0.0,0.0,0.0,0.0,0.0,0.0,0.0,0.0,0.0,0.0,0.0,0.0,0,0.0,3652,7304,9,data_hourly_crypto/BTCUSD_1h_2016_2025.csv
BTC,UTC,7,7-7-7,07:00-19:00,19:00-07:00,1,2,Night Cash / Day Long,cash,long,100.0,741.7740804389316,6.417740804389316,0.6517243533620278,-0.37169036905111136,-0.733203146873222,-0.18626849100488685,-0.3827596868937878,-0.6789078807181999,-0.31416209340187273,-0.3980273730122823,-0.515070985984867,-0.5407360642619874,-0.15041761526064268,-0.22373057173710675,-0.3268229282354801,0.5001296560772953,7303,7303.0,3652,7304,6,data_hourly_crypto/BTCUSD_1h_2016_2025.csv
BTC,UTC,7,7-7-7,07:00-19:00,19:00-07:00,1,3,Night Cash / Day Short,cash,short,100.0,0.2529834024271888,-0.9974701659757281,-0.9435940479676744,-0.5389178030530584,-0.9981716351891574,-0.4650294491129572,-0.9066079027856387,-0.4917134662568593,-0.5715576177257264,-0.7382538930565029,-0.5521986150235928,-0.3156446576414206,-0.4801040919327275,-0.5836196223406452,-0.2844487146545126,0.5001296804196312,7303,7303.0,3652,7304,21,data_hourly_crypto/BTCUSD_1h_2016_2025.csv
BTC,UTC,7,7-7-7,07:00-19:00,19:00-07:00,1,4,Night Cash / Day Trend,cash,trend,100.0,0.2919744215927211,-0.9970802557840728,-0.9149709211170232,-0.54330120525482,-0.9974055845923763,-0.46227789590156354,-0.4548884976608728,-0.6459033200304253,-0.7459532903391122,-0.5108908198152065,-0.6241070957389608,-0.6195462531964967,-0.28562983906407247,-0.537373188550182,-0.5464418522513066,0.5001601907965534,7301,7301.0,3652,7304,20,data_hourly_crypto/BTCUSD_1h_2016_2025.csv
BTC,UTC,7,7-7-7,07:00-19:00,19:00-07:00,1,5,Night Cash / Day Reversal,cash,reversal,100.0,642.9729530746432,5.429729530746432,0.6231987051447127,-0.3313797862221711,-0.7158158841441873,-0.329262527208796,-0.5765797934089862,-0.35183829520329624,-0.24422599957635316,-0.4769954580620981,-0.4100255780552847,-0.24605366647205484,-0.24877939871435806,-0.2407109223029702,-0.1893262232175137,0.5001603678722479,7301,7301.0,3652,7304,7,data_hourly_crypto/BTCUSD_1h_2016_2025.csv
BTC,UTC,7,7-7-7,07:00-19:00,19:00-07:00,1,6,Night Long / Day Cash,long,cash,100.0,632.2378530870847,5.3223785308708464,0.6400266804649313,-0.3197667483206198,-0.6313011063987035,-0.2045659839017866,-0.33442005261300833,-0.5111417103017505,-0.4379199122336377,-0.22552748451502624,-0.3072725044829876,-0.4763933754045263,-0.2062826743901739,-0.24922279744403608,-0.24492098791926475,0.43801940452875915,7304,7304.0,3652,7304,8,data_hourly_crypto/BTCUSD_1h_2016_2025.csv
BTC,UTC,7,7-7-7,07:00-19:00,19:00-07:00,1,7,Night Long / Day Long,long,long,100.0,20207.58372879784,201.0758372879784,1.1276273086211956,-0.45437653581146814,-0.8353879316562703,-0.29628329171868184,-0.35056429715024096,-0.810043417594263,-0.5172063150314787,-0.5204851623258746,-0.5397547443863568,-0.6733840478522739,-0.20693671179404893,-0.2994690502079287,-0.3296383200535341,0.6713165893536363,1,1.0,3652,7304,1,data_hourly_crypto/BTCUSD_1h_2016_2025.csv
BTC,UTC,7,7-7-7,07:00-19:00,19:00-07:00,1,8,Night Long / Day Short,long,short,100.0,1.5993400047409803,-0.9840065999525902,-0.2989988489643128,-0.5280917519995972,-0.9897044674671208,-0.38126349872147036,-0.7177318937803242,-0.6510384899648538,-0.5434263567635067,-0.6226199664278915,-0.5673698628454622,-0.519069218409875,-0.41275163353628563,-0.5333489402700066,-0.3322976592762955,0.6559824289962869,7304,14607.0,3652,7304,17,data_hourly_crypto/BTCUSD_1h_2016_2025.csv
BTC,UTC,7,7-7-7,07:00-19:00,19:00-07:00,1,9,Night Long / Day Trend,long,trend,100.0,3.9401122582617543,-0.9605988774173825,-0.13042175879507142,-0.5595303665311044,-0.9934703058866726,-0.41109249214668675,-0.4399433226058005,-0.7864688005662004,-0.6943823010107196,-0.42843856531767266,-0.6216363851968829,-0.7435526096840994,-0.326940375998898,-0.6077431219003173,-0.5351056908837664,0.6813497042462179,3513,7023.0,3652,7304,16,data_hourly_crypto/BTCUSD_1h_2016_2025.csv
BTC,UTC,7,7-7-7,07:00-19:00,19:00-07:00,1,10,Night Long / Day Reversal,long,reversal,100.0,8202.508750474233,81.02508750474233,1.005904806319011,-0.39748549057125515,-0.6904668508653673,-0.31375992055124835,-0.45287065263039894,-0.5867052973223061,-0.4846649541316973,-0.5692393031169023,-0.3938290585037788,-0.3960533226692219,-0.2887204557937745,-0.25807773354580354,-0.2309342074474201,0.6458540790962103,3794,7585.0,3652,7304,4,data_hourly_crypto/BTCUSD_1h_2016_2025.csv
BTC,UTC,7,7-7-7,07:00-19:00,19:00-07:00,1,11,Night Short / Day Cash,short,cash,100.0,0.5337207280667131,-0.9946627927193329,-0.9733285809984228,-0.49263125190142587,-0.9953400727187945,-0.5038904783679912,-0.8474426978120351,-0.29992148088652726,-0.6356780223798033,-0.5816080344783164,-0.6182557559977611,-0.1969044313095284,-0.4832315511078552,-0.41180062192018474,-0.3475794447542553,0.4380194045287591,7304,7304.0,3652,7304,18,data_hourly_crypto/BTCUSD_1h_2016_2025.csv
BTC,UTC,7,7-7-7,07:00-19:00,19:00-07:00,1,12,Night Short / Day Long,short,long,100.0,3.958712849537221,-0.9604128715046278,-0.15876952041242315,-0.49604837022061643,-0.967958378471007,-0.3494339730713373,-0.6533086665328405,-0.6447371707600691,-0.5597345147986461,-0.4162405257757339,-0.684431904853699,-0.5051267290926282,-0.3699653626878576,-0.2875505997878992,-0.4899542548454541,0.6611539547268688,7304,14607.0,3652,7304,15,data_hourly_crypto/BTCUSD_1h_2016_2025.csv
BTC,UTC,7,7-7-7,07:00-19:00,19:00-07:00,1,13,Night Short / Day Short,short,short,100.0,0.005817927940769305,-0.9999418207205923,-1.113557214815719,-0.679381459415403,-0.9999634457667147,-0.6802836933637009,-0.9803145904698828,-0.5214377182945198,-0.7976234293515991,-0.8683413239175872,-0.7689164597466108,-0.335956300409195,-0.6845888372174971,-0.7148916499945108,-0.4414605913889258,0.6715891747863572,1,1.0,3652,7304,22,data_hourly_crypto/BTCUSD_1h_2016_2025.csv
BTC,UTC,7,7-7-7,07:00-19:00,19:00-07:00,1,14,Night Short / Day Trend,short,trend,100.0,0.003144360849334026,-0.9999685563915066,-1.2812577302650314,-0.6817423147214792,-0.9999688910771581,-0.5804372220161702,-0.9015000190662543,-0.5995787284341343,-0.8886086989677457,-0.7220479269292186,-0.8064218593063018,-0.56268085584728,-0.5077865582932906,-0.6513877488336363,-0.5969735295207592,0.6449287494664084,3794,7585.0,3652,7304,23,data_hourly_crypto/BTCUSD_1h_2016_2025.csv
BTC,UTC,7,7-7-7,07:00-19:00,19:00-07:00,1,15,Night Short / Day Reversal,short,reversal,100.0,7.32470382948401,-0.9267529617051599,-0.0385316398381906,-0.5240253425591164,-0.9729848371919613,-0.5692854850125549,-0.9153270679695045,-0.4279434250102353,-0.43558126031320465,-0.6501796912830557,-0.6732062634876192,-0.31052760312676697,-0.542703144160166,-0.4537370193529313,-0.2617624658751261,0.687001818578239,3513,7023.0,3652,7304,10,data_hourly_crypto/BTCUSD_1h_2016_2025.csv
BTC,UTC,7,7-7-7,07:00-19:00,19:00-07:00,1,16,Night Trend / Day Cash,trend,cash,100.0,0.3408853956313145,-0.9965911460436868,-1.0758653538814174,-0.5122991160300665,-0.9974856371331038,-0.31826559330951565,-0.6313478705062696,-0.8918745307369322,-0.40389077606466084,-0.44704233792862513,-0.6908447911143614,-0.4705153140507293,-0.33289069281891515,-0.5163883148340143,-0.41993093893664113,0.4379139344178179,7302,7302.0,3652,7304,19,data_hourly_crypto/BTCUSD_1h_2016_2025.csv
BTC,UTC,7,7-7-7,07:00-19:00,19:00-07:00,1,17,Night Trend / Day Long,trend,long,100.0,5.485290260874543,-0.9451470973912546,-0.09652421484298554,-0.5869944747443071,-0.9921570542280383,-0.4219379000716986,-0.6367717573687229,-0.9553806348549557,-0.5531115143367853,-0.5188318505991212,-0.7376059555278744,-0.7054221337613034,-0.29264447671656046,-0.5242023775870416,-0.5240361466190072,0.6721915878101224,3431,6861.0,3652,7304,12,data_hourly_crypto/BTCUSD_1h_2016_2025.csv
BTC,UTC,7,7-7-7,07:00-19:00,19:00-07:00,1,18,Night Trend / Day Short,trend,short,100.0,0.0017124760928794289,-0.9999828752390713,-1.3293835163614995,-0.6635464040162715,-0.9999861013966856,-0.5470499623708247,-0.9201300632241667,-0.8810727116655614,-0.49812056847751396,-0.8066783437521073,-0.820733764318867,-0.4422651601752936,-0.48799474968240253,-0.7696246912442175,-0.46179402525176005,0.6598970201615378,3873,7745.0,3652,7304,25,data_hourly_crypto/BTCUSD_1h_2016_2025.csv
BTC,UTC,7,7-7-7,07:00-19:00,19:00-07:00,1,19,Night Trend / Day Trend,trend,trend,100.0,0.0020345721655009846,-0.999979654278345,-1.269056449571204,-0.6847908117597404,-0.9999825910700639,-0.5773011033618364,-0.7063725386947111,-0.9494531669807074,-0.6822033242866625,-0.5563320150437381,-0.861123909653356,-0.726855406822128,-0.3420828813421892,-0.7412682658849338,-0.704915505527143,0.6714361677770723,3727,7453.0,3652,7304,24,data_hourly_crypto/BTCUSD_1h_2016_2025.csv
BTC,UTC,7,7-7-7,07:00-19:00,19:00-07:00,1,20,Night Trend / Day Reversal,trend,reversal,100.0,4.617830645981445,-0.9538216935401855,-0.13653615433040667,-0.5508834645562706,-0.9763107761719589,-0.4504747895943346,-0.7311049042187788,-0.88387872531053,-0.4322244826420476,-0.6797013480349787,-0.6018320118324225,-0.4437235085244271,-0.37089222868914473,-0.5133129698033514,-0.4016896769126902,0.6605081669291951,3576,7151.0,3652,7304,14,data_hourly_crypto/BTCUSD_1h_2016_2025.csv
BTC,UTC,7,7-7-7,07:00-19:00,19:00-07:00,1,21,Night Reversal / Day Cash,reversal,cash,100.0,990.2855691634841,8.90285569163484,0.7425746351648527,-0.3568638071811588,-0.6117214607559571,-0.2803006467041602,-0.573332625306304,-0.23890056399437842,-0.5765754613965146,-0.35398073344661674,-0.44209259574240733,-0.244778782619396,-0.417580525333912,-0.16869550929098887,-0.27240062797690956,0.43791383480954055,7302,7302.0,3652,7304,5,data_hourly_crypto/BTCUSD_1h_2016_2025.csv
BTC,UTC,7,7-7-7,07:00-19:00,19:00-07:00,1,22,Night Reversal / Day Long,reversal,long,100.0,14586.671310533584,144.86671310533583,1.0855931350595793,-0.3856983102322081,-0.5291782049648746,-0.19951676756441583,-0.5291782049648744,-0.47864497631063285,-0.3991372032903022,-0.4638106035123146,-0.4452237325855989,-0.49342370255126844,-0.2899064933908302,-0.20535243053832408,-0.3527889876135194,0.6604007880764918,3873,7745.0,3652,7304,2,data_hourly_crypto/BTCUSD_1h_2016_2025.csv
BTC,UTC,7,7-7-7,07:00-19:00,19:00-07:00,1,23,Night Reversal / Day Short,reversal,short,100.0,5.4346558065454476,-0.9456534419345455,-0.099964979547513,-0.5742733319235285,-0.9752237576488609,-0.5198056435408075,-0.9429193932032812,-0.40163860561201925,-0.7841685932212019,-0.7431168537270983,-0.5946940277230929,-0.33323335530434595,-0.5963520791976976,-0.47160032492065473,-0.35520444278508534,0.6673811311355956,3431,6861.0,3652,7304,13,data_hourly_crypto/BTCUSD_1h_2016_2025.csv
BTC,UTC,7,7-7-7,07:00-19:00,19:00-07:00,1,24,Night Reversal / Day Trend,reversal,trend,100.0,6.091751218218996,-0.93908248781781,-0.09623954659550694,-0.5638188472856578,-0.9692209014138297,-0.5006192661205747,-0.692555697234581,-0.419319243819435,-0.8674801524496356,-0.6224379330507774,-0.5116003553945303,-0.5838595744304883,-0.45939036666805966,-0.476209962760784,-0.5047159209277123,0.6551609961665791,3576,7151.0,3652,7304,11,data_hourly_crypto/BTCUSD_1h_2016_2025.csv
BTC,UTC,7,7-7-7,07:00-19:00,19:00-07:00,1,25,Night Reversal / Day Reversal,reversal,reversal,100.0,13015.865480112723,129.15865480112723,1.060480224360493,-0.4185899533736448,-0.8380633322236347,-0.40732173459899357,-0.7603300824056087,-0.33818093845903896,-0.3663907353623428,-0.5121556945397991,-0.628582373104826,-0.22761266324382767,-0.46499465629540426,-0.25959430364434044,-0.22073635208226605,0.672732617191258,3727,7453.0,3652,7304,3,data_hourly_crypto/BTCUSD_1h_2016_2025.csv
BTC,UTC,7,7-7-7,07:00-19:00,19:00-07:00,2,1,Night Cash / Day Cash,cash,cash,100.0,100.0,0.0,0.0,0.0,0.0,0.0,0.0,0.0,0.0,0.0,0.0,0.0,0.0,0.0,0.0,0.0,0,0.0,3652,7304,9,data_hourly_crypto/BTCUSD_1h_2016_2025.csv
BTC,UTC,7,7-7-7,07:00-19:00,19:00-07:00,2,2,Night Cash / Day Long,cash,long,100.0,357.32122279658915,2.5732122279658913,0.5057457086456563,-0.3850604100740012,-0.7520129437186913,-0.18976054700299838,-0.38932993028896323,-0.700289286436951,-0.33303529638524376,-0.4018084448422029,-0.5220527637274461,-0.5649660499419134,-0.16599271173454944,-0.22737102235914208,-0.35599804802060164,0.5000296159668383,7303,7303.0,3652,7304,6,data_hourly_crypto/BTCUSD_1h_2016_2025.csv
BTC,UTC,7,7-7-7,07:00-19:00,19:00-07:00,2,3,Night Cash / Day Short,cash,short,100.0,0.12186505445031842,-0.9987813494554968,-1.0895726811759894,-0.5608794234288192,-0.9991055848430891,-0.5013017673299794,-0.9127396182271539,-0.5091492571398826,-0.600567116999602,-0.7529313285362982,-0.5634748585647793,-0.32198060489487,-0.5163711527305213,-0.6118124126973026,-0.31846611716780393,0.5000296646427719,7303,7303.0,3652,7304,21,data_hourly_crypto/BTCUSD_1h_2016_2025.csv
BTC,UTC,7,7-7-7,07:00-19:00,19:00-07:00,2,4,Night Cash / Day Trend,cash,trend,100.0,0.14067561950431767,-0.9985932438049568,-1.0609010032574961,-0.5682415550978466,-0.9986609103193868,-0.492582979966,-0.48535273748258023,-0.6699449573486305,-0.7617766926589455,-0.534888021422708,-0.6407575611596835,-0.6384295248032821,-0.3258230764381961,-0.5591902131074793,-0.5736697865909597,0.5000600811694478,7301,7301.0,3652,7304,20,data_hourly_crypto/BTCUSD_1h_2016_2025.csv
BTC,UTC,7,7-7-7,07:00-19:00,19:00-07:00,2,5,Night Cash / Day Reversal,cash,reversal,100.0,309.7895288391622,2.097895288391622,0.47726903235592355,-0.3496494118254,-0.7452950297777974,-0.35588857149498077,-0.6046961239675824,-0.3753230264549404,-0.2614868377902386,-0.4813816906145927,-0.4240760805052417,-0.252884475408252,-0.29192215441685665,-0.2571610343449585,-0.1916741232563557,0.5000604353376279,7301,7301.0,3652,7304,7,data_hourly_crypto/BTCUSD_1h_2016_2025.csv
BTC,UTC,7,7-7-7,07:00-19:00,19:00-07:00,2,6,Night Long / Day Cash,long,cash,100.0,304.52588633196814,2.0452588633196815,0.473325722411326,-0.3367787037594766,-0.6574833982280552,-0.21834697022376814,-0.33833599829673744,-0.5414729353703659,-0.45730955264359796,-0.229621943118123,-0.3194277134576188,-0.5079982759432806,-0.22812455284795374,-0.2706128913025776,-0.2565362043907431,0.4379317962676593,7304,7304.0,3652,7304,8,data_hourly_crypto/BTCUSD_1h_2016_2025.csv
BTC,UTC,7,7-7-7,07:00-19:00,19:00-07:00,2,7,Night Long / Day Long,long,long,100.0,20205.562768328888,201.0556276832889,1.1276123813746297,-0.45437653581146825,-0.8353879316562703,-0.2962832917186825,-0.35056429715024096,-0.810043417594263,-0.5172063150314787,-0.5204851623258746,-0.5397547443863568,-0.6733840478522739,-0.20693671179404893,-0.2994690502079287,-0.3296383200535341,0.671316598434399,1,1.0,3652,7304,1,data_hourly_crypto/BTCUSD_1h_2016_2025.csv
BTC,UTC,7,7-7-7,07:00-19:00,19:00-07:00,2,8,Night Long / Day Short,long,short,100.0,0.37100220082103436,-0.9962899779917896,-0.5216618627746349,-0.5711655436278708,-0.9973550682608161,-0.44251842992998347,-0.7502599394529851,-0.6809294921642542,-0.6004835815154748,-0.6636278233393558,-0.587981384446552,-0.5579168057411501,-0.4635245972350337,-0.5954647288495514,-0.3689486536043671,0.6557200240165426,7304,14607.0,3652,7304,17,data_hourly_crypto/BTCUSD_1h_2016_2025.csv
BTC,UTC,7,7-7-7,07:00-19:00,19:00-07:00,2,9,Night Long / Day Trend,long,trend,100.0,1.9516955435822245,-0.9804830445641778,-0.23320761065826257,-0.5765938256132338,-0.9962990491766891,-0.43790642890485365,-0.44117446189203535,-0.8018626438350768,-0.7137357472056505,-0.4415841731931446,-0.6328954758870606,-0.7618022072030397,-0.3491860326448307,-0.621768666032368,-0.5640224193342778,0.6814180199589208,3513,7023.0,3652,7304,15,data_hourly_crypto/BTCUSD_1h_2016_2025.csv
BTC,UTC,7,7-7-7,07:00-19:00,19:00-07:00,2,10,Night Long / Day Reversal,long,reversal,100.0,3840.9221341149964,37.409221341149966,0.8884692016519427,-0.4078521322323934,-0.7030829793696776,-0.315131440193659,-0.45853300130157393,-0.6108585747192729,-0.4978948995592767,-0.5714741136466455,-0.40058231022191904,-0.41869565581321055,-0.3019557724626115,-0.26663686066114467,-0.2367586937446201,0.6457320387352643,3794,7585.0,3652,7304,4,data_hourly_crypto/BTCUSD_1h_2016_2025.csv
BTC,UTC,7,7-7-7,07:00-19:00,19:00-07:00,2,11,Night Short / Day Cash,short,cash,100.0,0.25707378477047915,-0.9974292621522952,-1.140029539052029,-0.514734715995793,-0.9977002649707007,-0.5353488608812123,-0.8557378845352912,-0.3149517707770326,-0.6483563062905401,-0.6110278399739026,-0.6414909533387416,-0.204021332218434,-0.5174499610352006,-0.44799536537055207,-0.3709668855370237,0.4379317962676593,7304,7304.0,3652,7304,18,data_hourly_crypto/BTCUSD_1h_2016_2025.csv
BTC,UTC,7,7-7-7,07:00-19:00,19:00-07:00,2,12,Night Short / Day Long,short,long,100.0,0.9183107877268871,-0.9908168921227312,-0.37969090711329434,-0.5351138373689072,-0.9915088115982692,-0.4193929656458153,-0.6778703363000986,-0.6888677424488417,-0.5908666238133777,-0.45309808456367384,-0.7075915506351023,-0.561453670759626,-0.397198481699634,-0.3018446353685089,-0.5529542824543927,0.6608894574906736,7304,14607.0,3652,7304,16,data_hourly_crypto/BTCUSD_1h_2016_2025.csv
BTC,UTC,7,7-7-7,07:00-19:00,19:00-07:00,2,13,Night Short / Day Short,short,short,100.0,0.005817346089790137,-0.9999418265391021,-1.1135720797126338,-0.679381459415403,-0.9999634457667147,-0.6802836933637014,-0.9803145904698828,-0.5214377182945198,-0.7976234293515991,-0.8683413239175872,-0.7689164597466108,-0.335956300409195,-0.6845888372174971,-0.7148916499945108,-0.4414605913889258,0.6715891705526972,1,1.0,3652,7304,22,data_hourly_crypto/BTCUSD_1h_2016_2025.csv
BTC,UTC,7,7-7-7,07:00-19:00,19:00-07:00,2,14,Night Short / Day Trend,short,trend,100.0,0.0014723843096361585,-0.9999852761569037,-1.3987533748235228,-0.7007536294353682,-0.9999854153299428,-0.6114623341570466,-0.908014051818498,-0.6262091092552186,-0.8939156436538016,-0.7400137737721328,-0.8150903153946559,-0.5787392451907787,-0.5364591840536701,-0.674572523636312,-0.6230601134215683,0.6448277640873905,3794,7585.0,3652,7304,23,data_hourly_crypto/BTCUSD_1h_2016_2025.csv
BTC,UTC,7,7-7-7,07:00-19:00,19:00-07:00,2,15,Night Short / Day Reversal,short,reversal,100.0,3.6282194224512634,-0.9637178057754874,-0.14095432482700165,-0.5374640217216708,-0.9816371354677292,-0.5899236609405976,-0.919859650137669,-0.43837612060624054,-0.4443204713152754,-0.6717417871282156,-0.6840033685915294,-0.3146532857977955,-0.5710615012138545,-0.4635920096086049,-0.277108361876927,0.6866874509071826,3513,7023.0,3652,7304,10,data_hourly_crypto/BTCUSD_1h_2016_2025.csv
BTC,UTC,7,7-7-7,07:00-19:00,19:00-07:00,2,16,Night Trend / Day Cash,trend,cash,100.0,0.1642248935466103,-0.998357751064534,-1.242560623600972,-0.528763233537118,-0.9986291534769409,-0.3340903380668895,-0.6414208899693502,-0.8991552859927692,-0.40969333751943826,-0.45891402621958155,-0.7120655706749086,-0.48939372353922594,-0.33893475194390565,-0.54638250841255,-0.4575819030325612,0.4378264107560929,7302,7302.0,3652,7304,19,data_hourly_crypto/BTCUSD_1h_2016_2025.csv
BTC,UTC,7,7-7-7,07:00-19:00,19:00-07:00,2,17,Night Trend / Day Long,trend,long,100.0,2.7614727218927904,-0.9723852727810721,-0.19825820762857993,-0.597409809684416,-0.9955475938978471,-0.4236700065500151,-0.63793257769173,-0.9583147414414775,-0.5623135227243066,-0.5283624490342647,-0.7475443027622222,-0.7238003307090934,-0.29898400761286825,-0.5421319339415271,-0.5510442243766563,0.6723122180416488,3431,6861.0,3652,7304,12,data_hourly_crypto/BTCUSD_1h_2016_2025.csv
BTC,UTC,7,7-7-7,07:00-19:00,19:00-07:00,2,18,Night Trend / Day Short,trend,short,100.0,0.0007891553548182192,-0.9999921084464518,-1.446652233719676,-0.681066980251368,-0.9999935197477123,-0.5803760722420861,-0.9264198775621781,-0.8885369843230513,-0.5060319841353327,-0.8195353763136181,-0.833590815186761,-0.4652116569922954,-0.5066969376824167,-0.7850765649862776,-0.4991935330896631,0.6597840035234162,3873,7745.0,3652,7304,25,data_hourly_crypto/BTCUSD_1h_2016_2025.csv
BTC,UTC,7,7-7-7,07:00-19:00,19:00-07:00,2,19,Night Trend / Day Trend,trend,trend,100.0,0.0009653755466191074,-0.9999903462445338,-1.3796644054875307,-0.7001912038737657,-0.9999910200582426,-0.6016454982443766,-0.7145395864857387,-0.953087793595393,-0.7002963334646296,-0.5795774167463446,-0.865579584692036,-0.7399727233463731,-0.3649063226756294,-0.7572158775877403,-0.7250909018993951,0.6714261306945072,3727,7453.0,3652,7304,24,data_hourly_crypto/BTCUSD_1h_2016_2025.csv
BTC,UTC,7,7-7-7,07:00-19:00,19:00-07:00,2,20,Night Trend / Day Reversal,trend,reversal,100.0,2.258295795212196,-0.977417042047878,-0.24491516511329647,-0.5627790214616483,-0.9874862299145418,-0.46863744370853755,-0.7381653120629287,-0.89144956646936,-0.44447168346091936,-0.6866103495553044,-0.6254011607520044,-0.4582213435981092,-0.37889587662721946,-0.5262815463831763,-0.40965593199892425,0.6602755751900117,3576,7151.0,3652,7304,14,data_hourly_crypto/BTCUSD_1h_2016_2025.csv
BTC,UTC,7,7-7-7,07:00-19:00,19:00-07:00,2,21,Night Reversal / Day Cash,reversal,cash,100.0,477.07981703185453,3.770798170318545,0.5758791948032121,-0.3744913182965915,-0.6419974009641818,-0.2902367422704967,-0.5905157005718178,-0.25030852974843865,-0.5901175393151091,-0.3839536515980009,-0.4623071584901426,-0.2606972487454011,-0.4500197664229345,-0.1719317674402111,-0.29482507836336225,0.43782621154950546,7302,7302.0,3652,7304,5,data_hourly_crypto/BTCUSD_1h_2016_2025.csv
BTC,UTC,7,7-7-7,07:00-19:00,19:00-07:00,2,22,Night Reversal / Day Long,reversal,long,100.0,6721.93312452355,66.2193312452355,0.9683050751659839,-0.3997346405704111,-0.5387510958737081,-0.2060558449465527,-0.5376721801501103,-0.48350914050303295,-0.4100952429792091,-0.46520330246408514,-0.4676226476398532,-0.5181369503615443,-0.32377522304763773,-0.2124742987537499,-0.37280157485833554,0.660311059543502,3873,7745.0,3652,7304,2,data_hourly_crypto/BTCUSD_1h_2016_2025.csv
BTC,UTC,7,7-7-7,07:00-19:00,19:00-07:00,2,23,Night Reversal / Day Short,reversal,short,100.0,2.7359816981241045,-0.972640183018759,-0.20298859488829984,-0.5869952345597431,-0.987137854460378,-0.5408497552747885,-0.9460937051940607,-0.4084232151400009,-0.790507354033238,-0.7540303206452931,-0.6040890551358509,-0.338812404033735,-0.6165045907556068,-0.4915120926675822,-0.37912985271727573,0.6670772820078475,3431,6861.0,3652,7304,13,data_hourly_crypto/BTCUSD_1h_2016_2025.csv
BTC,UTC,7,7-7-7,07:00-19:00,19:00-07:00,2,24,Night Reversal / Day Trend,reversal,trend,100.0,2.979099325254461,-0.9702090067474554,-0.2052122828188273,-0.5814348399932163,-0.9810483621661618,-0.5166413060929741,-0.7031926193698906,-0.42094336235036245,-0.8762687542292623,-0.6394894913095333,-0.5406025916534893,-0.6050310714565387,-0.49012647306962254,-0.4926092743770585,-0.5294434560234313,0.6551469337911966,3576,7151.0,3652,7304,11,data_hourly_crypto/BTCUSD_1h_2016_2025.csv
BTC,UTC,7,7-7-7,07:00-19:00,19:00-07:00,2,25,Night Reversal / Day Reversal,reversal,reversal,100.0,6175.842993256805,60.75842993256805,0.9497304316365056,-0.4307576407931859,-0.8529243888634206,-0.42347783822351104,-0.7757317887715038,-0.3434559453018541,-0.37906500362751827,-0.5139093017400387,-0.6397068572088858,-0.232695153756862,-0.49248153222098323,-0.26813593496956967,-0.23891705211113312,0.6725202134847161,3727,7453.0,3652,7304,3,data_hourly_crypto/BTCUSD_1h_2016_2025.csv
BTC,UTC,8,8-8-8,08:00-20:00,20:00-08:00,0,1,Night Cash / Day Cash,cash,cash,100.0,100.0,0.0,0.0,0.0,0.0,0.0,0.0,0.0,0.0,0.0,0.0,0.0,0.0,0.0,0.0,0.0,0,0.0,3652,7304,9,data_hourly_crypto/BTCUSD_1h_2016_2025.csv
BTC,UTC,8,8-8-8,08:00-20:00,20:00-08:00,0,2,Night Cash / Day Long,cash,long,100.0,1541.9463041278573,14.419463041278572,0.7908430199256368,-0.3681827296200289,-0.704129308281046,-0.21196914959465263,-0.39239417582712033,-0.5212520216057067,-0.36248461824720557,-0.29916667892421767,-0.5268298389821615,-0.6002833222022682,-0.19152150990450856,-0.24396953905328433,-0.33195644185916373,0.5110572370365815,7303,7303.0,3652,7304,7,data_hourly_crypto/BTCUSD_1h_2016_2025.csv
BTC,UTC,8,8-8-8,08:00-20:00,20:00-08:00,0,3,Night Cash / Day Short,cash,short,100.0,0.46872769012359466,-0.9953127230987641,-0.7908430199256367,-0.5257986254077808,-0.9968281411415116,-0.4727223280633803,-0.8495127891570438,-0.5142341362169122,-0.6254149617401921,-0.7392882797194527,-0.5423256623500983,-0.29189399225047974,-0.4737472975686673,-0.4545894704230128,-0.29425733658856856,0.5110572370365816,7303,7303.0,3652,7304,20,data_hourly_crypto/BTCUSD_1h_2016_2025.csv
BTC,UTC,8,8-8-8,08:00-20:00,20:00-08:00,0,4,Night Cash / Day Trend,cash,trend,100.0,0.21067675252312434,-0.9978932324747688,-0.9468932269233408,-0.5453928264693502,-0.9987056668939691,-0.24922248108067357,-0.7969659807177548,-0.6715184019515067,-0.7203507449640298,-0.4779894360798391,-0.6493788988956075,-0.4157521033281477,-0.5226950155623061,-0.479952843239696,-0.47010235887394036,0.5108674719176668,7301,7301.0,3652,7304,21,data_hourly_crypto/BTCUSD_1h_2016_2025.csv
BTC,UTC,8,8-8-8,08:00-20:00,20:00-08:00,0,5,Night Cash / Day Reversal,cash,reversal,100.0,3430.635533348065,33.30635533348065,0.9468932269233408,-0.33002793558900934,-0.5533691404147837,-0.33674843539338406,-0.4207248878796893,-0.329423172796394,-0.34013292653975125,-0.4014300288235839,-0.3468671417350213,-0.34870137790631506,-0.2653114077178639,-0.21027233556977964,-0.3006676415283104,0.5108674719176668,7301,7301.0,3652,7304,5,data_hourly_crypto/BTCUSD_1h_2016_2025.csv
BTC,UTC,8,8-8-8,08:00-20:00,20:00-08:00,0,6,Night Long / Day Cash,long,cash,100.0,1311.0775386010682,12.110775386010681,0.8176530462948743,-0.3175390882005781,-0.6997531475801877,-0.19995387830107691,-0.2818159004745411,-0.6018496233634603,-0.49125866794971806,-0.35533259626150016,-0.32077629704655186,-0.3252628778124633,-0.17708303610085807,-0.164909907265954,-0.2571480974296567,0.4251835857236869,7304,7304.0,3652,7304,8,data_hourly_crypto/BTCUSD_1h_2016_2025.csv
BTC,UTC,8,8-8-8,08:00-20:00,20:00-08:00,0,7,Night Long / Day Long,long,long,100.0,20216.11165070984,201.16111650709843,1.1269940635270235,-0.45592663558071866,-0.8358511076575427,-0.2924555326961614,-0.3676313405336056,-0.8081078712978411,-0.5199166054358508,-0.5378325882356341,-0.5369356870832809,-0.6724961454143957,-0.2101409205071667,-0.2827050567705037,-0.3310446078327466,0.6719209739211819,1,1.0,3652,7304,4,data_hourly_crypto/BTCUSD_1h_2016_2025.csv
BTC,UTC,8,8-8-8,08:00-20:00,20:00-08:00,0,8,Night Long / Day Short,long,short,100.0,6.145383462414145,-0.9385461653758586,-0.09462384608490339,-0.49574766669680104,-0.9728085098250027,-0.41185847355292393,-0.5808457755104053,-0.6685864584306065,-0.6494250098713097,-0.6485534137964354,-0.5874622922389394,-0.39964543403513175,-0.31922198120294676,-0.3016691732794605,-0.39020865504985114,0.6546514766455983,7304,14607.0,3652,7304,15,data_hourly_crypto/BTCUSD_1h_2016_2025.csv
BTC,UTC,8,8-8-8,08:00-20:00,20:00-08:00,0,9,Night Long / Day Trend,long,trend,100.0,2.7621355813848476,-0.9723786441861515,-0.17634669506422174,-0.5372341104193044,-0.9948441339275333,-0.29584627333706337,-0.5173227018058297,-0.8578123574182066,-0.6530365892659691,-0.37099823382504815,-0.5834090359316154,-0.5658459997373795,-0.5347124875154102,-0.45151409644832396,-0.5418433289081974,0.6850409581598821,3469,6935.0,3652,7304,17,data_hourly_crypto/BTCUSD_1h_2016_2025.csv
BTC,UTC,8,8-8-8,08:00-20:00,20:00-08:00,0,10,Night Long / Day Reversal,long,reversal,100.0,44978.29190899365,448.78291908993646,1.273802189082867,-0.44975317080824934,-0.7895328173316406,-0.42420421158556987,-0.41648511438730307,-0.5688180515285057,-0.6442264347578388,-0.5873149463893892,-0.42726293328905696,-0.5192584656368912,-0.23302553206245413,-0.31566978217101005,-0.36126623627447463,0.6406881886000049,3838,7673.0,3652,7304,2,data_hourly_crypto/BTCUSD_1h_2016_2025.csv
BTC,UTC,8,8-8-8,08:00-20:00,20:00-08:00,0,11,Night Short / Day Cash,short,cash,100.0,1.2414310022081971,-0.9875856899779181,-0.8176530462948749,-0.48040188017015534,-0.9897137449614433,-0.43000191886947703,-0.8847986850257707,-0.2964513540730356,-0.6183684488416705,-0.5258759030347273,-0.5845555649957903,-0.2492400539787616,-0.41188296073897723,-0.4781974602418666,-0.3246464519014761,0.42518358572368686,7304,7304.0,3652,7304,18,data_hourly_crypto/BTCUSD_1h_2016_2025.csv
BTC,UTC,8,8-8-8,08:00-20:00,20:00-08:00,0,12,Night Short / Day Long,short,long,100.0,19.14219945684662,-0.8085780054315338,0.0773741632556384,-0.4776782051994455,-0.8764204405611163,-0.30234049611849434,-0.790012407038079,-0.4437978047694874,-0.5323725841109805,-0.240266905090201,-0.6819926494753594,-0.5976074910702454,-0.29368179021532037,-0.42878104838506126,-0.4659288757212262,0.6601835350191498,7304,14607.0,3652,7304,12,data_hourly_crypto/BTCUSD_1h_2016_2025.csv
BTC,UTC,8,8-8-8,08:00-20:00,20:00-08:00,0,13,Night Short / Day Short,short,short,100.0,0.005818930861128682,-0.9999418106913888,-1.1085624060628247,-0.6826289186300539,-0.999963412251789,-0.6831298449393979,-0.9810424136524749,-0.5509516335172159,-0.7985153059677622,-0.8751282870581797,-0.7714408555578312,-0.3328679442232886,-0.6849025841580965,-0.7114597180193437,-0.4368505992069486,0.6732922321181957,1,1.0,3652,7304,22,data_hourly_crypto/BTCUSD_1h_2016_2025.csv
BTC,UTC,8,8-8-8,08:00-20:00,20:00-08:00,0,14,Night Short / Day Trend,short,trend,100.0,0.002615406520267483,-0.9999738459347973,-1.3210567013669803,-0.6982730413304203,-0.9999794775849234,-0.46734943265501805,-0.9713422231949138,-0.6722645799152864,-0.8827212563194161,-0.7160859679563416,-0.8328249277896336,-0.5064466267161698,-0.6284595575545174,-0.7149135966773303,-0.5903222445255769,0.6409029894003437,3838,7673.0,3652,7304,24,data_hourly_crypto/BTCUSD_1h_2016_2025.csv
BTC,UTC,8,8-8-8,08:00-20:00,20:00-08:00,0,15,Night Short / Day Reversal,short,reversal,100.0,42.588973083753274,-0.5741102691624673,0.21895121705325388,-0.4756972900205768,-0.9228719781727968,-0.5515140108924496,-0.8375755552991735,-0.3057837079256823,-0.4491179803205323,-0.43280031089782334,-0.5901808044913448,-0.3646979745162069,-0.4190215257834594,-0.40861339568894384,-0.39766763439015207,0.6913132656099314,3469,6935.0,3652,7304,10,data_hourly_crypto/BTCUSD_1h_2016_2025.csv
BTC,UTC,8,8-8-8,08:00-20:00,20:00-08:00,0,16,Night Trend / Day Cash,trend,cash,100.0,0.5876692290603286,-0.9941233077093967,-0.9935150429647731,-0.498471710248257,-0.9966288648074303,-0.2600428851875206,-0.5165297197743178,-0.8448785744046687,-0.4104706913782684,-0.46813291430183246,-0.6790449791744329,-0.46908487240412355,-0.5020382444449185,-0.4301615078045885,-0.40433271360789813,0.4249980247166067,7302,7302.0,3652,7304,19,data_hourly_crypto/BTCUSD_1h_2016_2025.csv
BTC,UTC,8,8-8-8,08:00-20:00,20:00-08:00,0,17,Night Trend / Day Long,trend,long,100.0,9.061543957992434,-0.9093845604200756,-0.023079389330510902,-0.5741974483594021,-0.9859592539085583,-0.3459347591194134,-0.6129162912686958,-0.9189002426605869,-0.5340526618053543,-0.42995319145008715,-0.7635132738416377,-0.7545897506543202,-0.4196218649090713,-0.43104098890202347,-0.5314514589828307,0.6713707961145803,3515,7029.0,3652,7304,14,data_hourly_crypto/BTCUSD_1h_2016_2025.csv
BTC,UTC,8,8-8-8,08:00-20:00,20:00-08:00,0,18,Night Trend / Day Short,trend,short,100.0,0.0027545684029416408,-0.9999724543159706,-1.2557646918570562,-0.6689491237613587,-0.9999800186289315,-0.5299473296103526,-0.851691765465266,-0.8505866422464907,-0.6015110338330861,-0.8532770248270457,-0.7542467143259041,-0.375000529302812,-0.7285907996367951,-0.663441713809698,-0.48119768455613743,0.6601467925953017,3789,7577.0,3652,7304,23,data_hourly_crypto/BTCUSD_1h_2016_2025.csv
BTC,UTC,8,8-8-8,08:00-20:00,20:00-08:00,0,19,Night Trend / Day Trend,trend,trend,100.0,0.001238082447361992,-0.9999876191755264,-1.335708356173815,-0.6953312988829602,-0.9999939127668168,-0.3344454047401558,-0.8791694156730274,-0.9430887339475733,-0.6473033659221623,-0.6669831146673869,-0.8515179049209414,-0.6466340772021122,-0.7048678551065679,-0.6679166035877616,-0.6113865130619112,0.6732738649320621,3743,7485.0,3652,7304,25,data_hourly_crypto/BTCUSD_1h_2016_2025.csv
BTC,UTC,8,8-8-8,08:00-20:00,20:00-08:00,0,20,Night Trend / Day Reversal,trend,reversal,100.0,20.16078939069625,-0.7983921060930375,0.08331021291718635,-0.5427947763962179,-0.9142363113396176,-0.46651619761260055,-0.4813194826169306,-0.8013794178135902,-0.5096121321401881,-0.5952407317869722,-0.636949910404105,-0.573720162899394,-0.5066475567626026,-0.41534477810184656,-0.44121739382394876,0.6579465336999704,3560,7119.0,3652,7304,11,data_hourly_crypto/BTCUSD_1h_2016_2025.csv
BTC,UTC,8,8-8-8,08:00-20:00,20:00-08:00,0,21,Night Reversal / Day Cash,reversal,cash,100.0,2769.616837489342,26.696168374893418,0.9935150429647732,-0.32140671668130455,-0.5927958250401464,-0.2912124924199667,-0.5298016214210186,-0.3522346931522726,-0.5292023427954291,-0.24634374309076867,-0.5478412586660073,-0.1831247211877597,-0.166679092892823,-0.21808377589212402,-0.14954342529487563,0.42499802471660664,7302,7302.0,3652,7304,6,data_hourly_crypto/BTCUSD_1h_2016_2025.csv
BTC,UTC,8,8-8-8,08:00-20:00,20:00-08:00,0,22,Night Reversal / Day Long,reversal,long,100.0,42706.00446416988,426.06004464169877,1.2472228898913262,-0.3648969627476046,-0.5349263697997135,-0.1899007786661111,-0.5033003895018608,-0.4090750578421556,-0.3572668994131093,-0.44232155571878173,-0.5122240943121078,-0.4828010960268958,-0.17584330289662953,-0.3100859186909184,-0.26615053440747616,0.6605290297760409,3789,7577.0,3652,7304,3,data_hourly_crypto/BTCUSD_1h_2016_2025.csv
BTC,UTC,8,8-8-8,08:00-20:00,20:00-08:00,0,23,Night Reversal / Day Short,reversal,short,100.0,12.981961027637952,-0.8701803897236204,0.03094002378795292,-0.5543254147801498,-0.9789849082111921,-0.5488237561920304,-0.9161167426874768,-0.5408344212547633,-0.7676234586539802,-0.678912239656253,-0.6831629460687986,-0.39319636573457484,-0.3772504470913923,-0.36901234873978217,-0.26832142172244644,0.667644483395044,3515,7029.0,3652,7304,13,data_hourly_crypto/BTCUSD_1h_2016_2025.csv
BTC,UTC,8,8-8-8,08:00-20:00,20:00-08:00,0,24,Night Reversal / Day Trend,reversal,trend,100.0,5.834938810556203,-0.941650611894438,-0.10439191439821874,-0.5360670077101483,-0.9660535717611721,-0.3835253315120353,-0.8430288067249722,-0.546627474411444,-0.8361664717012302,-0.504503427716953,-0.5837010195209587,-0.3873613430409879,-0.42346644875600536,-0.4269416578493195,-0.4253480958675768,0.6530809501712254,3560,7119.0,3652,7304,16,data_hourly_crypto/BTCUSD_1h_2016_2025.csv
BTC,UTC,8,8-8-8,08:00-20:00,20:00-08:00,0,25,Night Reversal / Day Reversal,reversal,reversal,100.0,95015.45936450094,949.1545936450094,1.3528717060608135,-0.42003329609936124,-0.7506232057656872,-0.45725645507608237,-0.6492008794606915,-0.3722966623083014,-0.3207296495421619,-0.4807144321752931,-0.6490353700592855,-0.38488635742485466,-0.3294288788201636,-0.2970726088321187,-0.25971166729465955,0.6746095938951379,3743,7485.0,3652,7304,1,data_hourly_crypto/BTCUSD_1h_2016_2025.csv
BTC,UTC,8,8-8-8,08:00-20:00,20:00-08:00,1,1,Night Cash / Day Cash,cash,cash,100.0,100.0,0.0,0.0,0.0,0.0,0.0,0.0,0.0,0.0,0.0,0.0,0.0,0.0,0.0,0.0,0.0,0,0.0,3652,7304,9,data_hourly_crypto/BTCUSD_1h_2016_2025.csv
BTC,UTC,8,8-8-8,08:00-20:00,20:00-08:00,1,2,Night Cash / Day Long,cash,long,100.0,742.8277696352079,6.42827769635208,0.6480000231660401,-0.3818620501591396,-0.7375615676284042,-0.21330773085405852,-0.39886122110720623,-0.5530392055587652,-0.3729178329796935,-0.3032896270119694,-0.5337349089949657,-0.6216373052698193,-0.2037976923380358,-0.25693702224859316,-0.36109795522828936,0.5109550443545511,7303,7303.0,3652,7304,7,data_hourly_crypto/BTCUSD_1h_2016_2025.csv
BTC,UTC,8,8-8-8,08:00-20:00,20:00-08:00,1,3,Night Cash / Day Short,cash,short,100.0,0.22580808662965215,-0.9977419191337035,-0.9336860892804749,-0.5478574979717336,-0.9984230408170018,-0.5084695989582444,-0.8593921643985017,-0.5308957613799207,-0.6514034440430545,-0.7540539109533175,-0.5525332751846576,-0.298449177029242,-0.5100624446088574,-0.4903103823597501,-0.32300482080178916,0.5109550190449877,7303,7303.0,3652,7304,20,data_hourly_crypto/BTCUSD_1h_2016_2025.csv
BTC,UTC,8,8-8-8,08:00-20:00,20:00-08:00,1,4,Night Cash / Day Trend,cash,trend,100.0,0.1015131627966998,-0.998984868372033,-1.0897507450478028,-0.566208402484867,-0.9992906166846366,-0.2713395369848859,-0.8062495080132792,-0.6913593352278353,-0.7317728832440319,-0.5032146899989742,-0.666379649539118,-0.4537798999615522,-0.5364778363644245,-0.5109736280756949,-0.49053705743887444,0.5107651463370634,7301,7301.0,3652,7304,21,data_hourly_crypto/BTCUSD_1h_2016_2025.csv
BTC,UTC,8,8-8-8,08:00-20:00,20:00-08:00,1,5,Night Cash / Day Reversal,cash,reversal,100.0,1653.0284391709483,15.530284391709483,0.804036257938194,-0.3418312962999754,-0.5836072478031349,-0.3511115233591229,-0.43655139076140037,-0.3314988457906123,-0.3540401527979333,-0.40542724187707546,-0.3531722166663388,-0.3683610476530327,-0.2760328702809388,-0.2166531706685878,-0.32546450314471187,0.5107654758777462,7301,7301.0,3652,7304,5,data_hourly_crypto/BTCUSD_1h_2016_2025.csv
BTC,UTC,8,8-8-8,08:00-20:00,20:00-08:00,1,6,Night Long / Day Cash,long,cash,100.0,631.5443091179941,5.315443091179941,0.6459367479436436,-0.33235563468898477,-0.7451954521712574,-0.21682457854077675,-0.28646919021390194,-0.6281366866792237,-0.5099841077472274,-0.3600217664750839,-0.33255989382536877,-0.35321039815605715,-0.1965185438284689,-0.17081834258410356,-0.26901283883963545,0.4250985532583779,7304,7304.0,3652,7304,8,data_hourly_crypto/BTCUSD_1h_2016_2025.csv
BTC,UTC,8,8-8-8,08:00-20:00,20:00-08:00,1,7,Night Long / Day Long,long,long,100.0,20214.09003954472,201.1409003954472,1.1269791736303365,-0.45592663558071866,-0.835851107657543,-0.2924555326961614,-0.3676313405336056,-0.8081078712978411,-0.5199166054358508,-0.5378325882356341,-0.5369356870832809,-0.6724961454143957,-0.2101409205071667,-0.2827050567705037,-0.3310446078327466,0.671920950050647,1,1.0,3652,7304,3,data_hourly_crypto/BTCUSD_1h_2016_2025.csv
BTC,UTC,8,8-8-8,08:00-20:00,20:00-08:00,1,8,Night Long / Day Short,long,short,100.0,1.4259739571240286,-0.9857402604287597,-0.31769492468559485,-0.5271107112555925,-0.9914174741623488,-0.478475846621919,-0.5958301181302179,-0.6998275735012834,-0.6862827155383331,-0.6938219371443977,-0.6048271303771271,-0.4136493065053134,-0.3447129628295269,-0.3270377380078583,-0.42664178389994867,0.6543896487748276,7304,14607.0,3652,7304,16,data_hourly_crypto/BTCUSD_1h_2016_2025.csv
BTC,UTC,8,8-8-8,08:00-20:00,20:00-08:00,1,9,Night Long / Day Trend,long,trend,100.0,1.3804848770757776,-0.9861951512292422,-0.2772868573979335,-0.553580075650309,-0.9969672128670517,-0.3124914592168694,-0.5214563398248934,-0.8677174201389789,-0.6738970500225935,-0.3988559229027787,-0.5934518392661775,-0.5941463731585837,-0.5497278217418142,-0.47027494969681893,-0.5537815805335806,0.6850913691022696,3469,6935.0,3652,7304,17,data_hourly_crypto/BTCUSD_1h_2016_2025.csv
BTC,UTC,8,8-8-8,08:00-20:00,20:00-08:00,1,10,Night Long / Day Reversal,long,reversal,100.0,20880.23976873667,207.8023976873667,1.1540795610076267,-0.4595555608412103,-0.7983919555187209,-0.4403283774390059,-0.4295259385037866,-0.5848140987517917,-0.6540508927311475,-0.5892091271043347,-0.4386050099971611,-0.522325692592968,-0.2421751332552352,-0.3243742519719027,-0.37014708606476965,0.6405497391690177,3838,7673.0,3652,7304,2,data_hourly_crypto/BTCUSD_1h_2016_2025.csv
BTC,UTC,8,8-8-8,08:00-20:00,20:00-08:00,1,11,Night Short / Day Cash,short,cash,100.0,0.5979956650342584,-0.9940200433496574,-0.989369344646106,-0.5042066366856017,-0.9949313568707748,-0.46699562138929296,-0.8924392695561888,-0.30810363174412936,-0.6313592992989494,-0.5526388589738025,-0.6098317541674414,-0.2693134294106392,-0.45027255589304793,-0.5122583476408274,-0.3488535987816991,0.42509855325837803,7304,7304.0,3652,7304,18,data_hourly_crypto/BTCUSD_1h_2016_2025.csv
BTC,UTC,8,8-8-8,08:00-20:00,20:00-08:00,1,12,Night Short / Day Long,short,long,100.0,4.441753403100774,-0.9555824659689922,-0.14382768475712193,-0.5102603351539678,-0.9650485883717573,-0.3431043708330638,-0.808662449835051,-0.4582908421521563,-0.5668962463720386,-0.24993047628593257,-0.6975462219972786,-0.6447240118218505,-0.3148328537521531,-0.49216284888995976,-0.5264530296001946,0.6599194833958929,7304,14607.0,3652,7304,14,data_hourly_crypto/BTCUSD_1h_2016_2025.csv
BTC,UTC,8,8-8-8,08:00-20:00,20:00-08:00,1,13,Night Short / Day Short,short,short,100.0,0.005818348968042574,-0.9999418165103195,-1.1085771532302993,-0.6826289186300541,-0.999963412251789,-0.6831298449393992,-0.9810424136524749,-0.5509516335172159,-0.7985153059677622,-0.8751282870581797,-0.7714408555578312,-0.3328679442232886,-0.6849025841580965,-0.7114597180193437,-0.4368505992069486,0.6732922575807757,1,1.0,3652,7304,22,data_hourly_crypto/BTCUSD_1h_2016_2025.csv
BTC,UTC,8,8-8-8,08:00-20:00,20:00-08:00,1,14,Night Short / Day Trend,short,trend,100.0,0.001214148268377953,-0.9999878585173162,-1.440663918038583,-0.7109918262711588,-0.999990250234073,-0.4850539011585483,-0.9732049243255217,-0.678561994380632,-0.8881734773815085,-0.734964280532026,-0.8409471369111301,-0.5178628267995464,-0.6498884632965374,-0.7344016452995583,-0.6068596126265784,0.6407927727369714,3838,7673.0,3652,7304,24,data_hourly_crypto/BTCUSD_1h_2016_2025.csv
BTC,UTC,8,8-8-8,08:00-20:00,20:00-08:00,1,15,Night Short / Day Reversal,short,reversal,100.0,21.285498680275122,-0.7871450131972488,0.11852652233200897,-0.49145558725446625,-0.9314574403710226,-0.5779037316974247,-0.8463607415051015,-0.3084169867733887,-0.45807965502782966,-0.45916909687116025,-0.6050684829245392,-0.39241258619242114,-0.43064070409067545,-0.41776834793417916,-0.4187355395279432,0.6909991890599811,3469,6935.0,3652,7304,10,data_hourly_crypto/BTCUSD_1h_2016_2025.csv
BTC,UTC,8,8-8-8,08:00-20:00,20:00-08:00,1,16,Night Trend / Day Cash,trend,cash,100.0,0.28313611155295026,-0.9971686388844705,-1.1652591129586671,-0.5215814358977559,-0.9981571388383988,-0.2821284046739819,-0.5210053731189226,-0.8554096334795048,-0.426806686076707,-0.5041417428646555,-0.6867182850943427,-0.4993039435478893,-0.5349151496677284,-0.4670915619271454,-0.43829357852668016,0.42491308848698556,7302,7302.0,3652,7304,19,data_hourly_crypto/BTCUSD_1h_2016_2025.csv
BTC,UTC,8,8-8-8,08:00-20:00,20:00-08:00,1,17,Night Trend / Day Long,trend,long,100.0,4.486483571351268,-0.9551351642864874,-0.12755515393500538,-0.5854413562660514,-0.992075919165772,-0.3481550263791222,-0.6166915601186593,-0.9245950676972446,-0.5427315029250733,-0.43832859093461907,-0.7658197541986171,-0.7691599199860932,-0.43688896566650304,-0.454274862414344,-0.5577683123402388,0.6713995828616642,3515,7029.0,3652,7304,13,data_hourly_crypto/BTCUSD_1h_2016_2025.csv
BTC,UTC,8,8-8-8,08:00-20:00,20:00-08:00,1,18,Night Trend / Day Short,trend,short,100.0,0.0012910876409805768,-0.9999870891235902,-1.3706952528705236,-0.6863642795635032,-0.9999904596853886,-0.5606756440052615,-0.8634781748990464,-0.8602982270741736,-0.6159102962040495,-0.8624840644452711,-0.7717775690034268,-0.3835671331556221,-0.747143896633188,-0.6866990637895423,-0.5116087264254514,0.6599479009745032,3789,7577.0,3652,7304,23,data_hourly_crypto/BTCUSD_1h_2016_2025.csv
BTC,UTC,8,8-8-8,08:00-20:00,20:00-08:00,1,19,Night Trend / Day Trend,trend,trend,100.0,0.000585662797619364,-0.9999941433720239,-1.4464970820818774,-0.710114942688435,-0.999996787242031,-0.3474298091063218,-0.8840933327685363,-0.9470744579949055,-0.6660461421886521,-0.6858133064646965,-0.85630958366672,-0.6684578236006558,-0.7174603642596359,-0.6908028836723537,-0.6376617231618733,0.6732492099574482,3743,7485.0,3652,7304,25,data_hourly_crypto/BTCUSD_1h_2016_2025.csv
BTC,UTC,8,8-8-8,08:00-20:00,20:00-08:00,1,20,Night Trend / Day Reversal,trend,reversal,100.0,9.892416012550115,-0.9010758398744989,-0.02495788906391347,-0.553974848332559,-0.9512288348424529,-0.4680080119308949,-0.49057312467438674,-0.8149197857424431,-0.5231538774217125,-0.6042865925806351,-0.6450636234911715,-0.5875591816682779,-0.5139933468422395,-0.4303513832674746,-0.4618395557063535,0.6577056344731104,3560,7119.0,3652,7304,11,data_hourly_crypto/BTCUSD_1h_2016_2025.csv
BTC,UTC,8,8-8-8,08:00-20:00,20:00-08:00,1,21,Night Reversal / Day Cash,reversal,cash,100.0,1334.387616503571,12.343876165035711,0.8217709069815167,-0.33109936710420573,-0.6321005589930738,-0.3008571467747341,-0.5508969405008768,-0.3651254344003628,-0.5431628900109509,-0.24822562449672736,-0.5622133458573034,-0.19149577020588993,-0.1684273179316611,-0.22190598444492948,-0.1586832164186217,0.4249129796438897,7302,7302.0,3652,7304,6,data_hourly_crypto/BTCUSD_1h_2016_2025.csv
BTC,UTC,8,8-8-8,08:00-20:00,20:00-08:00,1,22,Night Reversal / Day Long,reversal,long,100.0,20016.636544755816,199.16636544755818,1.1324866381570646,-0.37922876621559143,-0.5825415843366069,-0.19704786721929513,-0.5153713257461188,-0.4096657464616055,-0.3704989804102583,-0.4437697809924974,-0.5279651534528964,-0.5113620400907629,-0.19281038948429108,-0.33034403890610986,-0.2934523393920794,0.6604816872025284,3789,7577.0,3652,7304,4,data_hourly_crypto/BTCUSD_1h_2016_2025.csv
BTC,UTC,8,8-8-8,08:00-20:00,20:00-08:00,1,23,Night Reversal / Day Short,reversal,short,100.0,6.4275310194846895,-0.9357246898051531,-0.07444684724700885,-0.5674734487507755,-0.9853606002246273,-0.5730083900236563,-0.920844027813403,-0.5514552100125796,-0.7737690458071429,-0.6924892143557337,-0.6928966008741824,-0.39779105091719114,-0.4092817581970647,-0.39108253579740193,-0.27211665370939986,0.6673921059794939,3515,7029.0,3652,7304,12,data_hourly_crypto/BTCUSD_1h_2016_2025.csv
BTC,UTC,8,8-8-8,08:00-20:00,20:00-08:00,1,24,Night Reversal / Day Trend,reversal,trend,100.0,2.863064585577858,-0.9713693541442214,-0.21321418000898287,-0.5491462357923035,-0.9804919876937356,-0.40294213672731627,-0.8503562415838872,-0.5562275196083848,-0.8417070547045957,-0.5249803291513018,-0.5960057259195789,-0.39768919751331255,-0.43750535365117194,-0.44030881851803916,-0.4437399805454465,0.6530563097273077,3560,7119.0,3652,7304,15,data_hourly_crypto/BTCUSD_1h_2016_2025.csv
BTC,UTC,8,8-8-8,08:00-20:00,20:00-08:00,1,25,Night Reversal / Day Reversal,reversal,reversal,100.0,44946.13413433886,448.46134134338865,1.2420182325988554,-0.42980125779991624,-0.7708546493010358,-0.48692024821285473,-0.6577945549758273,-0.3729241146148691,-0.33591048791711087,-0.4817520690952598,-0.6604293082150283,-0.3929533052295513,-0.34084205504751786,-0.30434589440510296,-0.2641405402860405,0.6743878559671319,3743,7485.0,3652,7304,1,data_hourly_crypto/BTCUSD_1h_2016_2025.csv
BTC,UTC,8,8-8-8,08:00-20:00,20:00-08:00,2,1,Night Cash / Day Cash,cash,cash,100.0,100.0,0.0,0.0,0.0,0.0,0.0,0.0,0.0,0.0,0.0,0.0,0.0,0.0,0.0,0.0,0.0,0,0.0,3652,7304,9,data_hourly_crypto/BTCUSD_1h_2016_2025.csv
BTC,UTC,8,8-8-8,08:00-20:00,20:00-08:00,2,2,Night Cash / Day Long,cash,long,100.0,357.82879716726063,2.5782879716726064,0.5051141665304995,-0.3961102146521362,-0.7672189008419386,-0.21464417188209273,-0.4052600709680123,-0.5827186994695996,-0.3831813215994856,-0.30738872883831314,-0.5405398874350507,-0.6418524654564359,-0.21588866942796525,-0.2806571533183613,-0.38897097812604564,0.5108528638536531,7303,7303.0,3652,7304,7,data_hourly_crypto/BTCUSD_1h_2016_2025.csv
BTC,UTC,8,8-8-8,08:00-20:00,20:00-08:00,2,3,Night Cash / Day Short,cash,short,100.0,0.10877438799711074,-0.9989122561200289,-1.0765720266345813,-0.5699208801045563,-0.9992282609210483,-0.5417965682472335,-0.8686238581121237,-0.5469874790705032,-0.6755911942123576,-0.7679846309590853,-0.5638010915310951,-0.30494432470301736,-0.5438748524064554,-0.5246309304024253,-0.36097387140126647,0.5108528132258663,7303,7303.0,3652,7304,20,data_hourly_crypto/BTCUSD_1h_2016_2025.csv
BTC,UTC,8,8-8-8,08:00-20:00,20:00-08:00,2,4,Night Cash / Day Trend,cash,trend,100.0,0.04890985650855542,-0.9995109014349145,-1.2326511975010732,-0.5870408494223291,-0.9996153229221817,-0.2935297704569392,-0.8151094207790097,-0.7100036442341806,-0.7438861094224547,-0.5286268246243796,-0.6825576538087219,-0.4893359632920854,-0.5516289977745737,-0.540146853441557,-0.51558325638939,0.510662840745315,7301,7301.0,3652,7304,21,data_hourly_crypto/BTCUSD_1h_2016_2025.csv
BTC,UTC,8,8-8-8,08:00-20:00,20:00-08:00,2,5,Night Cash / Day Reversal,cash,reversal,100.0,796.4423680338793,6.964423680338793,0.6611365029149919,-0.35536177571452293,-0.6118008760300682,-0.37624670023863027,-0.4519470126857895,-0.33356830047628927,-0.3676556203057324,-0.40939815757283116,-0.3594170464977333,-0.39270658664730973,-0.28659892123373254,-0.22669494233903442,-0.34938446914814614,0.5106634998473268,7301,7301.0,3652,7304,5,data_hourly_crypto/BTCUSD_1h_2016_2025.csv
BTC,UTC,8,8-8-8,08:00-20:00,20:00-08:00,2,6,Night Long / Day Cash,long,cash,100.0,304.19183152827776,2.0419183152827776,0.47416892182113674,-0.3479712057720509,-0.783763621695071,-0.23425184753528872,-0.29109279103745356,-0.6526905730741855,-0.5280220832839371,-0.3646772925648821,-0.3444003215548891,-0.38714049456226396,-0.21549690250182518,-0.18125051525870872,-0.28068923634707443,0.42501352929674086,7304,7304.0,3652,7304,8,data_hourly_crypto/BTCUSD_1h_2016_2025.csv
BTC,UTC,8,8-8-8,08:00-20:00,20:00-08:00,2,7,Night Long / Day Long,long,long,100.0,20212.068428379625,201.12068428379627,1.1269642812191805,-0.45592663558071866,-0.8358511076575428,-0.29245553269616165,-0.3676313405336056,-0.8081078712978411,-0.5199166054358508,-0.5378325882356341,-0.5369356870832809,-0.6724961454143957,-0.2101409205071667,-0.2827050567705037,-0.3310446078327466,0.6719209276786634,1,1.0,3652,7304,2,data_hourly_crypto/BTCUSD_1h_2016_2025.csv
BTC,UTC,8,8-8-8,08:00-20:00,20:00-08:00,2,8,Night Long / Day Short,long,short,100.0,0.3307861210488359,-0.9966921387895117,-0.5408999102225445,-0.5655860211795095,-0.9978534002495264,-0.5375587520848367,-0.6102816238436999,-0.7289118424417969,-0.7282590782090872,-0.7341520671524789,-0.6214642918046052,-0.4273292286967698,-0.4188862949191221,-0.38497890527835354,-0.464038127364344,0.6541278748011959,7304,14607.0,3652,7304,17,data_hourly_crypto/BTCUSD_1h_2016_2025.csv
BTC,UTC,8,8-8-8,08:00-20:00,20:00-08:00,2,9,Night Long / Day Trend,long,trend,100.0,0.6898553975855751,-0.9931014460241443,-0.3781978253443577,-0.5709285041128953,-0.9982162412181625,-0.32880007045778825,-0.525555393828665,-0.8769342550680048,-0.6935071205788917,-0.42589010628661084,-0.6199208355515964,-0.6206071001077871,-0.5642614543951736,-0.4883976538122169,-0.5654110510422188,0.6851516547973591,3469,6935.0,3652,7304,16,data_hourly_crypto/BTCUSD_1h_2016_2025.csv
BTC,UTC,8,8-8-8,08:00-20:00,20:00-08:00,2,10,Night Long / Day Reversal,long,reversal,100.0,9691.730823505895,95.91730823505895,1.0342997669041094,-0.4693840154153121,-0.8068798499035607,-0.4560041050384597,-0.4422778385143762,-0.6002197459748206,-0.6636059391878683,-0.5910949900736022,-0.4497246782875094,-0.5276014936898906,-0.25121738232732016,-0.33318778332633914,-0.37890619773293455,0.64042199052487,3838,7673.0,3652,7304,3,data_hourly_crypto/BTCUSD_1h_2016_2025.csv
BTC,UTC,8,8-8-8,08:00-20:00,20:00-08:00,2,11,Night Short / Day Cash,short,cash,100.0,0.2880326747727154,-0.9971196732522728,-1.16113717076861,-0.5276028386346985,-0.9975317095012729,-0.5015917239382728,-0.8999625370110358,-0.31956405920972974,-0.6444318107818294,-0.5778935751522454,-0.6339505351329502,-0.28885202240089647,-0.48615972267841023,-0.5440989737802384,-0.3795234262613759,0.42501352929674086,7304,7304.0,3652,7304,18,data_hourly_crypto/BTCUSD_1h_2016_2025.csv
BTC,UTC,8,8-8-8,08:00-20:00,20:00-08:00,2,12,Night Short / Day Long,short,long,100.0,1.030362701595503,-0.989696372984045,-0.3651623255598927,-0.5465847600729935,-0.9914661294912174,-0.3814938838109183,-0.8256593336133635,-0.47240901926143797,-0.5994487595432051,-0.2855502477040257,-0.7145944759305111,-0.6882954865716968,-0.36492910631829256,-0.5485225005433207,-0.5849447874331645,0.659655486102718,7304,14607.0,3652,7304,15,data_hourly_crypto/BTCUSD_1h_2016_2025.csv
BTC,UTC,8,8-8-8,08:00-20:00,20:00-08:00,2,13,Night Short / Day Short,short,short,100.0,0.005817767074956474,-0.9999418223292504,-1.1085918979706502,-0.6826289186300539,-0.999963412251789,-0.6831298449393985,-0.9810424136524749,-0.5509516335172159,-0.7985153059677622,-0.8751282870581797,-0.7714408555578312,-0.3328679442232886,-0.6849025841580965,-0.7114597180193437,-0.4368505992069486,0.6732922845167677,1,1.0,3652,7304,22,data_hourly_crypto/BTCUSD_1h_2016_2025.csv
BTC,UTC,8,8-8-8,08:00-20:00,20:00-08:00,2,14,Night Short / Day Trend,short,trend,100.0,0.0005635566606166745,-0.9999943644333938,-1.5602745861635505,-0.7230896073259664,-0.999995368781781,-0.5021732675948404,-0.9749468902668411,-0.6847396281447486,-0.8933732433329638,-0.7525907220869943,-0.8486762358974943,-0.5290171680783676,-0.6700853599561485,-0.7525610273825518,-0.6227325305187136,0.6406931802745598,3838,7673.0,3652,7304,24,data_hourly_crypto/BTCUSD_1h_2016_2025.csv
BTC,UTC,8,8-8-8,08:00-20:00,20:00-08:00,2,15,Night Short / Day Reversal,short,reversal,100.0,10.636781611105176,-0.8936321838889483,0.018019137477676632,-0.5070361281712786,-0.9390886547924882,-0.6029687288417733,-0.8546723727273496,-0.3110408009714114,-0.466897291694058,-0.4843169245039508,-0.6194181476938986,-0.4189233523942689,-0.4420297617613409,-0.43102335755359156,-0.4390705435711426,0.6906950214827974,3469,6935.0,3652,7304,10,data_hourly_crypto/BTCUSD_1h_2016_2025.csv
BTC,UTC,8,8-8-8,08:00-20:00,20:00-08:00,2,16,Night Trend / Day Cash,trend,cash,100.0,0.13640360770771945,-0.9986359639229228,-1.3370546416248548,-0.5439896554184858,-0.9989926443351003,-0.30355684772695846,-0.5289488888767163,-0.8652266957346242,-0.4426915729024721,-0.5377159184024647,-0.6963735576839156,-0.5278057479533171,-0.5656243919349946,-0.5016315953692694,-0.47032133760012496,0.4248281701613483,7302,7302.0,3652,7304,19,data_hourly_crypto/BTCUSD_1h_2016_2025.csv
BTC,UTC,8,8-8-8,08:00-20:00,20:00-08:00,2,17,Night Trend / Day Long,trend,long,100.0,2.221001688899582,-0.9777899831110042,-0.23199357343952037,-0.5971700621178604,-0.9955284519142757,-0.35036819872286973,-0.6204307526215145,-0.9298910233170666,-0.5512503779526523,-0.4465825738303827,-0.7703742905921696,-0.7828677074764145,-0.4607012804112577,-0.4766225559723326,-0.5826118602819439,0.6714500555305603,3515,7029.0,3652,7304,13,data_hourly_crypto/BTCUSD_1h_2016_2025.csv
BTC,UTC,8,8-8-8,08:00-20:00,20:00-08:00,2,18,Night Trend / Day Short,trend,short,100.0,0.0006050510949501939,-0.9999939494890505,-1.4856225374931693,-0.7032569982995441,-0.999995445550651,-0.5894007385510966,-0.874329972184729,-0.8693803335528094,-0.6298754665184859,-0.8711150225046513,-0.7880609949962669,-0.3973792594726502,-0.7644320707193328,-0.7083534279485477,-0.540242696546871,0.6597710606117363,3789,7577.0,3652,7304,23,data_hourly_crypto/BTCUSD_1h_2016_2025.csv
BTC,UTC,8,8-8-8,08:00-20:00,20:00-08:00,2,19,Night Trend / Day Trend,trend,trend,100.0,0.00027700057677189474,-0.9999972299942322,-1.5572598607908137,-0.7246040290281293,-0.9999983045672992,-0.3633753562265626,-0.888817522770113,-0.9507817607534347,-0.6837963563132395,-0.7035822107926537,-0.8609475422784975,-0.6909404539684278,-0.7295179438626426,-0.7121160165401901,-0.6621651267755322,0.6732346641079938,3743,7485.0,3652,7304,25,data_hourly_crypto/BTCUSD_1h_2016_2025.csv
BTC,UTC,8,8-8-8,08:00-20:00,20:00-08:00,2,20,Night Trend / Day Reversal,trend,reversal,100.0,4.853280086104118,-0.9514671991389588,-0.13329332566834334,-0.5661636116661107,-0.9722684740321037,-0.4826471002634133,-0.4996634768844924,-0.8275395154607288,-0.5363242737551888,-0.6131320391045791,-0.6529975743731634,-0.6009515565442252,-0.5212311983827145,-0.4449756945241823,-0.4821736873684185,0.6574751774849881,3560,7119.0,3652,7304,11,data_hourly_crypto/BTCUSD_1h_2016_2025.csv
BTC,UTC,8,8-8-8,08:00-20:00,20:00-08:00,2,21,Night Reversal / Day Cash,reversal,cash,100.0,642.8543641899756,5.428543641899756,0.6499751802680535,-0.3437963983076875,-0.6676148405496296,-0.32016986229442546,-0.571047793264347,-0.3777608966379138,-0.5567108001552517,-0.25467368048095307,-0.5761797826153705,-0.19978186006358734,-0.1785443886960023,-0.23329461419242958,-0.16980030467659402,0.4248279524860488,7302,7302.0,3652,7304,6,data_hourly_crypto/BTCUSD_1h_2016_2025.csv
BTC,UTC,8,8-8-8,08:00-20:00,20:00-08:00,2,22,Night Reversal / Day Long,reversal,long,100.0,9380.531169383676,92.80531169383676,1.0177226988240073,-0.3941606336731853,-0.6252899503191124,-0.20816777276032294,-0.5271512379918412,-0.4102559626246799,-0.383461215616701,-0.44521453399960476,-0.5432012292989317,-0.5383510278803623,-0.2096212107259675,-0.350011190351215,-0.3261709554822272,0.6604565408369263,3789,7577.0,3652,7304,4,data_hourly_crypto/BTCUSD_1h_2016_2025.csv
BTC,UTC,8,8-8-8,08:00-20:00,20:00-08:00,2,23,Night Reversal / Day Short,reversal,short,100.0,3.181903382169371,-0.9681809661783063,-0.17988645929059882,-0.5805113186126485,-0.9898161041449678,-0.5964310152571082,-0.9253057711021807,-0.5618323846932728,-0.7834150796737547,-0.7054946415907737,-0.7023330830759602,-0.4023518541747927,-0.43967144862222496,-0.4123849548141759,-0.2758929531222408,0.667161637182669,3515,7029.0,3652,7304,12,data_hourly_crypto/BTCUSD_1h_2016_2025.csv
BTC,UTC,8,8-8-8,08:00-20:00,20:00-08:00,2,24,Night Reversal / Day Trend,reversal,trend,100.0,1.4046370796362173,-0.9859536292036378,-0.32202957343973726,-0.5625331412494201,-0.9897607140215213,-0.42175108248212523,-0.8573429952238741,-0.565626146215569,-0.8470613168605086,-0.5446148467449141,-0.6079490907116486,-0.4078449592860952,-0.45732626174753976,-0.45336675790288794,-0.4624479553190385,0.6530421502556979,3560,7119.0,3652,7304,14,data_hourly_crypto/BTCUSD_1h_2016_2025.csv
BTC,UTC,8,8-8-8,08:00-20:00,20:00-08:00,2,25,Night Reversal / Day Reversal,reversal,reversal,100.0,21258.14569319874,211.58145693198742,1.1310854090671025,-0.44092563662096457,-0.7894483200341811,-0.514968212797143,-0.6661793639774967,-0.37906799689548865,-0.3507549894075932,-0.48278783957582616,-0.6714555156104638,-0.4009160407400736,-0.35247471837024813,-0.31154535486056945,-0.2791063339747436,0.6741763611294844,3743,7485.0,3652,7304,1,data_hourly_crypto/BTCUSD_1h_2016_2025.csv
BTC,UTC,9,9-9-9,09:00-21:00,21:00-09:00,0,1,Night Cash / Day Cash,cash,cash,100.0,100.0,0.0,0.0,0.0,0.0,0.0,0.0,0.0,0.0,0.0,0.0,0.0,0.0,0.0,0.0,0.0,0,0.0,3652,7304,9,data_hourly_crypto/BTCUSD_1h_2016_2025.csv
BTC,UTC,9,9-9-9,09:00-21:00,21:00-09:00,0,2,Night Cash / Day Long,cash,long,100.0,1247.6345357832288,11.476345357832288,0.7507712450004504,-0.36169702138134063,-0.61265928019607,-0.21017774231125674,-0.44070762535262287,-0.5771494565343653,-0.23692507228210202,-0.35264936686644577,-0.48235528564763375,-0.5326399808270093,-0.16914138104691856,-0.2644668413451514,-0.3507574615999004,0.5080786096124064,7303,7303.0,3652,7304,6,data_hourly_crypto/BTCUSD_1h_2016_2025.csv
BTC,UTC,9,9-9-9,09:00-21:00,21:00-09:00,0,3,Night Cash / Day Short,cash,short,100.0,0.5978731222809754,-0.9940212687771902,-0.7507712450004503,-0.49983812809689754,-0.9960405157483402,-0.4342991540974379,-0.7951058329363192,-0.46446551369949163,-0.5875995144622709,-0.7873461812143161,-0.4325177737442556,-0.32512778907617257,-0.5083191683938197,-0.39940880737568474,-0.26419154596920724,0.5080786096124064,7303,7303.0,3652,7304,21,data_hourly_crypto/BTCUSD_1h_2016_2025.csv
BTC,UTC,9,9-9-9,09:00-21:00,21:00-09:00,0,4,Night Cash / Day Trend,cash,trend,100.0,0.8380011209617578,-0.9916199887903824,-0.6825256309384997,-0.4966132166205348,-0.9957271027427671,-0.24876224720052653,-0.7108658733199708,-0.5173479305658337,-0.714328172377448,-0.5816560226635478,-0.439100433768866,-0.5134948685870326,-0.3926148705050201,-0.4559774190095789,-0.39198432820752394,0.5081466154815373,7301,7301.0,3652,7304,20,data_hourly_crypto/BTCUSD_1h_2016_2025.csv
BTC,UTC,9,9-9-9,09:00-21:00,21:00-09:00,0,5,Night Cash / Day Reversal,cash,reversal,100.0,890.126691530312,7.90126691530312,0.6825256309384997,-0.31719977861198717,-0.5634945318856471,-0.33540535310912645,-0.4377518614293505,-0.26795989046933133,-0.28970358179651645,-0.22384147700129242,-0.36714508375281396,-0.24042035835979048,-0.2415482173684128,-0.4142798014599348,-0.35394216137330203,0.5081466154815373,7301,7301.0,3652,7304,7,data_hourly_crypto/BTCUSD_1h_2016_2025.csv
BTC,UTC,9,9-9-9,09:00-21:00,21:00-09:00,0,6,Night Long / Day Cash,long,cash,100.0,1621.119098299212,15.211190982992122,0.8646928295589036,-0.3051164240855124,-0.6687774709450254,-0.2177160834134717,-0.2170048703114995,-0.6164287407453457,-0.4831073631148163,-0.2972014362528582,-0.25601654471859214,-0.46397452610076506,-0.13968742016235702,-0.16672700253254147,-0.19330025350287694,0.42824521672562454,7304,7304.0,3652,7304,5,data_hourly_crypto/BTCUSD_1h_2016_2025.csv
BTC,UTC,9,9-9-9,09:00-21:00,21:00-09:00,0,7,Night Long / Day Long,long,long,100.0,20225.641736558602,201.25641736558603,1.132263687662356,-0.44978762226934643,-0.834852496130241,-0.28256658276557167,-0.3638706518745679,-0.8100591337626082,-0.4897053485228836,-0.52678034121622,-0.536736376065662,-0.6724472248212062,-0.20078907967251647,-0.2818999474995423,-0.33302153649268595,0.6644731550159833,1,1.0,3652,7304,1,data_hourly_crypto/BTCUSD_1h_2016_2025.csv
BTC,UTC,9,9-9-9,09:00-21:00,21:00-09:00,0,8,Night Long / Day Short,long,short,100.0,9.692235368894671,-0.9030776463110533,-0.017779204479942735,-0.474506204490553,-0.9734571419752246,-0.35212970342183014,-0.5148791390019307,-0.6708039282763846,-0.6356715526845963,-0.7663061511790632,-0.43735937818974535,-0.48714030663953467,-0.370520764873431,-0.22278741660199686,-0.2874637040370168,0.661316903869878,7304,14607.0,3652,7304,14,data_hourly_crypto/BTCUSD_1h_2016_2025.csv
BTC,UTC,9,9-9-9,09:00-21:00,21:00-09:00,0,9,Night Long / Day Trend,long,trend,100.0,13.584996215872543,-0.8641500378412745,0.06529067365891116,-0.5549876442478034,-0.990332795344509,-0.3506885463330235,-0.5788116548074627,-0.8097391575130358,-0.6845880250799912,-0.6220086585121405,-0.4898066211304365,-0.7238907649906672,-0.3818191878850232,-0.47555011905609246,-0.43297370717016126,0.6927332040133435,3433,6863.0,3652,7304,12,data_hourly_crypto/BTCUSD_1h_2016_2025.csv
BTC,UTC,9,9-9-9,09:00-21:00,21:00-09:00,0,10,Night Long / Day Reversal,long,reversal,100.0,14430.013795456765,143.30013795456765,1.1005724542337953,-0.38806463254328916,-0.6381389336422021,-0.34160240041771817,-0.41194272992361625,-0.6067283523011786,-0.4482142472043261,-0.31500077828760653,-0.431219336152848,-0.4720507212509151,-0.2311467135659817,-0.2918122709199258,-0.3309287754087755,0.6318276603781388,3874,7745.0,3652,7304,2,data_hourly_crypto/BTCUSD_1h_2016_2025.csv
BTC,UTC,9,9-9-9,09:00-21:00,21:00-09:00,0,11,Night Short / Day Cash,short,cash,100.0,0.9772189347661865,-0.9902278106523381,-0.8646928295589036,-0.48485388181498673,-0.9918692113834632,-0.4738371380377012,-0.9140923412519215,-0.3133000751223708,-0.6398030427189711,-0.41023891805551227,-0.6327120526253946,-0.21970663259905554,-0.38405208391791745,-0.5375279417991212,-0.3232685920219016,0.42824521672562454,7304,7304.0,3652,7304,19,data_hourly_crypto/BTCUSD_1h_2016_2025.csv
BTC,UTC,9,9-9-9,09:00-21:00,21:00-09:00,0,12,Night Short / Day Long,short,long,100.0,12.192120920355851,-0.8780787907964415,0.015792950730356466,-0.5108539520861516,-0.9174822028301377,-0.3924449197100355,-0.8714876244984135,-0.5678883838576636,-0.5561272990546482,-0.2642553423649435,-0.6369183021323083,-0.5040979681155718,-0.326979930265654,-0.4889406407005945,-0.4993991101616829,0.6675633909441452,7304,14607.0,3652,7304,13,data_hourly_crypto/BTCUSD_1h_2016_2025.csv
BTC,UTC,9,9-9-9,09:00-21:00,21:00-09:00,0,13,Night Short / Day Short,short,short,100.0,0.005842529356807472,-0.999941574706432,-1.1282705447731485,-0.6789207425259925,-0.9999634513405948,-0.6818292650488499,-0.9815150880802069,-0.5308152613609307,-0.7929654701335104,-0.8745850537533278,-0.7669722160694172,-0.32887907236801694,-0.6871289816211185,-0.7152563248807414,-0.42926069194380523,0.6657480651368849,1,1.0,3652,7304,25,data_hourly_crypto/BTCUSD_1h_2016_2025.csv
BTC,UTC,9,9-9-9,09:00-21:00,21:00-09:00,0,14,Night Short / Day Trend,short,trend,100.0,0.008189105627591217,-0.9999181089437241,-1.173624388310528,-0.6363558497975418,-0.9999405097289625,-0.4247189729422346,-0.9674196264597476,-0.4922279431285588,-0.8471960901459697,-0.6626419259508234,-0.7228967136060553,-0.5128203060783136,-0.5629695181184119,-0.6821691201714588,-0.4884982813738441,0.6295670093403233,3874,7745.0,3652,7304,24,data_hourly_crypto/BTCUSD_1h_2016_2025.csv
BTC,UTC,9,9-9-9,09:00-21:00,21:00-09:00,0,15,Night Short / Day Reversal,short,reversal,100.0,8.698486573041988,-0.9130151342695801,-0.0024592202338534126,-0.5312461005677267,-0.9543582260652431,-0.6123722763880186,-0.8945420384700672,-0.43574901413693035,-0.5108049639623086,-0.3798310876100023,-0.6979143884096022,-0.29166385105268744,-0.40025644611616795,-0.6017412301375391,-0.4875857093939434,0.701824151333713,3433,6863.0,3652,7304,15,data_hourly_crypto/BTCUSD_1h_2016_2025.csv
BTC,UTC,9,9-9-9,09:00-21:00,21:00-09:00,0,16,Night Trend / Day Cash,trend,cash,100.0,3.5518950581286983,-0.964481049418713,-0.5635438298849916,-0.47465901492704055,-0.9791414675259914,-0.2874958267198169,-0.5254320514650862,-0.7422640907298175,-0.4465924224631884,-0.5532798018481069,-0.6507368281955019,-0.4952470813943889,-0.440467034711996,-0.22188579011713128,-0.38318922162537183,0.4284970649733953,7302,7302.0,3652,7304,17,data_hourly_crypto/BTCUSD_1h_2016_2025.csv
BTC,UTC,9,9-9-9,09:00-21:00,21:00-09:00,0,17,Night Trend / Day Long,trend,long,100.0,44.31466941999125,-0.5568533058000875,0.21426383841343322,-0.5381055948097648,-0.9336465072747192,-0.3455918241334508,-0.6626371547913361,-0.8551137866227548,-0.513604200506432,-0.38799362095594114,-0.7455715239069853,-0.7099963270838039,-0.33733293883077564,-0.314432442762291,-0.5087821285038774,0.6751612465680361,3513,7025.0,3652,7304,10,data_hourly_crypto/BTCUSD_1h_2016_2025.csv
BTC,UTC,9,9-9-9,09:00-21:00,21:00-09:00,0,18,Night Trend / Day Short,trend,short,100.0,0.0212358258841777,-0.9997876417411582,-0.9540538471281438,-0.613027049892229,-0.9998530342592356,-0.40843302536413906,-0.8204441471791066,-0.7454578160403796,-0.4609562241872902,-0.8988131076635438,-0.7363927602099101,-0.49943784197139585,-0.6766529018989047,-0.433088900013768,-0.4505937743938513,0.6578416892359507,3791,7581.0,3652,7304,23,data_hourly_crypto/BTCUSD_1h_2016_2025.csv
BTC,UTC,9,9-9-9,09:00-21:00,21:00-09:00,0,19,Night Trend / Day Trend,trend,trend,100.0,0.02976492040250362,-0.9997023507959749,-0.8880071295319489,-0.626945722284675,-0.999889510009895,-0.275749224038515,-0.8459929326738327,-0.8631132870428166,-0.547073445152126,-0.7523782822565205,-0.7696535460350555,-0.7460450476356173,-0.5676083723999737,-0.3903187171371162,-0.5115243684751749,0.662875281757048,3743,7485.0,3652,7304,22,data_hourly_crypto/BTCUSD_1h_2016_2025.csv
BTC,UTC,9,9-9-9,09:00-21:00,21:00-09:00,0,20,Night Trend / Day Reversal,trend,reversal,100.0,31.616365967549775,-0.6838363403245022,0.15765839357745873,-0.5348214436920506,-0.9060468189174323,-0.4235671426555596,-0.5936008748845751,-0.7331370310282999,-0.4665034004164683,-0.548831328844336,-0.7043544679479992,-0.4758756942774731,-0.4630221610614318,-0.40647585504181216,-0.5328464807625517,0.6703367934525141,3560,7119.0,3652,7304,11,data_hourly_crypto/BTCUSD_1h_2016_2025.csv
BTC,UTC,9,9-9-9,09:00-21:00,21:00-09:00,0,21,Night Reversal / Day Cash,reversal,cash,100.0,446.0130744297252,3.4601307442972518,0.5635438298849915,-0.3430372198925701,-0.6311232969142182,-0.2837595997427974,-0.5567401049188119,-0.4166519570996349,-0.5930488243359362,-0.21759332200526482,-0.3315687545733439,-0.2587989126472937,-0.2186022760440901,-0.42022158450441593,-0.1333868630541124,0.4284970649733953,7302,7302.0,3652,7304,8,data_hourly_crypto/BTCUSD_1h_2016_2025.csv
BTC,UTC,9,9-9-9,09:00-21:00,21:00-09:00,0,22,Night Reversal / Day Long,reversal,long,100.0,5564.613150693818,54.64613150693818,0.9408721940795547,-0.40418870683807884,-0.6405192970568099,-0.21067603783528754,-0.5359174776124331,-0.5007812757271008,-0.38172066635029456,-0.4580879341575578,-0.3633353928256905,-0.5026480458795011,-0.270240796941036,-0.5035082809253466,-0.31497116012654036,0.657091350181476,3791,7581.0,3652,7304,3,data_hourly_crypto/BTCUSD_1h_2016_2025.csv
BTC,UTC,9,9-9-9,09:00-21:00,21:00-09:00,0,23,Night Reversal / Day Short,reversal,short,100.0,2.6665922938743636,-0.9733340770612564,-0.20207104340709608,-0.575125215297605,-0.9876624218431138,-0.5523967046387814,-0.8729456918716674,-0.5936051070049706,-0.8153299000848139,-0.6695958101783079,-0.5850888051000905,-0.39195418319198994,-0.4187972274079589,-0.5802416157385112,-0.27129710775895766,0.6694933816134366,3513,7025.0,3652,7304,18,data_hourly_crypto/BTCUSD_1h_2016_2025.csv
BTC,UTC,9,9-9-9,09:00-21:00,21:00-09:00,0,24,Night Reversal / Day Trend,reversal,trend,100.0,3.737594563357103,-0.962624054366429,-0.15878437515145977,-0.5605258687951673,-0.9822170053662428,-0.4031951047794481,-0.8444972341502338,-0.5481328600409343,-0.8714155073310595,-0.5866317586331948,-0.5329430433060298,-0.48110810467633836,-0.3660830983952592,-0.5979860767770896,-0.3732658998620858,0.6613257909707803,3560,7119.0,3652,7304,16,data_hourly_crypto/BTCUSD_1h_2016_2025.csv
BTC,UTC,9,9-9-9,09:00-21:00,21:00-09:00,0,25,Night Reversal / Day Reversal,reversal,reversal,100.0,3970.0814232139455,38.70081423213946,0.8836203329370504,-0.4268757609812915,-0.747646323999442,-0.46247259795713813,-0.602198591600041,-0.48616026978828797,-0.3794426713442587,-0.28406198599156296,-0.5036143872494567,-0.3779728946103663,-0.3495536422976667,-0.5290902153463161,-0.29419035362782053,0.6654011171468787,3743,7485.0,3652,7304,4,data_hourly_crypto/BTCUSD_1h_2016_2025.csv
BTC,UTC,9,9-9-9,09:00-21:00,21:00-09:00,1,1,Night Cash / Day Cash,cash,cash,100.0,100.0,0.0,0.0,0.0,0.0,0.0,0.0,0.0,0.0,0.0,0.0,0.0,0.0,0.0,0.0,0.0,0,0.0,3652,7304,9,data_hourly_crypto/BTCUSD_1h_2016_2025.csv
BTC,UTC,9,9-9-9,09:00-21:00,21:00-09:00,1,2,Night Cash / Day Long,cash,long,100.0,601.0440033188476,5.010440033188476,0.6070908332601281,-0.3760999360244185,-0.6597099836820894,-0.2113616467436804,-0.44666044701389385,-0.6019846307379647,-0.24262701034475997,-0.3567150587657476,-0.49041924315313357,-0.557696134455594,-0.18746537256582596,-0.286990982878235,-0.3790788335853499,0.5079769771262604,7303,7303.0,3652,7304,6,data_hourly_crypto/BTCUSD_1h_2016_2025.csv
BTC,UTC,9,9-9-9,09:00-21:00,21:00-09:00,1,3,Night Cash / Day Short,cash,short,100.0,0.28802349132385063,-0.9971197650867615,-0.8944516363712774,-0.5195559552537954,-0.9980003350929898,-0.4726513591313789,-0.8085569850300377,-0.46750952878960983,-0.6144420275203101,-0.799357703258408,-0.4411203905385176,-0.3357739284399479,-0.5422486125831374,-0.4373761847093506,-0.27652283253725607,0.5079770227886673,7303,7303.0,3652,7304,21,data_hourly_crypto/BTCUSD_1h_2016_2025.csv
BTC,UTC,9,9-9-9,09:00-21:00,21:00-09:00,1,4,Night Cash / Day Trend,cash,trend,100.0,0.40378515046016333,-0.9959621484953983,-0.8261467248129066,-0.519789342732089,-0.9976122225052453,-0.2573151786436393,-0.7202240675660081,-0.5483115258576166,-0.7322264723601555,-0.6035296253127861,-0.47733624944350206,-0.5450244568577791,-0.42644134611704265,-0.4817341523513663,-0.40575035281099336,0.5080453089131699,7301,7301.0,3652,7304,20,data_hourly_crypto/BTCUSD_1h_2016_2025.csv
BTC,UTC,9,9-9-9,09:00-21:00,21:00-09:00,1,5,Night Cash / Day Reversal,cash,reversal,100.0,428.90150272791425,3.2890150272791425,0.5389038333322149,-0.3337145793806536,-0.6051539717351476,-0.372417939560868,-0.45453329642342444,-0.27387843706661186,-0.2944468971170482,-0.24806100542057208,-0.3860339210990451,-0.2445063754014426,-0.2533635083885549,-0.4268536389056584,-0.38305077442331004,0.5080446903963594,7301,7301.0,3652,7304,7,data_hourly_crypto/BTCUSD_1h_2016_2025.csv
BTC,UTC,9,9-9-9,09:00-21:00,21:00-09:00,1,6,Night Long / Day Cash,long,cash,100.0,780.8909166621536,6.808909166621536,0.6942041735070769,-0.31838633258591365,-0.7121284681787314,-0.22122862751629835,-0.217865734436004,-0.6422057175517073,-0.49682710319819334,-0.305237724329783,-0.26624266414619824,-0.48976101157694163,-0.1641958268171828,-0.1790513420713803,-0.2012475742154476,0.4281595719647316,7304,7304.0,3652,7304,5,data_hourly_crypto/BTCUSD_1h_2016_2025.csv
BTC,UTC,9,9-9-9,09:00-21:00,21:00-09:00,1,7,Night Long / Day Long,long,long,100.0,20223.619172384915,201.23619172384915,1.1322486064321398,-0.44978762226934643,-0.834852496130241,-0.2825665827655711,-0.3638706518745679,-0.8100591337626082,-0.4897053485228836,-0.52678034121622,-0.536736376065662,-0.6724472248212062,-0.20078907967251647,-0.2818999474995423,-0.33302153649268595,0.6644731666349988,1,1.0,3652,7304,1,data_hourly_crypto/BTCUSD_1h_2016_2025.csv
BTC,UTC,9,9-9-9,09:00-21:00,21:00-09:00,1,8,Night Long / Day Short,long,short,100.0,2.2489849993723245,-0.9775101500062767,-0.23860191840914996,-0.5052891414265133,-0.990601615677233,-0.3993441812942984,-0.5361349927577463,-0.6984915840945951,-0.6542726191483518,-0.7970016525260702,-0.4469232273716337,-0.5285590364282599,-0.4106722448386463,-0.25494959207202905,-0.32654228373350247,0.6610524285902912,7304,14607.0,3652,7304,15,data_hourly_crypto/BTCUSD_1h_2016_2025.csv
BTC,UTC,9,9-9-9,09:00-21:00,21:00-09:00,1,9,Night Long / Day Trend,long,trend,100.0,6.838697846397208,-0.9316130215360279,-0.03359830071229398,-0.5673607132412981,-0.9934195658154295,-0.35714994618167983,-0.585082954788205,-0.8228514147873556,-0.7040255063924092,-0.6413072944477876,-0.49377104458807874,-0.7414756244694549,-0.3921188957156787,-0.4896242868046419,-0.4462001642376895,0.6927333854854978,3433,6863.0,3652,7304,12,data_hourly_crypto/BTCUSD_1h_2016_2025.csv
BTC,UTC,9,9-9-9,09:00-21:00,21:00-09:00,1,10,Night Long / Day Reversal,long,reversal,100.0,6650.771636408497,65.50771636408497,0.9780146329234797,-0.3988682143351373,-0.6626728190812154,-0.3548989551235564,-0.42324221155448116,-0.6323638053411504,-0.46108520338768466,-0.31800845390151133,-0.4414777710001623,-0.47970354446624985,-0.24380558470205527,-0.2949217619898513,-0.33917485188467034,0.6317072011112677,3874,7745.0,3652,7304,2,data_hourly_crypto/BTCUSD_1h_2016_2025.csv
BTC,UTC,9,9-9-9,09:00-21:00,21:00-09:00,1,11,Night Short / Day Cash,short,cash,100.0,0.47072506304428113,-0.9952927493695571,-1.0351814856107284,-0.50901370885293,-0.9960618082461328,-0.507985871229578,-0.9197160601827743,-0.32318587308056235,-0.6523663448190307,-0.4435292526993083,-0.655379795901387,-0.23385683943761382,-0.42416707395010045,-0.5677160062474986,-0.36223397098144594,0.4281595719647316,7304,7304.0,3652,7304,19,data_hourly_crypto/BTCUSD_1h_2016_2025.csv
BTC,UTC,9,9-9-9,09:00-21:00,21:00-09:00,1,12,Night Short / Day Long,short,long,100.0,2.8290581085569277,-0.9717094189144307,-0.2029635562135885,-0.5481392967113122,-0.9783368987975045,-0.41004930598390965,-0.8832522521705176,-0.6177512158864149,-0.5853930384636483,-0.27795948973283435,-0.6699585242459284,-0.5435101596630252,-0.3903208813093455,-0.5470083535244823,-0.5561897461330156,0.6672963691225936,7304,14607.0,3652,7304,14,data_hourly_crypto/BTCUSD_1h_2016_2025.csv
BTC,UTC,9,9-9-9,09:00-21:00,21:00-09:00,1,13,Night Short / Day Short,short,short,100.0,0.0058419451038717474,-0.9999415805489613,-1.128285554088423,-0.6789207425259925,-0.9999634513405948,-0.6818292650488506,-0.9815150880802069,-0.5308152613609307,-0.7929654701335104,-0.8745850537533278,-0.7669722160694172,-0.32887907236801694,-0.6871289816211185,-0.7152563248807414,-0.42926069194380523,0.6657480551253492,1,1.0,3652,7304,24,data_hourly_crypto/BTCUSD_1h_2016_2025.csv
BTC,UTC,9,9-9-9,09:00-21:00,21:00-09:00,1,14,Night Short / Day Trend,short,trend,100.0,0.003774346456458986,-0.9999622565354354,-1.2965546541097128,-0.6554061820244858,-0.9999720018785415,-0.464625052394509,-0.9689777351461842,-0.5057255917751902,-0.854561906216203,-0.6895767839699358,-0.7430753758204127,-0.525324963588528,-0.5885049773370609,-0.7039547495073686,-0.5097346844894654,0.6294532634409142,3874,7745.0,3652,7304,25,data_hourly_crypto/BTCUSD_1h_2016_2025.csv
BTC,UTC,9,9-9-9,09:00-21:00,21:00-09:00,1,15,Night Short / Day Reversal,short,reversal,100.0,4.3788250249546845,-0.9562117497504532,-0.10036312288681208,-0.5459330012315265,-0.9691175234054854,-0.6342903973694134,-0.9005249793585444,-0.4404693413341393,-0.5221203529627797,-0.4051033340932032,-0.7160198678588225,-0.2964646756593168,-0.4226406716695572,-0.610288838178259,-0.5114075538312302,0.7015492749926455,3433,6863.0,3652,7304,13,data_hourly_crypto/BTCUSD_1h_2016_2025.csv
BTC,UTC,9,9-9-9,09:00-21:00,21:00-09:00,1,16,Night Trend / Day Cash,trend,cash,100.0,1.7112853722335148,-0.9828871462776648,-0.73388556451363,-0.49240635404189514,-0.9886563202594166,-0.29267842681255396,-0.5394122860666787,-0.7597615581223085,-0.4510571405605276,-0.5773139611499516,-0.6617706868009767,-0.5245954887511018,-0.46439322662793947,-0.22985962940641003,-0.4232211361205034,0.4284114053798695,7302,7302.0,3652,7304,17,data_hourly_crypto/BTCUSD_1h_2016_2025.csv
BTC,UTC,9,9-9-9,09:00-21:00,21:00-09:00,1,17,Night Trend / Day Long,trend,long,100.0,21.94952514975796,-0.7805047485024204,0.11036764199970625,-0.547325518723635,-0.9561238987997818,-0.34794369285730853,-0.6659274907365653,-0.86526074881215,-0.5180589640167967,-0.3912898771369968,-0.7476999839106651,-0.7267771869466993,-0.3561379090139082,-0.3181248982259183,-0.5360344355793415,0.6751666541658944,3513,7025.0,3652,7304,10,data_hourly_crypto/BTCUSD_1h_2016_2025.csv
BTC,UTC,9,9-9-9,09:00-21:00,21:00-09:00,1,18,Night Trend / Day Short,trend,short,100.0,0.009949415845895773,-0.999900505841541,-1.0694824472371078,-0.6313763585627282,-0.9999298015933318,-0.4495326170677193,-0.8334253416875821,-0.761716778215378,-0.4652517987552982,-0.9050867966288767,-0.756613117520438,-0.5240495179112441,-0.6976698499094995,-0.4413064894710075,-0.4791112784602396,0.657619476461675,3791,7581.0,3652,7304,23,data_hourly_crypto/BTCUSD_1h_2016_2025.csv
BTC,UTC,9,9-9-9,09:00-21:00,21:00-09:00,1,19,Night Trend / Day Trend,trend,trend,100.0,0.014080004599848237,-0.9998591999540015,-1.0006601948040315,-0.6430712820484721,-0.9999414160082398,-0.29037570516394484,-0.8505449778039468,-0.8729289689095132,-0.5669186865877647,-0.7689768536358685,-0.78608535161139,-0.7623140469074655,-0.584626425142144,-0.4076921089196036,-0.5402496958030782,0.6628333029442693,3743,7485.0,3652,7304,22,data_hourly_crypto/BTCUSD_1h_2016_2025.csv
BTC,UTC,9,9-9-9,09:00-21:00,21:00-09:00,1,20,Night Trend / Day Reversal,trend,reversal,100.0,15.513392799012282,-0.8448660720098772,0.051430491313086,-0.5485803357207134,-0.9358150691827849,-0.44317255051247617,-0.6071089436853515,-0.7499330202537338,-0.47064889998890025,-0.5614611505827594,-0.7136089944357977,-0.4840925955500336,-0.48903867930599476,-0.4168315184166911,-0.5499070044753953,0.6701244322251653,3560,7119.0,3652,7304,11,data_hourly_crypto/BTCUSD_1h_2016_2025.csv
BTC,UTC,9,9-9-9,09:00-21:00,21:00-09:00,1,21,Night Reversal / Day Cash,reversal,cash,100.0,214.88688083555357,1.1488688083555356,0.3932020584345105,-0.3548951914987208,-0.6635574418584644,-0.3051372458255428,-0.5608435166756283,-0.4289464835977391,-0.6051161339653077,-0.2290111444613936,-0.35311918875973414,-0.26035387939380483,-0.23308092125484126,-0.4355244920202507,-0.13781890903296556,0.42841134364164474,7302,7302.0,3652,7304,8,data_hourly_crypto/BTCUSD_1h_2016_2025.csv
BTC,UTC,9,9-9-9,09:00-21:00,21:00-09:00,1,22,Night Reversal / Day Long,reversal,long,100.0,2607.1343097159274,25.071343097159275,0.8255086213339714,-0.4160276223162648,-0.6871115878157072,-0.216809426783256,-0.5408112588768775,-0.524940830212749,-0.39999538243088495,-0.45971139629578583,-0.37930460321562554,-0.5104452265484826,-0.28583611942643994,-0.5157679158896622,-0.3266540634828846,0.6570680945857961,3791,7581.0,3652,7304,3,data_hourly_crypto/BTCUSD_1h_2016_2025.csv
BTC,UTC,9,9-9-9,09:00-21:00,21:00-09:00,1,23,Night Reversal / Day Short,reversal,short,100.0,1.320791408005899,-0.986792085919941,-0.3071363959849398,-0.5897490878883589,-0.9929188790769723,-0.57998056758871,-0.8802017907994019,-0.6037985518336947,-0.8277470512816261,-0.6911332414727978,-0.5939556667445134,-0.3960752792614596,-0.4417004302852474,-0.6057942467592146,-0.27710405285692363,0.6692459379308425,3513,7025.0,3652,7304,18,data_hourly_crypto/BTCUSD_1h_2016_2025.csv
BTC,UTC,9,9-9-9,09:00-21:00,21:00-09:00,1,24,Night Reversal / Day Trend,reversal,trend,100.0,1.8339480459052058,-0.9816605195409479,-0.266281849589993,-0.5752985732601976,-0.9898081643268722,-0.42164543729610227,-0.8490029080705263,-0.5660262024619356,-0.8792430391192201,-0.6027623005219431,-0.5415508626048644,-0.494022072416504,-0.3946783388880659,-0.6162919172637105,-0.3877626539591046,0.6612705484315763,3560,7119.0,3652,7304,16,data_hourly_crypto/BTCUSD_1h_2016_2025.csv
BTC,UTC,9,9-9-9,09:00-21:00,21:00-09:00,1,25,Night Reversal / Day Reversal,reversal,reversal,100.0,1878.008203775411,17.78008203775411,0.771171066287395,-0.43942269414568214,-0.7672363645197097,-0.4909357184179146,-0.6061571756439764,-0.4981460969310072,-0.389781975075571,-0.2867776589742934,-0.5162585888834279,-0.38305316733133654,-0.36991442030255783,-0.5501734990180438,-0.3030286408786925,0.6652017691579029,3743,7485.0,3652,7304,4,data_hourly_crypto/BTCUSD_1h_2016_2025.csv
BTC,UTC,9,9-9-9,09:00-21:00,21:00-09:00,2,1,Night Cash / Day Cash,cash,cash,100.0,100.0,0.0,0.0,0.0,0.0,0.0,0.0,0.0,0.0,0.0,0.0,0.0,0.0,0.0,0.0,0.0,0,0.0,3652,7304,9,data_hourly_crypto/BTCUSD_1h_2016_2025.csv
BTC,UTC,9,9-9-9,09:00-21:00,21:00-09:00,2,2,Night Cash / Day Long,cash,long,100.0,289.52990389386736,1.8952990389386737,0.4633672904902212,-0.39026717431845526,-0.7011873051992921,-0.21254389470406942,-0.4525504957778841,-0.625953057469406,-0.25006664998288,-0.36075561885248153,-0.49859000985780166,-0.5814112818789737,-0.20538701392458314,-0.3092463059972449,-0.40616741473922835,0.5078753567729197,7303,7303.0,3652,7304,6,data_hourly_crypto/BTCUSD_1h_2016_2025.csv
BTC,UTC,9,9-9-9,09:00-21:00,21:00-09:00,2,3,Night Cash / Day Short,cash,short,100.0,0.13874427379975482,-0.9986125572620025,-1.038175127109295,-0.5419641517814576,-0.9990038977312112,-0.508406893115789,-0.8211262936340321,-0.47588720833412723,-0.639539829095381,-0.8107034234817172,-0.47193582746585017,-0.3462531641445017,-0.5739349269161047,-0.473307352945872,-0.29854659868120126,0.5078754480895075,7303,7303.0,3652,7304,21,data_hourly_crypto/BTCUSD_1h_2016_2025.csv
BTC,UTC,9,9-9-9,09:00-21:00,21:00-09:00,2,4,Night Cash / Day Trend,cash,trend,100.0,0.194546925986765,-0.9980545307401324,-0.9698107192715593,-0.5421917766390261,-0.9986657414874891,-0.26859344934650353,-0.7292802627844104,-0.5772915156519773,-0.7495750037100408,-0.625530480613214,-0.512969016949079,-0.5748111132549463,-0.45838706266897056,-0.5062738289557545,-0.41920603245536403,0.5079440223341275,7301,7301.0,3652,7304,20,data_hourly_crypto/BTCUSD_1h_2016_2025.csv
BTC,UTC,9,9-9-9,09:00-21:00,21:00-09:00,2,5,Night Cash / Day Reversal,cash,reversal,100.0,206.6481860755094,1.0664818607550939,0.39523875866490515,-0.35092044553022056,-0.6428410789580944,-0.4073726185289832,-0.4708154592377609,-0.2921631585052811,-0.29915900653032124,-0.2715270887290987,-0.4043607879702914,-0.2488010817284947,-0.26499589298144555,-0.43915876714733926,-0.41085059394318957,0.5079427853155895,7301,7301.0,3652,7304,7,data_hourly_crypto/BTCUSD_1h_2016_2025.csv
BTC,UTC,9,9-9-9,09:00-21:00,21:00-09:00,2,6,Night Long / Day Cash,long,cash,100.0,376.12663867560286,2.7612663867560285,0.523664358068761,-0.3326658488227455,-0.783507181808187,-0.22472574883833796,-0.2187257380406692,-0.6665317596248527,-0.5106748021288836,-0.3131829098919543,-0.2845961526561548,-0.5199009964353569,-0.18800839018601734,-0.19119460656048026,-0.2091173838647482,0.428073935768743,7304,7304.0,3652,7304,5,data_hourly_crypto/BTCUSD_1h_2016_2025.csv
BTC,UTC,9,9-9-9,09:00-21:00,21:00-09:00,2,7,Night Long / Day Long,long,long,100.0,20221.596608211315,201.21596608211314,1.1322335226326092,-0.44978762226934643,-0.8348524961302417,-0.2825665827655718,-0.3638706518745679,-0.8100591337626082,-0.4897053485228836,-0.52678034121622,-0.536736376065662,-0.6724472248212062,-0.20078907967251647,-0.2818999474995423,-0.33302153649268595,0.6644731797621756,1,1.0,3652,7304,1,data_hourly_crypto/BTCUSD_1h_2016_2025.csv
BTC,UTC,9,9-9-9,09:00-21:00,21:00-09:00,2,8,Night Long / Day Short,long,short,100.0,0.5217016906394211,-0.9947829830936058,-0.4595571774869044,-0.5447728207865434,-0.996839840336404,-0.45608536139908895,-0.5564634845664982,-0.7308782609845978,-0.6758072461465492,-0.8236884728769001,-0.4627120179588342,-0.5769639605459244,-0.48819680002660326,-0.31307335536175673,-0.36385924799867964,0.660788007722404,7304,14607.0,3652,7304,18,data_hourly_crypto/BTCUSD_1h_2016_2025.csv
BTC,UTC,9,9-9-9,09:00-21:00,21:00-09:00,2,9,Night Long / Day Trend,long,trend,100.0,3.4421333227172592,-0.9655786667728274,-0.1324766179951357,-0.5798786688290859,-0.9955210649202846,-0.37022705487926943,-0.5912621047141233,-0.8350623673952883,-0.722268673641036,-0.659624192406412,-0.4977054466525934,-0.7579437252492224,-0.4022490060769316,-0.5033234623713221,-0.45912065490466025,0.6927434586240692,3433,6863.0,3652,7304,12,data_hourly_crypto/BTCUSD_1h_2016_2025.csv
BTC,UTC,9,9-9-9,09:00-21:00,21:00-09:00,2,10,Night Long / Day Reversal,long,reversal,100.0,3064.855754714906,29.64855754714906,0.8554076191985516,-0.41103928170386855,-0.6855477437860144,-0.36792956144598654,-0.43432677008623477,-0.6563328432408992,-0.4736584169393597,-0.3210035212528729,-0.45603413511964197,-0.48728449521475203,-0.25644483588633216,-0.29801821798391814,-0.3593600198686885,0.6315977072338953,3874,7745.0,3652,7304,2,data_hourly_crypto/BTCUSD_1h_2016_2025.csv
BTC,UTC,9,9-9-9,09:00-21:00,21:00-09:00,2,11,Night Short / Day Cash,short,cash,100.0,0.2267310733488856,-0.9977326892665112,-1.205721301049046,-0.5318316481843333,-0.9980926536693545,-0.5399213898436211,-0.9249721451868841,-0.3329303215887327,-0.6644926430607627,-0.4749434938925602,-0.6766506245246635,-0.24775181666237456,-0.46175845214885336,-0.59593625966352,-0.3989593352713592,0.42807393576874303,7304,7304.0,3652,7304,19,data_hourly_crypto/BTCUSD_1h_2016_2025.csv
BTC,UTC,9,9-9-9,09:00-21:00,21:00-09:00,2,12,Night Short / Day Long,short,long,100.0,0.6562624466429304,-0.9934373755335707,-0.42185139996863524,-0.5881267662333449,-0.9949369234512254,-0.4685819300757549,-0.893941927606934,-0.661868500197839,-0.6127344921986441,-0.29141104589986067,-0.7004908569354171,-0.5956300919967105,-0.4481353071782588,-0.5984879707934034,-0.6099855394506262,0.6670294022081452,7304,14607.0,3652,7304,16,data_hourly_crypto/BTCUSD_1h_2016_2025.csv
BTC,UTC,9,9-9-9,09:00-21:00,21:00-09:00,2,13,Night Short / Day Short,short,short,100.0,0.005841360850936083,-0.9999415863914907,-1.1283005608666723,-0.6789207425259925,-0.9999634513405948,-0.6818292650488501,-0.9815150880802069,-0.5308152613609307,-0.7929654701335104,-0.8745850537533278,-0.7669722160694172,-0.32887907236801694,-0.6871289816211185,-0.7152563248807414,-0.42926069194380523,0.6657480466110386,1,1.0,3652,7304,23,data_hourly_crypto/BTCUSD_1h_2016_2025.csv
BTC,UTC,9,9-9-9,09:00-21:00,21:00-09:00,2,14,Night Short / Day Trend,short,trend,100.0,0.0017393211028386712,-0.9999826067889717,-1.4194923330753129,-0.6752429220522556,-0.999986826888906,-0.5056007196010147,-0.9704616191582115,-0.5341674319736645,-0.861574025972514,-0.7143659026968368,-0.7617882310172512,-0.5375110644134331,-0.6125530799753365,-0.7242510061647873,-0.530156139549506,0.629350433370475,3874,7745.0,3652,7304,25,data_hourly_crypto/BTCUSD_1h_2016_2025.csv
BTC,UTC,9,9-9-9,09:00-21:00,21:00-09:00,2,15,Night Short / Day Reversal,short,reversal,100.0,2.20400138612432,-0.9779599861387568,-0.19833231092812045,-0.5628020356497496,-0.9844075955920798,-0.6549731922638704,-0.9061695867659011,-0.44515111243819483,-0.5331761955103914,-0.42935047145102123,-0.7330434976198024,-0.3012339128624444,-0.4569255279988047,-0.633870488195942,-0.5341263713911226,0.7012842697421633,3433,6863.0,3652,7304,13,data_hourly_crypto/BTCUSD_1h_2016_2025.csv
BTC,UTC,9,9-9-9,09:00-21:00,21:00-09:00,2,16,Night Trend / Day Cash,trend,cash,100.0,0.8244285665639857,-0.9917557143343602,-0.9042783664666891,-0.5105632076720931,-0.993913535640105,-0.3104485948557564,-0.5529820156342345,-0.7760727121551861,-0.45548627986247514,-0.6000572618522882,-0.6724570173770239,-0.5524185616141728,-0.48729855149058476,-0.23775254088246067,-0.4606585409967472,0.4283257636858339,7302,7302.0,3652,7304,15,data_hourly_crypto/BTCUSD_1h_2016_2025.csv
BTC,UTC,9,9-9-9,09:00-21:00,21:00-09:00,2,17,Night Trend / Day Long,trend,long,100.0,10.870304411057278,-0.8912969558894273,0.006493679951206087,-0.5592431116929243,-0.9746547932921082,-0.3502875772121502,-0.66918638433785,-0.8746988986862281,-0.5224738065908361,-0.4180311819307452,-0.7518212808234477,-0.7425901036530358,-0.3795323578332068,-0.3217981989372436,-0.5620113269244991,0.6751936608274688,3513,7025.0,3652,7304,10,data_hourly_crypto/BTCUSD_1h_2016_2025.csv
BTC,UTC,9,9-9-9,09:00-21:00,21:00-09:00,2,18,Night Trend / Day Short,trend,short,100.0,0.0046607964927361705,-0.9999533920350726,-1.1849261255217396,-0.6507042702858763,-0.999966474581753,-0.487784160470066,-0.8464203631073332,-0.7769401396480459,-0.4838935360852502,-0.9109726505898985,-0.7752860323023304,-0.5479926979059104,-0.717324536871,-0.4494065702591188,-0.5110220156198089,0.6574194155614014,3791,7581.0,3652,7304,24,data_hourly_crypto/BTCUSD_1h_2016_2025.csv
BTC,UTC,9,9-9-9,09:00-21:00,21:00-09:00,2,19,Night Trend / Day Trend,trend,trend,100.0,0.006659411202081731,-0.9999334058879792,-1.113299036360248,-0.6593287763900066,-0.9999689415441356,-0.30470963764829306,-0.8549633469854345,-0.882042557446466,-0.5915880245666426,-0.7854601076702177,-0.8013479326408268,-0.7775437592828035,-0.6018751809849279,-0.4264661703048811,-0.5672910463695731,0.6628017468283149,3743,7485.0,3652,7304,22,data_hourly_crypto/BTCUSD_1h_2016_2025.csv
BTC,UTC,9,9-9-9,09:00-21:00,21:00-09:00,2,20,Night Trend / Day Reversal,trend,reversal,100.0,7.610965839269131,-0.9238903416073087,-0.054854070456247406,-0.5626682998646323,-0.9569721111508782,-0.46211487060792256,-0.6201705941721196,-0.7656749404199862,-0.47476300693294515,-0.5816852081504396,-0.7225755936653295,-0.4921822826034503,-0.5141602829114081,-0.4270085164633728,-0.5663477027193488,0.6699224826704678,3560,7119.0,3652,7304,11,data_hourly_crypto/BTCUSD_1h_2016_2025.csv
BTC,UTC,9,9-9-9,09:00-21:00,21:00-09:00,2,21,Night Reversal / Day Cash,reversal,cash,100.0,103.5238692594197,0.035238692594196985,0.22280914597173498,-0.3698045994991454,-0.7074877803560189,-0.3312942402770488,-0.5649093464312113,-0.44098308406364484,-0.6200032291480284,-0.24026346131011345,-0.37543413389130154,-0.26190573900432756,-0.2545710461694113,-0.46579015536042867,-0.14289155933593833,0.4283256402155626,7302,7302.0,3652,7304,8,data_hourly_crypto/BTCUSD_1h_2016_2025.csv
BTC,UTC,9,9-9-9,09:00-21:00,21:00-09:00,2,22,Night Reversal / Day Long,reversal,long,100.0,1221.3101387081617,11.213101387081617,0.7101358888211059,-0.4286898234446694,-0.7276726151157573,-0.22289636941115243,-0.5456543984894138,-0.5479356759198193,-0.42747404279146506,-0.4613303181914655,-0.3948763393866799,-0.5181216911205542,-0.30110118245676787,-0.5289191405952054,-0.3385890760841703,0.6570671120779948,3791,7581.0,3652,7304,3,data_hourly_crypto/BTCUSD_1h_2016_2025.csv
BTC,UTC,9,9-9-9,09:00-21:00,21:00-09:00,2,23,Night Reversal / Day Short,reversal,short,100.0,0.6541100352091875,-0.9934588996479081,-0.41224501355695065,-0.6040520564025892,-0.9962439293842696,-0.6058695712651954,-0.8870448212453417,-0.6137382814553378,-0.8393315151072003,-0.7112706467355758,-0.6026347563888614,-0.4001692602548569,-0.46779981779018887,-0.6297960227960218,-0.28286587098731164,0.6690203234549603,3513,7025.0,3652,7304,17,data_hourly_crypto/BTCUSD_1h_2016_2025.csv
BTC,UTC,9,9-9-9,09:00-21:00,21:00-09:00,2,24,Night Reversal / Day Trend,reversal,trend,100.0,0.8997461812007803,-0.9910025381879922,-0.3737814589548094,-0.5901982206577568,-0.994674624351668,-0.4395288955856478,-0.8533788931110124,-0.5832143611257065,-0.8865954978444369,-0.6182664328617622,-0.5509177067376032,-0.5066171302982335,-0.4277687901363032,-0.6337676097561186,-0.4019268891207446,0.6612257653984993,3560,7119.0,3652,7304,14,data_hourly_crypto/BTCUSD_1h_2016_2025.csv
BTC,UTC,9,9-9-9,09:00-21:00,21:00-09:00,2,25,Night Reversal / Day Reversal,reversal,reversal,100.0,888.2403965946255,7.882403965946255,0.6586550081896002,-0.45245100151888035,-0.7853475361071022,-0.5179831868144364,-0.6100771473573743,-0.5098546570497731,-0.3999510293418437,-0.29043767736652415,-0.5285831440950193,-0.38809295194644977,-0.38964173283572734,-0.5703167923525436,-0.3195716960291113,0.6650129111779597,3743,7485.0,3652,7304,4,data_hourly_crypto/BTCUSD_1h_2016_2025.csv
BTC,UTC,10,10-10-10,10:00-22:00,22:00-10:00,0,1,Night Cash / Day Cash,cash,cash,100.0,100.0,0.0,0.0,0.0,0.0,0.0,0.0,0.0,0.0,0.0,0.0,0.0,0.0,0.0,0.0,0.0,0,0.0,3652,7304,11,data_hourly_crypto/BTCUSD_1h_2016_2025.csv
BTC,UTC,10,10-10-10,10:00-22:00,22:00-10:00,0,2,Night Cash / Day Long,cash,long,100.0,9542.015031660136,94.42015031660135,1.1665689947963183,-0.33380725966223723,-0.5391056428987472,-0.16272623520427065,-0.45190054356527065,-0.5391056428987466,-0.22137529240453502,-0.3870924977841397,-0.4034202068382914,-0.5133054851435287,-0.1933541972679611,-0.2000039018293568,-0.2657885936862717,0.4955403994390118,7303,7303.0,3652,7304,2,data_hourly_crypto/BTCUSD_1h_2016_2025.csv
BTC,UTC,10,10-10-10,10:00-22:00,22:00-10:00,0,3,Night Cash / Day Short,cash,short,100.0,0.08823099059908503,-0.9991176900940092,-1.1665689947963178,-0.5451655237665923,-0.9992951530950468,-0.5455970336818797,-0.8506599894915843,-0.4275154341406786,-0.6403864237416289,-0.8572731061496952,-0.6343824402273974,-0.27820796724172037,-0.502460778814036,-0.4636513330079166,-0.25152073116938556,0.4955403994390118,7303,7303.0,3652,7304,21,data_hourly_crypto/BTCUSD_1h_2016_2025.csv
BTC,UTC,10,10-10-10,10:00-22:00,22:00-10:00,0,4,Night Cash / Day Trend,cash,trend,100.0,0.9113197139557456,-0.9908868028604425,-0.6954295550857783,-0.5141358732443455,-0.9932068001418831,-0.2343744971224997,-0.7576632940833194,-0.5630955109208919,-0.7608956638992304,-0.5074396750987169,-0.5664783540349185,-0.5066573065957434,-0.39055883744985687,-0.408279744636149,-0.4459158486021294,0.4961284292325371,7299,7299.0,3652,7304,17,data_hourly_crypto/BTCUSD_1h_2016_2025.csv
BTC,UTC,10,10-10-10,10:00-22:00,22:00-10:00,0,5,Night Cash / Day Reversal,cash,reversal,100.0,923.8862659784104,8.238862659784104,0.6954295550857789,-0.372025184225017,-0.5494321496838567,-0.29647555139746196,-0.495836497888019,-0.2482073611058252,-0.30468276257011173,-0.5139933057900506,-0.38477296628520874,-0.40896199162536506,-0.4803088666497104,-0.23676505776468737,-0.35024748117373006,0.4961284292325371,7299,7299.0,3652,7304,6,data_hourly_crypto/BTCUSD_1h_2016_2025.csv
BTC,UTC,10,10-10-10,10:00-22:00,22:00-10:00,0,6,Night Long / Day Cash,long,cash,100.0,211.939739480679,1.1193973948067901,0.39081762044399837,-0.36302588945224035,-0.8757841213502803,-0.27720824216947726,-0.2726894739349718,-0.6715040441634846,-0.5504844032368732,-0.44258227379437765,-0.3753155625434661,-0.4756571034940601,-0.16740153433664584,-0.2164711197254856,-0.18094513712356086,0.43278095711389214,7304,7304.0,3652,7304,10,data_hourly_crypto/BTCUSD_1h_2016_2025.csv
BTC,UTC,10,10-10-10,10:00-22:00,22:00-10:00,0,7,Night Long / Day Long,long,long,100.0,20223.321799307534,201.23321799307533,1.1326165964034838,-0.45415156657801586,-0.8371702023517822,-0.2986578501987621,-0.371006683804626,-0.8105528263536225,-0.4885198268662685,-0.534931183603494,-0.5377138513204244,-0.671925407827563,-0.20226221001196543,-0.28210543077589467,-0.3438403950175375,0.6641752201141378,1,1.0,3652,7304,1,data_hourly_crypto/BTCUSD_1h_2016_2025.csv
BTC,UTC,10,10-10-10,10:00-22:00,22:00-10:00,0,8,Night Long / Day Short,long,short,100.0,0.1869965316169234,-0.9981300346838308,-0.6387343307676037,-0.5720353294582567,-0.9986930931493289,-0.4841499870599453,-0.5801868817254152,-0.7579754639959159,-0.7249607430259619,-0.8927996123537938,-0.7045087969781978,-0.5381092821005697,-0.362976431786073,-0.3816105969822372,-0.2930754985744568,0.6481239689406587,7304,14607.0,3652,7304,20,data_hourly_crypto/BTCUSD_1h_2016_2025.csv
BTC,UTC,10,10-10-10,10:00-22:00,22:00-10:00,0,9,Night Long / Day Trend,long,trend,100.0,1.9314486275938836,-0.9806855137240612,-0.24016555111489737,-0.5711259209296838,-0.9950998973381862,-0.36106003748197657,-0.59347216152084,-0.8480641180100976,-0.7684342796933171,-0.541206680460957,-0.6003299247242522,-0.6965677509472279,-0.3095384947187254,-0.5117197990755491,-0.48086596266389603,0.675633471363687,3313,6621.0,3652,7304,16,data_hourly_crypto/BTCUSD_1h_2016_2025.csv
BTC,UTC,10,10-10-10,10:00-22:00,22:00-10:00,0,10,Night Long / Day Reversal,long,reversal,100.0,1958.0821452124085,18.580821452124084,0.7855917865638758,-0.48675281369376416,-0.7876326760198914,-0.4588075843985927,-0.3728956308249809,-0.6405741651700145,-0.4647706340682307,-0.6928021551773069,-0.4916059406494091,-0.6105265925138934,-0.4682422407262443,-0.304506726923612,-0.36279646648535746,0.6371511785484878,3996,7987.0,3652,7304,5,data_hourly_crypto/BTCUSD_1h_2016_2025.csv
BTC,UTC,10,10-10-10,10:00-22:00,22:00-10:00,0,11,Night Short / Day Cash,short,cash,100.0,7.200688197491238,-0.9279931180250877,-0.39081762044399837,-0.4218747150939709,-0.9455976135316015,-0.3631814318164107,-0.8867022759583711,-0.2583723167359848,-0.6304026901253417,-0.25685636612559337,-0.4648888145733059,-0.20794319459773514,-0.4218425250191725,-0.4632949064166919,-0.2652626295711027,0.43278095711389214,7304,7304.0,3652,7304,15,data_hourly_crypto/BTCUSD_1h_2016_2025.csv
BTC,UTC,10,10-10-10,10:00-22:00,22:00-10:00,0,12,Night Short / Day Long,short,long,100.0,687.0907501875923,5.870907501875923,0.617994748021162,-0.45230399497443735,-0.7690046274515925,-0.3106432745934681,-0.7690046274515927,-0.5406420969086514,-0.5321107147933402,-0.3135387005745621,-0.4563950164449805,-0.4891911812786116,-0.35145188097127333,-0.36826787237602976,-0.39179458435186354,0.6535787810190711,7304,14607.0,3652,7304,7,data_hourly_crypto/BTCUSD_1h_2016_2025.csv
BTC,UTC,10,10-10-10,10:00-22:00,22:00-10:00,0,13,Night Short / Day Short,short,short,100.0,0.006353238526597937,-0.999936467614734,-1.113519138723879,-0.6730217832521886,-0.999960403936653,-0.6883292950429052,-0.981545032153362,-0.47090996660732576,-0.791018665139464,-0.8759134950162327,-0.7661797832052861,-0.33492884617532515,-0.6850222908023652,-0.7112717136970538,-0.42509874468256714,0.666522088344055,1,1.0,3652,7304,25,data_hourly_crypto/BTCUSD_1h_2016_2025.csv
BTC,UTC,10,10-10-10,10:00-22:00,22:00-10:00,0,14,Night Short / Day Trend,short,trend,100.0,0.06562129108422213,-0.9993437870891578,-0.8279243530886977,-0.615735561961601,-0.9995236009301097,-0.44774269554368373,-0.9499600485697083,-0.48696985456054764,-0.8596932423376726,-0.5649536067587295,-0.6716325917527153,-0.4927963640900199,-0.5796668627366035,-0.6264095096332362,-0.47753084363309184,0.6374747386551453,3996,7987.0,3652,7304,22,data_hourly_crypto/BTCUSD_1h_2016_2025.csv
BTC,UTC,10,10-10-10,10:00-22:00,22:00-10:00,0,15,Night Short / Day Reversal,short,reversal,100.0,66.52616931254994,-0.33473830687450057,0.2775666544301924,-0.49599356434676745,-0.8917019598522382,-0.49987639287091545,-0.8761631593929353,-0.3558533120545675,-0.44413880748267043,-0.43450199143911217,-0.5768006070395773,-0.28436036384267915,-0.6038953862548544,-0.4583176764885142,-0.42602794660184873,0.6827333540299362,3313,6621.0,3652,7304,12,data_hourly_crypto/BTCUSD_1h_2016_2025.csv
BTC,UTC,10,10-10-10,10:00-22:00,22:00-10:00,0,16,Night Trend / Day Cash,trend,cash,100.0,57.302845040287224,-0.4269715495971278,0.08742502387035803,-0.39540966266916683,-0.782487770303442,-0.28376992195984996,-0.4311549876999473,-0.6483573066018493,-0.22731283210722497,-0.29954453199844366,-0.5929883393964864,-0.4809916401362433,-0.3130674682518144,-0.2168811102156748,-0.46002848832413434,0.4328668868527475,7302,7302.0,3652,7304,13,data_hourly_crypto/BTCUSD_1h_2016_2025.csv
BTC,UTC,10,10-10-10,10:00-22:00,22:00-10:00,0,17,Night Trend / Day Long,trend,long,100.0,5467.846087313128,53.67846087313128,0.9322001075794466,-0.48396744546692466,-0.8252475322832356,-0.2880238215793892,-0.5303887410883201,-0.7912398410082663,-0.36275748850692924,-0.3286480850604043,-0.7195408452281485,-0.6768548140528616,-0.3571147069013644,-0.2704686184597245,-0.5146374927838386,0.6606874213046893,3603,7205.0,3652,7304,3,data_hourly_crypto/BTCUSD_1h_2016_2025.csv
BTC,UTC,10,10-10-10,10:00-22:00,22:00-10:00,0,18,Night Trend / Day Short,trend,short,100.0,0.050558867820504436,-0.999494411321795,-0.8191714576310419,-0.6000296126047931,-0.9995963414577957,-0.5256288161419713,-0.8320939147702404,-0.7270951165939692,-0.2809302917106534,-0.8599956750505717,-0.7907540324637007,-0.5037583025784504,-0.5706508282753251,-0.3973299833873648,-0.5120591650756845,0.6594542380019685,3701,7401.0,3652,7304,23,data_hourly_crypto/BTCUSD_1h_2016_2025.csv
BTC,UTC,10,10-10-10,10:00-22:00,22:00-10:00,0,19,Night Trend / Day Trend,trend,trend,100.0,0.5222121235096507,-0.9947778787649035,-0.4763184212097912,-0.5829818453088929,-0.9963421211806291,-0.27453650771152416,-0.7388665366415341,-0.8329453485155532,-0.4430127416616291,-0.5874443909666195,-0.7896688413563184,-0.7090398886852753,-0.46462307435615924,-0.436434326056773,-0.5532467971375425,0.6529652988854959,3755,7507.0,3652,7304,18,data_hourly_crypto/BTCUSD_1h_2016_2025.csv
BTC,UTC,10,10-10-10,10:00-22:00,22:00-10:00,0,20,Night Trend / Day Reversal,trend,reversal,100.0,529.4131153421033,4.294131153421033,0.5789329341998161,-0.48595457460014213,-0.8280714109720977,-0.39892768244496013,-0.5812606166189838,-0.5913159249090822,-0.2547091266473459,-0.45142257457902224,-0.649795279563752,-0.6229496110131238,-0.6044198075518659,-0.20366496304980353,-0.5010801596234825,0.6679637195558594,3550,7097.0,3652,7304,8,data_hourly_crypto/BTCUSD_1h_2016_2025.csv
BTC,UTC,10,10-10-10,10:00-22:00,22:00-10:00,0,21,Night Reversal / Day Cash,reversal,cash,100.0,26.63241842044901,-0.7336758157955099,-0.08742502387035812,-0.3869774956292352,-0.8871639086023453,-0.28781227609237514,-0.6106072807928676,-0.29603124254022517,-0.7019914843407931,-0.45350277467480327,-0.43788664645356024,-0.2789680097285495,-0.2442981202587674,-0.33822841909583434,-0.22044870231457614,0.4328668868527475,7302,7302.0,3652,7304,14,data_hourly_crypto/BTCUSD_1h_2016_2025.csv
BTC,UTC,10,10-10-10,10:00-22:00,22:00-10:00,0,22,Night Reversal / Day Long,reversal,long,100.0,2541.269368973875,24.41269368973875,0.8220494883445507,-0.4094703770905861,-0.8071025312120942,-0.22941586963923843,-0.5738467227021136,-0.5048263471640154,-0.500638062593492,-0.5268749346120138,-0.35783099272782704,-0.4429370437355822,-0.24878652359304287,-0.38878790269372265,-0.3207593714448127,0.6572247215681043,3701,7401.0,3652,7304,4,data_hourly_crypto/BTCUSD_1h_2016_2025.csv
BTC,UTC,10,10-10-10,10:00-22:00,22:00-10:00,0,23,Night Reversal / Day Short,reversal,short,100.0,0.02349804659285552,-0.9997650195340715,-0.939790615261671,-0.618718516551473,-0.9998672702413576,-0.6541080396862995,-0.9314261614891556,-0.3621092678468376,-0.8845141102040295,-0.9050526019371085,-0.6828065511417758,-0.42368825555826994,-0.490446724854836,-0.611885762392348,-0.24114769040406925,0.6554205074207121,3603,7205.0,3652,7304,24,data_hourly_crypto/BTCUSD_1h_2016_2025.csv
BTC,UTC,10,10-10-10,10:00-22:00,22:00-10:00,0,24,Night Reversal / Day Trend,reversal,trend,100.0,0.2427064793687349,-0.9975729352063126,-0.5735784383891339,-0.5685589029207831,-0.998652795438488,-0.3786516391821614,-0.8567144020710267,-0.41418519833202705,-0.9246929882955579,-0.5970177715903082,-0.6025785023133974,-0.47841853414312185,-0.4657512993896823,-0.517156837095348,-0.4504218567952013,0.660808217281901,3550,7097.0,3652,7304,19,data_hourly_crypto/BTCUSD_1h_2016_2025.csv
BTC,UTC,10,10-10-10,10:00-22:00,22:00-10:00,0,25,Night Reversal / Day Reversal,reversal,reversal,100.0,246.05325608443445,1.4605325608443445,0.4647352179223989,-0.4754056863473199,-0.7512350127488995,-0.38019115184673447,-0.6419044492609609,-0.37474723891009865,-0.4683904132960798,-0.6836366512513595,-0.5950269485866575,-0.46143197648783274,-0.5105517376320869,-0.3484865134443498,-0.28968978275703916,0.6527126368166349,3755,7507.0,3652,7304,9,data_hourly_crypto/BTCUSD_1h_2016_2025.csv
BTC,UTC,10,10-10-10,10:00-22:00,22:00-10:00,1,1,Night Cash / Day Cash,cash,cash,100.0,100.0,0.0,0.0,0.0,0.0,0.0,0.0,0.0,0.0,0.0,0.0,0.0,0.0,0.0,0.0,0.0,0,0.0,3652,7304,11,data_hourly_crypto/BTCUSD_1h_2016_2025.csv
BTC,UTC,10,10-10-10,10:00-22:00,22:00-10:00,1,2,Night Cash / Day Long,cash,long,100.0,4596.8356516815975,44.96835651681597,1.0192531486123375,-0.3460454477789495,-0.5668579426458167,-0.1633121510414386,-0.4577342335361969,-0.5668579426458156,-0.2245612772753336,-0.3905763064525234,-0.4127138284426658,-0.5393982017520487,-0.20995720497941806,-0.20290950729536295,-0.2924338243686917,0.4954413204043155,7303,7303.0,3652,7304,2,data_hourly_crypto/BTCUSD_1h_2016_2025.csv
BTC,UTC,10,10-10-10,10:00-22:00,22:00-10:00,1,3,Night Cash / Day Short,cash,short,100.0,0.042505001493222214,-0.9995749499850678,-1.3138849595406952,-0.5682838742461502,-0.9996543376431679,-0.5764036974132336,-0.8606035250444766,-0.45100810360945953,-0.6651353265285616,-0.8652757514971126,-0.6598168111673656,-0.2877447181431314,-0.5371649279253115,-0.49976351206426983,-0.2799223690685806,0.4954412743670517,7303,7303.0,3652,7304,21,data_hourly_crypto/BTCUSD_1h_2016_2025.csv
BTC,UTC,10,10-10-10,10:00-22:00,22:00-10:00,1,4,Night Cash / Day Trend,cash,trend,100.0,0.43920105251038666,-0.9956079894748961,-0.8424906644282832,-0.5337649074624731,-0.9964836042001743,-0.24222035655827168,-0.772027490186872,-0.5925386666632924,-0.7766373677780302,-0.5171452203691789,-0.5869538937634786,-0.5392326662339966,-0.4247875101441131,-0.42981569169645784,-0.4562902112310391,0.49602907927673723,7299,7299.0,3652,7304,17,data_hourly_crypto/BTCUSD_1h_2016_2025.csv
BTC,UTC,10,10-10-10,10:00-22:00,22:00-10:00,1,5,Night Cash / Day Reversal,cash,reversal,100.0,445.25737148413526,3.4525737148413524,0.5483689694724311,-0.3844559550812405,-0.5770704944418169,-0.3234538435226829,-0.5007034841653532,-0.2503845102257696,-0.31428128780279485,-0.5193584169002261,-0.4070621929061484,-0.42395888277282867,-0.4871753387905762,-0.24064784059988598,-0.3775337531261391,0.49602935424515665,7299,7299.0,3652,7304,6,data_hourly_crypto/BTCUSD_1h_2016_2025.csv
BTC,UTC,10,10-10-10,10:00-22:00,22:00-10:00,1,6,Night Long / Day Cash,long,cash,100.0,102.09109103325042,0.02091091033250425,0.22211576270269204,-0.3833676133617732,-0.9119853055785255,-0.2928699843356407,-0.28167466663184926,-0.6932229977471858,-0.565033548021115,-0.4779247989019717,-0.413220693220557,-0.5008815772246271,-0.17692204486074536,-0.23410018574738134,-0.197825636926659,0.43269440525027897,7304,7304.0,3652,7304,10,data_hourly_crypto/BTCUSD_1h_2016_2025.csv
BTC,UTC,10,10-10-10,10:00-22:00,22:00-10:00,1,7,Night Long / Day Long,long,long,100.0,20221.299467127657,201.21299467127656,1.1326015130430587,-0.45415156657801586,-0.8371702023517824,-0.2986578501987629,-0.371006683804626,-0.8105528263536225,-0.4885198268662685,-0.534931183603494,-0.5377138513204244,-0.671925407827563,-0.20226221001196543,-0.28210543077589467,-0.3438403950175375,0.6641752251627008,1,1.0,3652,7304,1,data_hourly_crypto/BTCUSD_1h_2016_2025.csv
BTC,UTC,10,10-10-10,10:00-22:00,22:00-10:00,1,8,Night Long / Day Short,long,short,100.0,0.043390650199312604,-0.9995660934980068,-0.8640521585491203,-0.6027678804805252,-0.999654369472341,-0.5505489783168163,-0.5990627003314031,-0.7764061607375826,-0.7419102276451479,-0.9065070359268552,-0.7439878959817883,-0.5754117394476137,-0.4041434365413833,-0.43057104504906585,-0.29912958482759777,0.6478647071135021,7304,14607.0,3652,7304,20,data_hourly_crypto/BTCUSD_1h_2016_2025.csv
BTC,UTC,10,10-10-10,10:00-22:00,22:00-10:00,1,9,Night Long / Day Trend,long,trend,100.0,0.9961116909173904,-0.9900388830908261,-0.33789704407859544,-0.5835532349183769,-0.9964878694352005,-0.3623367679282473,-0.5969536572017691,-0.8578828209411641,-0.7815716853125152,-0.5554792817952772,-0.6255595141338565,-0.7186074097897912,-0.3215854973263591,-0.5249183505077768,-0.49063736424701265,0.6756591834297921,3313,6621.0,3652,7304,16,data_hourly_crypto/BTCUSD_1h_2016_2025.csv
BTC,UTC,10,10-10-10,10:00-22:00,22:00-10:00,1,10,Night Long / Day Reversal,long,reversal,100.0,880.8971882433358,7.808971882433358,0.660270879681744,-0.5000270069222281,-0.8410660905825484,-0.4696310683217537,-0.37327181819897837,-0.6646076857115835,-0.4734776735066659,-0.6969521767642315,-0.5254106169979369,-0.6183660784583529,-0.475740586503109,-0.3152733010317865,-0.38753906372788216,0.6370702946980449,3996,7987.0,3652,7304,5,data_hourly_crypto/BTCUSD_1h_2016_2025.csv
BTC,UTC,10,10-10-10,10:00-22:00,22:00-10:00,1,11,Night Short / Day Cash,short,cash,100.0,3.468561941584989,-0.9653143805841501,-0.5595194781853066,-0.4465943263157487,-0.9731927429999648,-0.39028477839915143,-0.8940829569658503,-0.26081577633987596,-0.6420619191300783,-0.2988047093063897,-0.49489230531624595,-0.23219825281937878,-0.45958200528946114,-0.49752520750916696,-0.29569535208188835,0.43269440525027897,7304,7304.0,3652,7304,15,data_hourly_crypto/BTCUSD_1h_2016_2025.csv
BTC,UTC,10,10-10-10,10:00-22:00,22:00-10:00,1,12,Night Short / Day Long,short,long,100.0,159.43244582550952,0.5943244582550953,0.39455757634912403,-0.4841920675893481,-0.8247893303987339,-0.32158629887112133,-0.7896467381238599,-0.5691227483173336,-0.5581254681903164,-0.32104914276772223,-0.4832578795417869,-0.5186525070942516,-0.412842990114095,-0.4093308116979346,-0.45830609117505994,0.653317415812103,7304,14607.0,3652,7304,8,data_hourly_crypto/BTCUSD_1h_2016_2025.csv
BTC,UTC,10,10-10-10,10:00-22:00,22:00-10:00,1,13,Night Short / Day Short,short,short,100.0,0.0063526032027452425,-0.9999364739679726,-1.1135341121042002,-0.6730217832521886,-0.999960403936653,-0.688329295042905,-0.981545032153362,-0.47090996660732576,-0.791018665139464,-0.8759134950162327,-0.7661797832052861,-0.33492884617532515,-0.6850222908023652,-0.7112717136970538,-0.42509874468256714,0.6665220853182349,1,1.0,3652,7304,25,data_hourly_crypto/BTCUSD_1h_2016_2025.csv
BTC,UTC,10,10-10-10,10:00-22:00,22:00-10:00,1,14,Night Short / Day Trend,short,trend,100.0,0.02952154532756692,-0.9997047845467243,-0.9532700614379521,-0.6318631116229884,-0.9997752113508919,-0.4601252030617744,-0.953853392182932,-0.5203158408331604,-0.8667767928128747,-0.5741656008742972,-0.6882729616214458,-0.5043300551859873,-0.6007281791722393,-0.6525735489279809,-0.49748954155719194,0.6372992369745426,3996,7987.0,3652,7304,22,data_hourly_crypto/BTCUSD_1h_2016_2025.csv
BTC,UTC,10,10-10-10,10:00-22:00,22:00-10:00,1,15,Night Short / Day Reversal,short,reversal,100.0,34.3097372911931,-0.6569026270880689,0.1805187487526107,-0.5088657983585985,-0.9033519832220507,-0.5144426211403996,-0.883001721985497,-0.3586816134944838,-0.45055018061052243,-0.4423645832668066,-0.5912760596533476,-0.29726847591453764,-0.6272633002153172,-0.47505294484981175,-0.4487564824552607,0.6824531604725351,3313,6621.0,3652,7304,12,data_hourly_crypto/BTCUSD_1h_2016_2025.csv
BTC,UTC,10,10-10-10,10:00-22:00,22:00-10:00,1,16,Night Trend / Day Cash,trend,cash,100.0,27.60822572175629,-0.723917742782437,-0.08119715917272245,-0.4140705706563274,-0.8660663383203496,-0.28869514420501663,-0.43291576466393944,-0.6715081002716223,-0.23354662890022737,-0.33563735875390577,-0.6063670276045459,-0.5060582893904686,-0.3436239936268948,-0.23092874984644896,-0.49142464930020424,0.43278031763347463,7302,7302.0,3652,7304,13,data_hourly_crypto/BTCUSD_1h_2016_2025.csv
BTC,UTC,10,10-10-10,10:00-22:00,22:00-10:00,1,17,Night Trend / Day Long,trend,long,100.0,2659.9643380724588,25.599643380724586,0.8231663648258759,-0.49439591868295274,-0.8387812011657737,-0.29058258317178776,-0.5332916129877604,-0.8057047620336167,-0.3653016213165293,-0.33293144429468524,-0.7216087889453204,-0.6963439964295235,-0.3802211911158935,-0.2767163095488172,-0.5412568769855932,0.660633627606412,3603,7205.0,3652,7304,3,data_hourly_crypto/BTCUSD_1h_2016_2025.csv
BTC,UTC,10,10-10-10,10:00-22:00,22:00-10:00,1,18,Night Trend / Day Short,trend,short,100.0,0.02411814210964199,-0.9997588185789036,-0.9314162249423099,-0.6212716830572257,-0.9998061090285504,-0.556816767175524,-0.844507558055173,-0.7377104861883815,-0.30008730601576983,-0.8679385329263694,-0.8056806310590143,-0.5252130936833184,-0.5996802883236524,-0.43423727463110284,-0.5408448925139505,0.6593001617871171,3701,7401.0,3652,7304,23,data_hourly_crypto/BTCUSD_1h_2016_2025.csv
BTC,UTC,10,10-10-10,10:00-22:00,22:00-10:00,1,19,Night Trend / Day Trend,trend,trend,100.0,0.24648442507508253,-0.9975351557492492,-0.5910873122527585,-0.5997149423535079,-0.9980798199200873,-0.27916510961118113,-0.7462806461377619,-0.8433655772813107,-0.46389043974631183,-0.6084294178002795,-0.7957631613572969,-0.729254576607002,-0.49741503415451505,-0.4518872067861017,-0.5816982540533173,0.6529211150062646,3755,7507.0,3652,7304,18,data_hourly_crypto/BTCUSD_1h_2016_2025.csv
BTC,UTC,10,10-10-10,10:00-22:00,22:00-10:00,1,20,Night Trend / Day Reversal,trend,reversal,100.0,260.34250707620316,1.6034250707620314,0.47271960105363847,-0.4967223572058101,-0.8622752638511698,-0.4030955212260051,-0.5860904094995123,-0.6056894311746112,-0.25798152917569495,-0.46806284758072514,-0.6532529083054793,-0.6321100735794742,-0.6228855402201666,-0.21426572888756157,-0.5237895824088705,0.6677770733586748,3550,7097.0,3652,7304,7,data_hourly_crypto/BTCUSD_1h_2016_2025.csv
BTC,UTC,10,10-10-10,10:00-22:00,22:00-10:00,1,21,Night Reversal / Day Cash,reversal,cash,100.0,12.831366727970881,-0.8716863327202912,-0.2560472013158565,-0.40393720412661904,-0.9212690846687938,-0.31866304981363025,-0.6363888708457311,-0.30921196093992265,-0.7199917836272667,-0.47467808415706725,-0.45390001528913326,-0.282821260860325,-0.2600771645289981,-0.3578304924324498,-0.2258093587716663,0.43278032721119597,7302,7302.0,3652,7304,14,data_hourly_crypto/BTCUSD_1h_2016_2025.csv
BTC,UTC,10,10-10-10,10:00-22:00,22:00-10:00,1,22,Night Reversal / Day Long,reversal,long,100.0,1212.264008707402,11.12264008707402,0.7094696166565942,-0.42223215185707696,-0.8276809816997942,-0.23264585827169915,-0.585946079940468,-0.5171500250555645,-0.5257540838483556,-0.5292348911341015,-0.3709256457468755,-0.4653169398599507,-0.2643990624317446,-0.40423787395169075,-0.3267110583303192,0.6571470700228033,3701,7401.0,3652,7304,4,data_hourly_crypto/BTCUSD_1h_2016_2025.csv
BTC,UTC,10,10-10-10,10:00-22:00,22:00-10:00,1,23,Night Reversal / Day Short,reversal,short,100.0,0.01143118605631325,-0.9998856881394369,-1.049813096236266,-0.633082409231845,-0.9999314250186564,-0.67723659842581,-0.9355490223526692,-0.3773624410643024,-0.8929640904509617,-0.911472252609049,-0.690576974199917,-0.431018763615195,-0.5248039622963956,-0.6348557176415064,-0.2549842696626443,0.6552415835096205,3603,7205.0,3652,7304,24,data_hourly_crypto/BTCUSD_1h_2016_2025.csv
BTC,UTC,10,10-10-10,10:00-22:00,22:00-10:00,1,24,Night Reversal / Day Trend,reversal,trend,100.0,0.11935256511668249,-0.9988064743488332,-0.6808453023033576,-0.5825560319590946,-0.999308598753389,-0.41255748039259355,-0.865974089130719,-0.4346753651809565,-0.9293196989662664,-0.6043655723055181,-0.6089654949591574,-0.48874756178794876,-0.4766453183802377,-0.5423583173046116,-0.46195142118293653,0.6607200770443366,3550,7097.0,3652,7304,19,data_hourly_crypto/BTCUSD_1h_2016_2025.csv
BTC,UTC,10,10-10-10,10:00-22:00,22:00-10:00,1,25,Night Reversal / Day Reversal,reversal,reversal,100.0,116.13727953350237,0.1613727953350237,0.34972486222989824,-0.4894695515533226,-0.7665420644283762,-0.4193172245687863,-0.64404680331807,-0.3863933390771036,-0.4770385666522089,-0.6882224568907216,-0.60926993735632,-0.4661510526262984,-0.5159066977502083,-0.3767673386377539,-0.3115820986557558,0.6525221496679016,3755,7507.0,3652,7304,9,data_hourly_crypto/BTCUSD_1h_2016_2025.csv
BTC,UTC,10,10-10-10,10:00-22:00,22:00-10:00,2,1,Night Cash / Day Cash,cash,cash,100.0,100.0,0.0,0.0,0.0,0.0,0.0,0.0,0.0,0.0,0.0,0.0,0.0,0.0,0.0,0.0,0.0,0,0.0,3652,7304,8,data_hourly_crypto/BTCUSD_1h_2016_2025.csv
BTC,UTC,10,10-10-10,10:00-22:00,22:00-10:00,2,2,Night Cash / Day Long,cash,long,100.0,2214.3493273341282,21.14349327334128,0.8718931053666047,-0.35955806589522893,-0.5929416933443092,-0.16389771539941222,-0.463506406861378,-0.5929416933443099,-0.22773454239154733,-0.3940406583772992,-0.42186358028361426,-0.5641574029329052,-0.22722819394071236,-0.20664760192376952,-0.333562863497341,0.49534225330370946,7303,7303.0,3652,7304,2,data_hourly_crypto/BTCUSD_1h_2016_2025.csv
BTC,UTC,10,10-10-10,10:00-22:00,22:00-10:00,2,3,Night Cash / Day Short,cash,short,100.0,0.020475154779662563,-0.9997952484522034,-1.4612451392713748,-0.5902208405925412,-0.9998308382666046,-0.6051245678564843,-0.8698858848652491,-0.47353892629889216,-0.6881832131288146,-0.8728304253299196,-0.6834841097401368,-0.2976168761837795,-0.5694515211410269,-0.533447522533979,-0.3086453588471296,0.4953421612164077,7303,7303.0,3652,7304,20,data_hourly_crypto/BTCUSD_1h_2016_2025.csv
BTC,UTC,10,10-10-10,10:00-22:00,22:00-10:00,2,4,Night Cash / Day Trend,cash,trend,100.0,0.21165292451906798,-0.9978834707548093,-0.9895959577540118,-0.5551744929338553,-0.9982167550795416,-0.27339652674925663,-0.7855415776751419,-0.620355444767482,-0.7913441200476544,-0.5288661139879482,-0.6066688460522561,-0.5704308627414416,-0.4570969012012177,-0.45157319746428337,-0.46647133865187096,0.4959297533222146,7299,7299.0,3652,7304,17,data_hourly_crypto/BTCUSD_1h_2016_2025.csv
BTC,UTC,10,10-10-10,10:00-22:00,22:00-10:00,2,5,Night Cash / Day Reversal,cash,reversal,100.0,214.57149134691926,1.1457149134691926,0.40126432360803604,-0.3977270662066156,-0.606611045550306,-0.3494001342320959,-0.5055239663047032,-0.2525555712468165,-0.32374825011812214,-0.5246648293581312,-0.4285460061976245,-0.43857668867473143,-0.4985344988650249,-0.2520440166640755,-0.4036767004048305,0.49593030328937754,7299,7299.0,3652,7304,6,data_hourly_crypto/BTCUSD_1h_2016_2025.csv
BTC,UTC,10,10-10-10,10:00-22:00,22:00-10:00,2,6,Night Long / Day Cash,long,cash,100.0,49.17355047897747,-0.5082644952102253,0.053363281748428255,-0.40415257002483135,-0.9376382504425034,-0.3086050861524421,-0.29314881088187417,-0.7135079333989374,-0.5791131762018042,-0.5110296692192775,-0.4492178909079937,-0.5248949242689869,-0.18997191673232194,-0.2555765710672102,-0.2164597214174655,0.43260786204228496,7304,7304.0,3652,7304,10,data_hourly_crypto/BTCUSD_1h_2016_2025.csv
BTC,UTC,10,10-10-10,10:00-22:00,22:00-10:00,2,7,Night Long / Day Long,long,long,100.0,20219.27713494771,201.1927713494771,1.1325864271076718,-0.45415156657801586,-0.8371702023517824,-0.2986578501987627,-0.371006683804626,-0.8105528263536225,-0.4885198268662685,-0.534931183603494,-0.5377138513204244,-0.671925407827563,-0.20226221001196543,-0.28210543077589467,-0.3438403950175375,0.6641752317214161,1,1.0,3652,7304,1,data_hourly_crypto/BTCUSD_1h_2016_2025.csv
BTC,UTC,10,10-10-10,10:00-22:00,22:00-10:00,2,8,Night Long / Day Short,long,short,100.0,0.010065418654745494,-0.9998993458134525,-1.0895052717116271,-0.6394644777292788,-0.9999190254433478,-0.6107648215549852,-0.6170933404019143,-0.7971503428318849,-0.7578182703445037,-0.9184639600777761,-0.7781987542837676,-0.6097082123768516,-0.47110545445286367,-0.4763576686956359,-0.35798395227260427,0.6476054986826143,7304,14607.0,3652,7304,23,data_hourly_crypto/BTCUSD_1h_2016_2025.csv
BTC,UTC,10,10-10-10,10:00-22:00,22:00-10:00,2,9,Night Long / Day Trend,long,trend,100.0,0.5136595921590025,-0.99486340407841,-0.43560612199110854,-0.5954028046621114,-0.9977726125783168,-0.36361120186794393,-0.6004060250056762,-0.8670687767950269,-0.7939661746537674,-0.5693105998308126,-0.6492010357361159,-0.7390501650954461,-0.33342465408223354,-0.537762670050288,-0.5002267435038034,0.6756951091832634,3313,6621.0,3652,7304,16,data_hourly_crypto/BTCUSD_1h_2016_2025.csv
BTC,UTC,10,10-10-10,10:00-22:00,22:00-10:00,2,10,Night Long / Day Reversal,long,reversal,100.0,396.23255962685323,2.962325596268532,0.5349222341652211,-0.5127925537214393,-0.8810621027892669,-0.4802401905280852,-0.3736478550980282,-0.6870385038104018,-0.4820447675727031,-0.7010469480278574,-0.5569736155208788,-0.6265981123053977,-0.48313466617559175,-0.3258753074505599,-0.4113255707248882,0.637000272516862,3996,7987.0,3652,7304,5,data_hourly_crypto/BTCUSD_1h_2016_2025.csv
BTC,UTC,10,10-10-10,10:00-22:00,22:00-10:00,2,11,Night Short / Day Cash,short,cash,100.0,1.670679625398852,-0.9832932037460115,-0.7282719591395698,-0.4715612333935838,-0.9867914220539926,-0.4298600073816212,-0.9010567989981488,-0.26325142859092177,-0.6547549008421722,-0.3383890326374379,-0.523216262778846,-0.25571286657324577,-0.49486143497392465,-0.5296391894417909,-0.3248704117177291,0.43260786204228496,7304,7304.0,3652,7304,15,data_hourly_crypto/BTCUSD_1h_2016_2025.csv
BTC,UTC,10,10-10-10,10:00-22:00,22:00-10:00,2,12,Night Short / Day Long,short,long,100.0,36.983873415411345,-0.6301612658458866,0.1709862993335522,-0.5197171622260683,-0.8892336403526195,-0.34835444573841035,-0.8084478245677942,-0.5958427460463549,-0.5826985710961552,-0.32847889258402896,-0.5142181328972775,-0.5464855559492843,-0.4770648230370993,-0.47802535177601213,-0.5175552785682671,0.6530561044161284,7304,14607.0,3652,7304,11,data_hourly_crypto/BTCUSD_1h_2016_2025.csv
BTC,UTC,10,10-10-10,10:00-22:00,22:00-10:00,2,13,Night Short / Day Short,short,short,100.0,0.006351967878892562,-0.9999364803212111,-1.113549082988375,-0.6730217832521886,-0.999960403936653,-0.6883292950429056,-0.981545032153362,-0.47090996660732576,-0.791018665139464,-0.8759134950162327,-0.7661797832052861,-0.33492884617532515,-0.6850222908023652,-0.7112717136970538,-0.42509874468256714,0.6665220837865807,1,1.0,3652,7304,24,data_hourly_crypto/BTCUSD_1h_2016_2025.csv
BTC,UTC,10,10-10-10,10:00-22:00,22:00-10:00,2,14,Night Short / Day Trend,short,trend,100.0,0.013278958799504031,-0.999867210412005,-1.0786531586166948,-0.650108836660505,-0.9998965249367261,-0.4845569304490748,-0.9574959745825107,-0.5515004315396883,-0.8735040330013586,-0.5939386148013688,-0.7040731418235073,-0.5156037019854602,-0.6207380924550119,-0.6769099088715669,-0.5227675370955028,0.6371346334409749,3996,7987.0,3652,7304,21,data_hourly_crypto/BTCUSD_1h_2016_2025.csv
BTC,UTC,10,10-10-10,10:00-22:00,22:00-10:00,2,15,Night Short / Day Reversal,short,reversal,100.0,17.692318868224433,-0.8230768113177557,0.08339824056922532,-0.5237972558689536,-0.9137507323203216,-0.5398827488415949,-0.8894638992124239,-0.361498058613546,-0.45688886467527157,-0.4501193951875344,-0.60525913074191,-0.3099462750105211,-0.6508731915065722,-0.5034517172492383,-0.4705892776509246,0.6821831263481025,3313,6621.0,3652,7304,12,data_hourly_crypto/BTCUSD_1h_2016_2025.csv
BTC,UTC,10,10-10-10,10:00-22:00,22:00-10:00,2,16,Night Trend / Day Cash,trend,cash,100.0,13.300534397401826,-0.8669946560259818,-0.2498699363181234,-0.43208978074140225,-0.9254733569267447,-0.29358698522742965,-0.43467126668603817,-0.6931368254698591,-0.23973074932491856,-0.3699653998764163,-0.6193372139552653,-0.5299166171192723,-0.3728241404084137,-0.24673043098801506,-0.5209981783583937,0.4326937663104453,7302,7302.0,3652,7304,13,data_hourly_crypto/BTCUSD_1h_2016_2025.csv
BTC,UTC,10,10-10-10,10:00-22:00,22:00-10:00,2,17,Night Trend / Day Long,trend,long,100.0,1293.816675992846,11.93816675992846,0.7141126938090206,-0.5043661947525544,-0.8637044061374346,-0.29313265801370225,-0.53617711634147,-0.8191700113348492,-0.3678361028408005,-0.3371883235809632,-0.7236618939850297,-0.7146613194078435,-0.4025015610873506,-0.2829117294319716,-0.5664212315015635,0.6606020282906042,3603,7205.0,3652,7304,3,data_hourly_crypto/BTCUSD_1h_2016_2025.csv
BTC,UTC,10,10-10-10,10:00-22:00,22:00-10:00,2,18,Night Trend / Day Short,trend,short,100.0,0.011503395559585683,-0.9998849660444041,-1.04365601043241,-0.6418989934636652,-0.9999068812118738,-0.5859598721533565,-0.856005647736958,-0.7490043259501545,-0.31873763118974807,-0.8754322246136218,-0.8195451098892015,-0.5457476770995835,-0.6267522155716008,-0.4738675482753707,-0.5679376821570558,0.659168216816424,3701,7401.0,3652,7304,22,data_hourly_crypto/BTCUSD_1h_2016_2025.csv
BTC,UTC,10,10-10-10,10:00-22:00,22:00-10:00,2,19,Night Trend / Day Trend,trend,trend,100.0,0.11632332195528497,-0.9988367667804472,-0.7058486452154895,-0.6182921528676644,-0.9989921437069172,-0.3021404930877509,-0.7534856744990044,-0.8531377244771734,-0.48407991619266366,-0.6283509032103668,-0.8016820657494035,-0.7480684621068783,-0.5282044447949259,-0.4721505021784298,-0.6116213423800477,0.6528877320486322,3755,7507.0,3652,7304,18,data_hourly_crypto/BTCUSD_1h_2016_2025.csv
BTC,UTC,10,10-10-10,10:00-22:00,22:00-10:00,2,20,Night Trend / Day Reversal,trend,reversal,100.0,128.00702788459319,0.28007027884593194,0.36645103172935534,-0.50832845270555,-0.8896794226518698,-0.4159710482569132,-0.5908654445126595,-0.6195601432019484,-0.26124021369867356,-0.4842015414710815,-0.6567041297245011,-0.6410524067090427,-0.6404927284680841,-0.22617543563501186,-0.5470214353775837,0.6676009972486828,3550,7097.0,3652,7304,7,data_hourly_crypto/BTCUSD_1h_2016_2025.csv
BTC,UTC,10,10-10-10,10:00-22:00,22:00-10:00,2,21,Night Reversal / Day Cash,reversal,cash,100.0,6.181637177667885,-0.9381836282233211,-0.4247199616617836,-0.42417284968841107,-0.9586758054846748,-0.3611003980184452,-0.6604657948495463,-0.3221471723187376,-0.737154408722515,-0.49839434448894393,-0.4694587321619229,-0.2908809664638332,-0.2755282715268439,-0.39546472552945866,-0.23113368280386482,0.4326937854649296,7302,7302.0,3652,7304,14,data_hourly_crypto/BTCUSD_1h_2016_2025.csv
BTC,UTC,10,10-10-10,10:00-22:00,22:00-10:00,2,22,Night Reversal / Day Long,reversal,long,100.0,578.2017682545866,4.782017682545866,0.5968654038365268,-0.43554298712733563,-0.8460675813896551,-0.23586295018170333,-0.5977042300054898,-0.5310394156580083,-0.5496115138951141,-0.531583544753804,-0.3840659688970226,-0.4882253865981224,-0.28378306011968624,-0.41930028148839005,-0.33425351967601646,0.6570917323210834,3701,7401.0,3652,7304,4,data_hourly_crypto/BTCUSD_1h_2016_2025.csv
BTC,UTC,10,10-10-10,10:00-22:00,22:00-10:00,2,23,Night Reversal / Day Short,reversal,short,100.0,0.00556017196709947,-0.999944398280329,-1.1598343054980946,-0.6471431348446466,-0.9999654874929793,-0.6988228031217255,-0.9394247561329805,-0.39225382475252246,-0.9010177130805676,-0.917459009360938,-0.7014113640833766,-0.4382574685033995,-0.5568508108987493,-0.6573623469518615,-0.26857125156034334,0.6550849216414386,3603,7205.0,3652,7304,25,data_hourly_crypto/BTCUSD_1h_2016_2025.csv
BTC,UTC,10,10-10-10,10:00-22:00,22:00-10:00,2,24,Night Reversal / Day Trend,reversal,trend,100.0,0.05868410542162098,-0.9994131589457838,-0.7881180060589221,-0.5968346231574356,-0.9996452120815094,-0.45173555970549806,-0.8746370537960204,-0.45445272904288636,-0.9336629953749639,-0.6115808264113038,-0.6152510888230498,-0.4988740460401879,-0.487319307388675,-0.5675912830529435,-0.47324134193882683,0.6606426165180643,3550,7097.0,3652,7304,19,data_hourly_crypto/BTCUSD_1h_2016_2025.csv
BTC,UTC,10,10-10-10,10:00-22:00,22:00-10:00,2,25,Night Reversal / Day Reversal,reversal,reversal,100.0,54.80863204265898,-0.4519136795734102,0.234654899659738,-0.5042475301073441,-0.7980546234178559,-0.45598050961319303,-0.6461767652163386,-0.39782478142209365,-0.4888457726271558,-0.6927426871055186,-0.6230146974714216,-0.47082971067880974,-0.5212041240442524,-0.4038414959170572,-0.3420147569776001,0.6523424638114605,3755,7507.0,3652,7304,9,data_hourly_crypto/BTCUSD_1h_2016_2025.csv
ETH,UTC,4,4-4-4,04:00-16:00,16:00-04:00,0,1,Night Cash / Day Cash,cash,cash,100.0,100.0,0.0,0.0,0.0,0.0,0.0,0.0,0.0,0.0,0.0,0.0,0.0,0.0,0.0,0.0,0.0,0,0.0,3652,7304,8,data_hourly_crypto/ETHUSD_1h_2016_2025.csv
ETH,UTC,4,4-4-4,04:00-16:00,16:00-04:00,0,2,Night Cash / Day Long,cash,long,100.0,333.30162553930666,2.3330162553930665,0.5147536771034991,-0.5090468302410662,-0.9172871846236557,-0.7966313342459684,-0.6242482721461599,-0.778256604999867,-0.46296215620774617,-0.4719099948908265,-0.37806953177208513,-0.5269599244246512,-0.30180683771255135,-0.3295053184353973,-0.4201183275754091,0.6730353519998826,7303,7303.0,3652,7304,5,data_hourly_crypto/ETHUSD_1h_2016_2025.csv
ETH,UTC,4,4-4-4,04:00-16:00,16:00-04:00,0,3,Night Cash / Day Short,cash,short,100.0,0.31285587664986847,-0.9968714412335014,-0.514753677103499,-0.5482823841000382,-0.9980321795588304,-0.905940531131183,-0.8239234783226904,-0.3833433870302976,-0.3669932745474901,-0.6775719777725715,-0.8968063056347975,-0.4958856316649719,-0.21369978847031768,-0.28062027146292534,-0.4380391949631358,0.6730353519998825,7303,7303.0,3652,7304,16,data_hourly_crypto/ETHUSD_1h_2016_2025.csv
ETH,UTC,4,4-4-4,04:00-16:00,16:00-04:00,0,4,Night Cash / Day Trend,cash,trend,100.0,0.9312325263701656,-0.9906876747362984,-0.35656752151610804,-0.611943254416099,-0.9991784517064982,-0.6106618034752732,-0.27792782593855636,-0.7357877531388797,-0.7855736348086818,-0.8567127801471817,-0.7626346830590089,-0.6473004674938797,-0.3570534728635598,-0.4558119843537807,-0.6299681388821881,0.6728905236902041,7295,7295.0,3652,7304,15,data_hourly_crypto/ETHUSD_1h_2016_2025.csv
ETH,UTC,4,4-4-4,04:00-16:00,16:00-04:00,0,5,Night Cash / Day Reversal,cash,reversal,100.0,112.38683464179564,0.12386834641795641,0.3565675215161082,-0.48825930180469596,-0.9941264936072159,-0.8536401163352143,-0.9526789669550495,-0.45579958796036246,-0.2909818632247021,-0.4370912475216585,-0.5042430462104246,-0.4401476491796579,-0.2585608029736345,-0.3416028914072827,-0.3478468462789719,0.6728905236902041,7295,7295.0,3652,7304,7,data_hourly_crypto/ETHUSD_1h_2016_2025.csv
ETH,UTC,4,4-4-4,04:00-16:00,16:00-04:00,0,6,Night Long / Day Cash,long,cash,100.0,95020.0836614602,949.200836614602,1.3416934512805414,-0.4153538526053314,-0.7944726295609684,-0.28219791559025664,-0.24881889442260108,-0.7886107887607487,-0.4223215500609546,-0.26357042927219376,-0.43749693285058844,-0.7400949665971881,-0.1514600071157659,-0.27873470455496663,-0.5402323368280503,0.6824795124205987,7304,7304.0,3652,7304,3,data_hourly_crypto/ETHUSD_1h_2016_2025.csv
ETH,UTC,4,4-4-4,04:00-16:00,16:00-04:00,0,7,Night Long / Day Long,long,long,100.0,316703.4834324581,3166.0348343245805,1.3112960670570917,-0.6165303566598986,-0.9403796388659991,-0.6904129093497872,-0.6120949992322249,-0.9403796388659991,-0.6408703714434711,-0.5912279458655134,-0.6013841883455223,-0.7526880044068214,-0.271132965721104,-0.4467810002249728,-0.6183315431435709,0.9684728926885214,1,1.0,3652,7304,1,data_hourly_crypto/ETHUSD_1h_2016_2025.csv
ETH,UTC,4,4-4-4,04:00-16:00,16:00-04:00,0,8,Night Long / Day Short,long,short,100.0,297.2759157325018,1.9727591573250178,0.5894063237301952,-0.5700085872160976,-0.9848733366860928,-0.7515947041509303,-0.655431259992538,-0.6840388846453149,-0.43483648856942403,-0.3776190082491394,-0.8984049760699322,-0.8400905749464592,-0.22027104297835087,-0.2709274769530341,-0.5668714556058536,0.9524870485082051,7304,14607.0,3652,7304,6,data_hourly_crypto/ETHUSD_1h_2016_2025.csv
ETH,UTC,4,4-4-4,04:00-16:00,16:00-04:00,0,9,Night Long / Day Trend,long,trend,100.0,884.8579256396604,7.848579256396604,0.703228611306423,-0.640623373252609,-0.9991856523794878,-0.6160810165563052,-0.2731761747597067,-0.924692163103789,-0.7541363318863927,-0.626967854961652,-0.8177619258829572,-0.8444303358375496,-0.3467621687095389,-0.4608131427118277,-0.741412618116371,0.9504956792775506,3697,7385.0,3652,7304,4,data_hourly_crypto/ETHUSD_1h_2016_2025.csv
ETH,UTC,4,4-4-4,04:00-16:00,16:00-04:00,0,10,Night Long / Day Reversal,long,reversal,100.0,106790.06430110105,1066.9006430110105,1.1986328697137558,-0.5396606921941544,-0.8299405885069953,-0.579811753314271,-0.7142329948249886,-0.7351793551528474,-0.46243013136358224,-0.5078867349943526,-0.5809924044966326,-0.7600082500396124,-0.19435373114084975,-0.43828590782124,-0.4234256587931673,0.9702227076271669,3616,7223.0,3652,7304,2,data_hourly_crypto/ETHUSD_1h_2016_2025.csv
ETH,UTC,4,4-4-4,04:00-16:00,16:00-04:00,0,11,Night Short / Day Cash,short,cash,100.0,0.0009406781646285904,-0.9999905932183537,-1.341693451280541,-0.653639612306247,-0.9999908601673893,-0.9418771550315217,-0.9917686283358796,-0.5558579557450329,-0.6655079195498237,-0.7786308749454588,-0.5607890903375097,-0.3041033894429531,-0.5974575456995224,-0.5133126699909121,-0.6270908939838563,0.6824795124205987,7304,7304.0,3652,7304,23,data_hourly_crypto/ETHUSD_1h_2016_2025.csv
ETH,UTC,4,4-4-4,04:00-16:00,16:00-04:00,0,12,Night Short / Day Long,short,long,100.0,0.003135295613800439,-0.999968647043862,-0.6062967934435545,-0.687720073011189,-0.9999869244097177,-0.9728416649036372,-0.9888846604745019,-0.8068383976736729,-0.7393879052251491,-0.7105860611448389,-0.49049659817176894,-0.30877237832490656,-0.6504536139382591,-0.5400119113049093,-0.6689275389502454,0.9517778371071188,7304,14607.0,3652,7304,21,data_hourly_crypto/ETHUSD_1h_2016_2025.csv
ETH,UTC,4,4-4-4,04:00-16:00,16:00-04:00,0,13,Night Short / Day Short,short,short,100.0,2.9429669184026715e-06,-0.9999999705703309,-1.300039351260904,-0.7787975673001049,-0.9999999794709531,-0.9877365215639495,-0.9983441708716919,-0.5923404570906476,-0.7767313898936477,-0.912229827898689,-0.9485650625932603,-0.5865658002517966,-0.6016639863692637,-0.6270260894858095,-0.7567723669822923,0.9648144365556944,1,1.0,3652,7304,25,data_hourly_crypto/ETHUSD_1h_2016_2025.csv
ETH,UTC,4,4-4-4,04:00-16:00,16:00-04:00,0,14,Night Short / Day Trend,short,trend,100.0,8.759901037483319e-06,-0.9999999124009896,-1.1931718423825048,-0.8129099223142789,-0.9999999136466382,-0.9380774284095897,-0.9553011424592901,-0.7581449257541271,-0.8872144142256473,-0.9575769316016574,-0.8725020189125726,-0.5755210984680519,-0.7146461046215317,-0.6790705556682302,-0.7910446030220906,0.9623740088150502,3616,7223.0,3652,7304,24,data_hourly_crypto/ETHUSD_1h_2016_2025.csv
ETH,UTC,4,4-4-4,04:00-16:00,16:00-04:00,0,15,Night Short / Day Reversal,short,reversal,100.0,0.0010571984133926082,-0.9999894280158661,-0.7159821690786312,-0.6395746679857077,-0.9999981628422003,-0.9896255787653709,-0.9994939945306036,-0.6889218635125036,-0.41683610794794135,-0.5591370645125202,-0.7419153277948646,-0.3441164355560401,-0.52873781189815,-0.4920518756592368,-0.6349106196798461,0.9540447307728961,3697,7385.0,3652,7304,22,data_hourly_crypto/ETHUSD_1h_2016_2025.csv
ETH,UTC,4,4-4-4,04:00-16:00,16:00-04:00,0,16,Night Trend / Day Cash,trend,cash,100.0,3.542873646126838,-0.9645712635387316,-0.14673235632416612,-0.5524758295358936,-0.9930832418559263,-0.8206679977367232,-0.8095226509426572,-0.8781027000134553,-0.7230455121482438,-0.4020807860648681,-0.4383294174006138,-0.5556266208513168,-0.20675571700093176,-0.3306525165660621,-0.3599743766340642,0.6841264436241248,7298,7298.0,3652,7304,14,data_hourly_crypto/ETHUSD_1h_2016_2025.csv
ETH,UTC,4,4-4-4,04:00-16:00,16:00-04:00,0,17,Night Trend / Day Long,trend,long,100.0,11.80845545334437,-0.8819154454665563,0.2628139358296614,-0.6450249407937003,-0.998858199147559,-0.9462348338817144,-0.8383562909523163,-0.966995630399915,-0.8150045227765874,-0.6078215057873589,-0.5526185823682659,-0.5676220544379325,-0.2971083070590981,-0.36291302161937233,-0.4955746586544436,0.9757586677452564,3431,6857.0,3652,7304,12,data_hourly_crypto/ETHUSD_1h_2016_2025.csv
ETH,UTC,4,4-4-4,04:00-16:00,16:00-04:00,0,18,Night Trend / Day Short,trend,short,100.0,0.01108408840418718,-0.9998891591159581,-0.4800134102479295,-0.6862506600168687,-0.999972825446802,-0.9583355726677399,-0.9396149168160839,-0.8014293854024108,-0.7795975179873564,-0.5665208883088599,-0.9251192540539621,-0.7327028379898548,-0.2123271164824726,-0.42544705079273426,-0.5214120596672123,0.9524941102107245,3877,7749.0,3652,7304,20,data_hourly_crypto/ETHUSD_1h_2016_2025.csv
ETH,UTC,4,4-4-4,04:00-16:00,16:00-04:00,0,19,Night Trend / Day Trend,trend,trend,100.0,0.032992391760929655,-0.9996700760823907,-0.3545090531114381,-0.72028392645428,-0.9999615857725304,-0.7773007832900182,-0.6876462236542102,-0.9635906109065207,-0.9229650241720934,-0.7954511697582629,-0.8154695307274253,-0.7215794963616472,-0.3135594338545806,-0.45971489854453795,-0.7455620932735025,0.9608407666641761,3722,7433.0,3652,7304,19,data_hourly_crypto/ETHUSD_1h_2016_2025.csv
ETH,UTC,4,4-4-4,04:00-16:00,16:00-04:00,0,20,Night Trend / Day Reversal,trend,reversal,100.0,3.981723546240272,-0.9601827645375973,0.14458028786343763,-0.6262825588910645,-0.9996050210844123,-0.9586587740489168,-0.9827380857744806,-0.8119044814765959,-0.5292831632381745,-0.5984635730170443,-0.6431711586345614,-0.6921747062885648,-0.25300803916545567,-0.41476141857352977,-0.37866218869332147,0.967350267830491,3591,7171.0,3652,7304,13,data_hourly_crypto/ETHUSD_1h_2016_2025.csv
ETH,UTC,4,4-4-4,04:00-16:00,16:00-04:00,0,21,Night Reversal / Day Cash,reversal,cash,100.0,25.23396094359709,-0.7476603905640291,0.14673235632416678,-0.5629100517272706,-0.9558738923864596,-0.5497319334837766,-0.9001272832121014,-0.40208803365458834,-0.3090641274394581,-0.5654582345689622,-0.5835979198929347,-0.5822030445097781,-0.6057020517547267,-0.5846210625512177,-0.5465068262051624,0.6841264436241248,7298,7298.0,3652,7304,11,data_hourly_crypto/ETHUSD_1h_2016_2025.csv
ETH,UTC,4,4-4-4,04:00-16:00,16:00-04:00,0,22,Night Reversal / Day Long,reversal,long,100.0,84.1052020129635,-0.15894797987036502,0.46100746867632425,-0.6421674272103081,-0.9632642281552979,-0.6966233514860012,-0.9116513360403269,-0.7407153541969563,-0.4520010878473233,-0.5149415183170588,-0.45029099135704687,-0.705336538348105,-0.6581369147646073,-0.6214523467385514,-0.6705248330071045,0.9467349192591344,3877,7749.0,3652,7304,9,data_hourly_crypto/ETHUSD_1h_2016_2025.csv
ETH,UTC,4,4-4-4,04:00-16:00,16:00-04:00,0,23,Night Reversal / Day Short,reversal,short,100.0,0.07894592972357754,-0.9992105407027643,-0.24370504222818004,-0.7188745071656004,-0.9994417987178249,-0.9154260716452223,-0.969542681204257,-0.5543446488749342,-0.42585113890488524,-0.8335892428438009,-0.9269452161160936,-0.6694585252085197,-0.5927038184966564,-0.6298583148408861,-0.6710254135207496,0.967090776157132,3431,6857.0,3652,7304,18,data_hourly_crypto/ETHUSD_1h_2016_2025.csv
ETH,UTC,4,4-4-4,04:00-16:00,16:00-04:00,0,24,Night Reversal / Day Trend,reversal,trend,100.0,0.23498685199832156,-0.9976501314800168,-0.14589240190716624,-0.7538023963472311,-0.9997766090899318,-0.6761928207077679,-0.8441794038551877,-0.6506200163258395,-0.608188032592678,-0.9313214521343699,-0.8694606632189302,-0.7780209537588514,-0.6921072053336919,-0.6958488490169688,-0.7920845665280257,0.9543681532873518,3591,7171.0,3652,7304,17,data_hourly_crypto/ETHUSD_1h_2016_2025.csv
ETH,UTC,4,4-4-4,04:00-16:00,16:00-04:00,0,25,Night Reversal / Day Reversal,reversal,reversal,100.0,28.359649959255716,-0.7164035004074428,0.3544106507446967,-0.6063472747566687,-0.9972534400943013,-0.8445598884686938,-0.9888197804347897,-0.5021115827622589,-0.3504988963389215,-0.403440743020294,-0.6640035991502462,-0.5028554884674756,-0.6029283876288849,-0.5791834832152565,-0.6250708980798658,0.959344849444163,3722,7433.0,3652,7304,10,data_hourly_crypto/ETHUSD_1h_2016_2025.csv
ETH,UTC,4,4-4-4,04:00-16:00,16:00-04:00,1,1,Night Cash / Day Cash,cash,cash,100.0,100.0,0.0,0.0,0.0,0.0,0.0,0.0,0.0,0.0,0.0,0.0,0.0,0.0,0.0,0.0,0.0,0,0.0,3652,7304,6,data_hourly_crypto/ETHUSD_1h_2016_2025.csv
ETH,UTC,4,4-4-4,04:00-16:00,16:00-04:00,1,2,Night Cash / Day Long,cash,long,100.0,160.56700706915416,0.6056700706915417,0.4062884217139277,-0.521905196340217,-0.9374816223249979,-0.8056193870836871,-0.62683216358751,-0.7931115477982806,-0.47899113886986455,-0.47543654711277017,-0.3835804286194947,-0.534142708304834,-0.3303241990220708,-0.3566340409406047,-0.43437980206305493,0.6729007351966085,7303,7303.0,3652,7304,5,data_hourly_crypto/ETHUSD_1h_2016_2025.csv
ETH,UTC,4,4-4-4,04:00-16:00,16:00-04:00,1,3,Night Cash / Day Short,cash,short,100.0,0.1507173320153564,-0.9984928266798464,-0.6232189195811672,-0.5610012469757345,-0.9990278145515428,-0.9089666798798841,-0.8359427999889633,-0.38512918983386,-0.38748134340277285,-0.695589521380817,-0.9032168898590628,-0.5028446918236233,-0.21879441909328246,-0.31854496864232773,-0.45350196585275193,0.6729007696152659,7303,7303.0,3652,7304,16,data_hourly_crypto/ETHUSD_1h_2016_2025.csv
ETH,UTC,4,4-4-4,04:00-16:00,16:00-04:00,1,4,Night Cash / Day Trend,cash,trend,100.0,0.4489773892500813,-0.9955102261074992,-0.46493763523819753,-0.6267669775147928,-0.9995192901210134,-0.6138414811770683,-0.28661268413520924,-0.7531330937529318,-0.7999708875151771,-0.8647197880814408,-0.7782175423746409,-0.6656080370799503,-0.38724210636003487,-0.4801228576294625,-0.6382012970420129,0.6727558237174798,7295,7295.0,3652,7304,15,data_hourly_crypto/ETHUSD_1h_2016_2025.csv
ETH,UTC,4,4-4-4,04:00-16:00,16:00-04:00,1,5,Night Cash / Day Reversal,cash,reversal,100.0,54.185336287852834,-0.45814663712147163,0.24819793158640832,-0.4984678064032916,-0.9950719517306131,-0.8631664559643311,-0.9552875478360602,-0.4675886055052624,-0.3038395315156389,-0.4415209278773843,-0.5176912741774673,-0.4482073372997849,-0.26967298236215465,-0.3490012690968106,-0.36870213239802063,0.6727561593173702,7295,7295.0,3652,7304,8,data_hourly_crypto/ETHUSD_1h_2016_2025.csv
ETH,UTC,4,4-4-4,04:00-16:00,16:00-04:00,1,6,Night Long / Day Cash,long,cash,100.0,45771.04810470735,456.7104810470735,1.2347144868846427,-0.42494430347572365,-0.816305583117289,-0.29111503937147987,-0.2508444489578663,-0.8014585484798381,-0.4416892573909582,-0.2670236993790358,-0.44559478093713545,-0.7565009483307602,-0.1576321021163707,-0.2888336850430684,-0.548750524750723,0.6823430233429096,7304,7304.0,3652,7304,3,data_hourly_crypto/ETHUSD_1h_2016_2025.csv
ETH,UTC,4,4-4-4,04:00-16:00,16:00-04:00,1,7,Night Long / Day Long,long,long,100.0,316671.8130841147,3165.718130841147,1.3112857498856036,-0.6165303566598986,-0.9403796388659991,-0.6904129093497872,-0.6120949992322249,-0.9403796388659991,-0.6408703714434711,-0.5912279458655134,-0.6013841883455223,-0.7526880044068214,-0.271132965721104,-0.4467810002249728,-0.6183315431435709,0.9684727862674345,1,1.0,3652,7304,1,data_hourly_crypto/ETHUSD_1h_2016_2025.csv
ETH,UTC,4,4-4-4,04:00-16:00,16:00-04:00,1,8,Night Long / Day Short,long,short,100.0,68.97986374770812,-0.31020136252291874,0.4360879842718112,-0.590392246006078,-0.9928794596172953,-0.7637580128422891,-0.6674167962421794,-0.6903578942134465,-0.47157104473824896,-0.410928875271395,-0.9093339319368745,-0.8591923408198349,-0.23922023949286308,-0.29939379076951733,-0.5927495337341303,0.9521062262776581,7304,14607.0,3652,7304,7,data_hourly_crypto/ETHUSD_1h_2016_2025.csv
ETH,UTC,4,4-4-4,04:00-16:00,16:00-04:00,1,9,Night Long / Day Trend,long,trend,100.0,422.780563182934,3.22780563182934,0.6256164285747203,-0.6512466944039284,-0.9995253710457309,-0.6166948571125063,-0.2762227372320334,-0.9296151920201636,-0.7710805839383327,-0.6476380533260139,-0.8223684659361142,-0.8533736210472084,-0.36784286419990453,-0.47727313320737885,-0.7503574360196281,0.9504361713790884,3697,7385.0,3652,7304,4,data_hourly_crypto/ETHUSD_1h_2016_2025.csv
ETH,UTC,4,4-4-4,04:00-16:00,16:00-04:00,1,10,Night Long / Day Reversal,long,reversal,100.0,51857.14345232413,517.5714345232414,1.1242215688123114,-0.5472390137282377,-0.8466784279294133,-0.5886268513012691,-0.7246692530728012,-0.7506028055092442,-0.46990441490122414,-0.5097534031584535,-0.5844976760840037,-0.7679387867364112,-0.20621621914321642,-0.44376436549577936,-0.42641636187997367,0.9699564316042311,3616,7223.0,3652,7304,2,data_hourly_crypto/ETHUSD_1h_2016_2025.csv
ETH,UTC,4,4-4-4,04:00-16:00,16:00-04:00,1,11,Night Short / Day Cash,short,cash,100.0,0.00045312342259835506,-0.999995468765774,-1.4486724156764408,-0.668338655637781,-0.9999955748427969,-0.9459096826916564,-0.992345076489853,-0.5583383237007005,-0.6756861699032319,-0.792915230879748,-0.5911386301768251,-0.31163085168576066,-0.624109776272245,-0.5463534508091004,-0.6449593637686898,0.6823430233429096,7304,7304.0,3652,7304,23,data_hourly_crypto/ETHUSD_1h_2016_2025.csv
ETH,UTC,4,4-4-4,04:00-16:00,16:00-04:00,1,12,Night Short / Day Long,short,long,100.0,0.0007275135751102972,-0.999992724864249,-0.7597297153730305,-0.7159238913719408,-0.9999969265853297,-0.9762763965387717,-0.9899726556905942,-0.8324112679790417,-0.7712522122348695,-0.7466822433205871,-0.504962434764568,-0.3373778434452628,-0.696184000850183,-0.6024240388531183,-0.7016958200424117,0.9513970347419429,7304,14607.0,3652,7304,21,data_hourly_crypto/ETHUSD_1h_2016_2025.csv
ETH,UTC,4,4-4-4,04:00-16:00,16:00-04:00,1,13,Night Short / Day Short,short,short,100.0,2.94267262171086e-06,-0.9999999705732738,-1.3000494261942683,-0.7787975673001049,-0.9999999794709531,-0.9877365215639495,-0.9983441708716919,-0.5923404570906476,-0.7767313898936477,-0.912229827898689,-0.9485650625932603,-0.5865658002517966,-0.6016639863692637,-0.6270260894858095,-0.7567723669822923,0.9648145420119243,1,1.0,3652,7304,25,data_hourly_crypto/ETHUSD_1h_2016_2025.csv
ETH,UTC,4,4-4-4,04:00-16:00,16:00-04:00,1,14,Night Short / Day Trend,short,trend,100.0,4.253798775212928e-06,-0.9999999574620122,-1.2680057053437106,-0.8237084211537287,-0.9999999580459247,-0.941180134964412,-0.9572339945275483,-0.7739102737892279,-0.8939530008142886,-0.9605400967270598,-0.8817864223090669,-0.5910231380909335,-0.7336734340837332,-0.7005299602110078,-0.8032537560200081,0.9622703850276176,3616,7223.0,3652,7304,24,data_hourly_crypto/ETHUSD_1h_2016_2025.csv
ETH,UTC,4,4-4-4,04:00-16:00,16:00-04:00,1,15,Night Short / Day Reversal,short,reversal,100.0,0.0005051239613264748,-0.9999949487603867,-0.7936360435185312,-0.6519551985079517,-0.9999984212955201,-0.9903810439609222,-0.9995281125530102,-0.6905973251830011,-0.4338464648736462,-0.5778630900092405,-0.7469756478487568,-0.34738799483047966,-0.561040347622667,-0.5214439388923328,-0.6504880193054605,0.9536933730623915,3697,7385.0,3652,7304,22,data_hourly_crypto/ETHUSD_1h_2016_2025.csv
ETH,UTC,4,4-4-4,04:00-16:00,16:00-04:00,1,16,Night Trend / Day Cash,trend,cash,100.0,1.7076218470909739,-0.9829237815290902,-0.2533661046197222,-0.5626574053264674,-0.995635846868636,-0.8327758122257531,-0.8170832264999303,-0.8864236439123447,-0.7348883643828965,-0.41491650356348775,-0.45485783038772454,-0.5645568979701895,-0.20984349900743005,-0.3400245565320068,-0.37120371878291014,0.6839896580508187,7298,7298.0,3652,7304,14,data_hourly_crypto/ETHUSD_1h_2016_2025.csv
ETH,UTC,4,4-4-4,04:00-16:00,16:00-04:00,1,17,Night Trend / Day Long,trend,long,100.0,5.947953938677253,-0.9405204606132275,0.19278205219105843,-0.6530962534958066,-0.9991379322219843,-0.9492038732402525,-0.8443529715008404,-0.9693683890344439,-0.8257091567811803,-0.6115687783812136,-0.5579556069023408,-0.5769374367426289,-0.31965531774821443,-0.3730263026166454,-0.5031847020103053,0.9758560916430282,3431,6857.0,3652,7304,12,data_hourly_crypto/ETHUSD_1h_2016_2025.csv
ETH,UTC,4,4-4-4,04:00-16:00,16:00-04:00,1,18,Night Trend / Day Short,trend,short,100.0,0.005106596459848312,-0.9999489340354015,-0.5615146775521895,-0.6959338170828652,-0.9999834948944202,-0.9598178172855376,-0.9430872402089208,-0.8139271456554038,-0.7905153937927203,-0.5907042994525016,-0.9300703348675347,-0.7377340394218224,-0.22047727522134353,-0.43772553729933383,-0.5352790876235329,0.9521792317963618,3877,7749.0,3652,7304,20,data_hourly_crypto/ETHUSD_1h_2016_2025.csv
ETH,UTC,4,4-4-4,04:00-16:00,16:00-04:00,1,19,Night Trend / Day Trend,trend,trend,100.0,0.015688103672778907,-0.9998431189632722,-0.43168423188179833,-0.7293909725652856,-0.9999785576139377,-0.788562133223456,-0.6974237646056753,-0.9659843779005045,-0.928317091121691,-0.807402845546686,-0.8230246575996291,-0.7380571178164297,-0.3197102936648286,-0.473582636128564,-0.7518448080453922,0.9607658808923657,3722,7433.0,3652,7304,19,data_hourly_crypto/ETHUSD_1h_2016_2025.csv
ETH,UTC,4,4-4-4,04:00-16:00,16:00-04:00,1,20,Night Trend / Day Reversal,trend,reversal,100.0,1.9436023114749863,-0.9805639768852501,0.07037449715150279,-0.6329585647569761,-0.9997082194054855,-0.9613149357729908,-0.9837043724389415,-0.8249725672698103,-0.5489165043605788,-0.6034123736275945,-0.6452349814313711,-0.6994151690376624,-0.2592571137035017,-0.4202374312730953,-0.38312019865421476,0.967020073118055,3591,7171.0,3652,7304,13,data_hourly_crypto/ETHUSD_1h_2016_2025.csv
ETH,UTC,4,4-4-4,04:00-16:00,16:00-04:00,1,21,Night Reversal / Day Cash,reversal,cash,100.0,12.162461126163759,-0.8783753887383624,0.040098596751184865,-0.5742246322004556,-0.9720356968268858,-0.5530070852804883,-0.9039955477500023,-0.40631838461891756,-0.31009980607991416,-0.5838732514317023,-0.5937575710254096,-0.5918256559353929,-0.6290735547649677,-0.6040496554930492,-0.5662458096247125,0.6839896098256691,7298,7298.0,3652,7304,11,data_hourly_crypto/ETHUSD_1h_2016_2025.csv
ETH,UTC,4,4-4-4,04:00-16:00,16:00-04:00,1,22,Night Reversal / Day Long,reversal,long,100.0,38.748457355498935,-0.6125154264450107,0.3792625584768549,-0.6546461874000571,-0.9665871181839858,-0.7096837931640838,-0.915589946153489,-0.752571464182784,-0.47391162008313825,-0.5264454726198647,-0.4512796763609256,-0.709200921448349,-0.6784335529589861,-0.6424996845596146,-0.6868457424693369,0.946658635772555,3877,7749.0,3652,7304,9,data_hourly_crypto/ETHUSD_1h_2016_2025.csv
ETH,UTC,4,4-4-4,04:00-16:00,16:00-04:00,1,23,Night Reversal / Day Short,reversal,short,100.0,0.039765298306553024,-0.9996023470169345,-0.31492037326504846,-0.7266755696797209,-0.9997126637222794,-0.9177615262318877,-0.9702709732704592,-0.5586028938022297,-0.42585113890488535,-0.8404025029715498,-0.931310011347118,-0.6745754679913399,-0.617048506180089,-0.652876909627407,-0.678055766470243,0.9666623834366518,3431,6857.0,3652,7304,18,data_hourly_crypto/ETHUSD_1h_2016_2025.csv
ETH,UTC,4,4-4-4,04:00-16:00,16:00-04:00,1,24,Night Reversal / Day Trend,reversal,trend,100.0,0.11470434433887902,-0.9988529565566112,-0.22086772822187584,-0.7639366612958559,-0.99987309145877,-0.6781944140336666,-0.8462229231807136,-0.6536813765853329,-0.6332597812543511,-0.9348148493888062,-0.8774071953943929,-0.7838915617253396,-0.7117162978312865,-0.7157886918965283,-0.8043895216681411,0.9542741072044544,3591,7171.0,3652,7304,17,data_hourly_crypto/ETHUSD_1h_2016_2025.csv
ETH,UTC,4,4-4-4,04:00-16:00,16:00-04:00,1,25,Night Reversal / Day Reversal,reversal,reversal,100.0,13.485203858769768,-0.8651479614123023,0.27688151911899245,-0.6159361128509361,-0.9976041560628276,-0.8487312853877527,-0.9895798746531423,-0.5055251775688347,-0.3650144294729438,-0.410675269082201,-0.6694695434716647,-0.5069158094381129,-0.6269507653199886,-0.5985864506845764,-0.6379125234301426,0.9590632330473376,3722,7433.0,3652,7304,10,data_hourly_crypto/ETHUSD_1h_2016_2025.csv
ETH,UTC,4,4-4-4,04:00-16:00,16:00-04:00,2,1,Night Cash / Day Cash,cash,cash,100.0,100.0,0.0,0.0,0.0,0.0,0.0,0.0,0.0,0.0,0.0,0.0,0.0,0.0,0.0,0.0,0.0,0,0.0,3652,7304,5,data_hourly_crypto/ETHUSD_1h_2016_2025.csv
ETH,UTC,4,4-4-4,04:00-16:00,16:00-04:00,2,2,Night Cash / Day Long,cash,long,100.0,77.34699933541516,-0.22653000664584833,0.29779061115791433,-0.5343265990752878,-0.9527468856097734,-0.8142110451431851,-0.6293985424270969,-0.8072740689884089,-0.49454323590715377,-0.47893989841844664,-0.3890430375278944,-0.5412171286963086,-0.35767946154887664,-0.3826676648895839,-0.44829190720592293,0.6727661333418529,7303,7303.0,3652,7304,6,data_hourly_crypto/ETHUSD_1h_2016_2025.csv
ETH,UTC,4,4-4-4,04:00-16:00,16:00-04:00,2,3,Night Cash / Day Short,cash,short,100.0,0.07260229602589884,-0.999273977039741,-0.7317167038492777,-0.576313721536408,-0.9995197336742229,-0.9118957573578356,-0.8471427405863463,-0.3869099988848226,-0.4073082401654786,-0.7126018826777287,-0.9093720521622704,-0.5307675208223228,-0.22752933057403124,-0.3610689420003472,-0.468540750132897,0.6727662021735276,7303,7303.0,3652,7304,16,data_hourly_crypto/ETHUSD_1h_2016_2025.csv
ETH,UTC,4,4-4-4,04:00-16:00,16:00-04:00,2,4,Night Cash / Day Trend,cash,trend,100.0,0.2164507602915469,-0.9978354923970846,-0.573340306071557,-0.6410392707525212,-0.9997187388693348,-0.6169955049644065,-0.2953734352539933,-0.7693412919429765,-0.8134027610356191,-0.8722800923519137,-0.7927788057003513,-0.6829670060419082,-0.41683948259058734,-0.5041622629885287,-0.6462520646549268,0.6726211534956945,7295,7295.0,3652,7304,15,data_hourly_crypto/ETHUSD_1h_2016_2025.csv
ETH,UTC,4,4-4-4,04:00-16:00,16:00-04:00,2,5,Night Cash / Day Reversal,cash,reversal,100.0,26.12260108632352,-0.7387739891367648,0.13979587554493253,-0.50849120639684,-0.995865292071462,-0.8720736019245974,-0.9577525697950198,-0.4791233784252604,-0.31646528392367324,-0.4459161877010662,-0.5307759873268201,-0.45696960078578486,-0.28061970655131463,-0.35632327628424754,-0.3888924712506143,0.6726218247264198,7295,7295.0,3652,7304,7,data_hourly_crypto/ETHUSD_1h_2016_2025.csv
ETH,UTC,4,4-4-4,04:00-16:00,16:00-04:00,2,6,Night Long / Day Cash,long,cash,100.0,22046.242445577074,219.46242445577073,1.1277034207741006,-0.4351892821030475,-0.8358210893903671,-0.29992226263050326,-0.25286474336656106,-0.8135266197518691,-0.46100613473492424,-0.2704611193422366,-0.45357684409886057,-0.7718728232038565,-0.16375991322051764,-0.30779063744974045,-0.557111723231406,0.682206547914811,7304,7304.0,3652,7304,3,data_hourly_crypto/ETHUSD_1h_2016_2025.csv
ETH,UTC,4,4-4-4,04:00-16:00,16:00-04:00,2,7,Night Long / Day Long,long,long,100.0,316640.1427357731,3165.4014273577313,1.3112754312760426,-0.6165303566598986,-0.9403796388659991,-0.6904129093497868,-0.6120949992322249,-0.9403796388659991,-0.6408703714434711,-0.5912279458655134,-0.6013841883455223,-0.7526880044068214,-0.271132965721104,-0.4467810002249728,-0.6183315431435709,0.9684726809067945,1,1.0,3652,7304,1,data_hourly_crypto/ETHUSD_1h_2016_2025.csv
ETH,UTC,4,4-4-4,04:00-16:00,16:00-04:00,2,8,Night Long / Day Short,long,short,100.0,16.001401319839655,-0.8399859868016034,0.28267764870254247,-0.6135729996824295,-0.9974857834731452,-0.7753279947237501,-0.6789876992939227,-0.7173346761152732,-0.5059245675144383,-0.4424621316698364,-0.9191714078394321,-0.8760154863414757,-0.2600273636600684,-0.34310338463849355,-0.617375285027604,0.951725481271625,7304,14607.0,3652,7304,9,data_hourly_crypto/ETHUSD_1h_2016_2025.csv
ETH,UTC,4,4-4-4,04:00-16:00,16:00-04:00,2,9,Night Long / Day Trend,long,trend,100.0,201.97255006410904,1.0197255006410906,0.5479977491957906,-0.6613948535248773,-0.9997234002848266,-0.6173078387215571,-0.2792571353672313,-0.9342172821074144,-0.7868601293251006,-0.6671666781812131,-0.8268594505765553,-0.8618044175350498,-0.38824727742938536,-0.4932337856684237,-0.7589945403368427,0.9503838589613846,3697,7385.0,3652,7304,4,data_hourly_crypto/ETHUSD_1h_2016_2025.csv
ETH,UTC,4,4-4-4,04:00-16:00,16:00-04:00,2,10,Night Long / Day Reversal,long,reversal,100.0,25178.137899517104,250.78137899517102,1.0497685976150881,-0.5549598422226149,-0.8617717361804333,-0.5972587182532376,-0.7347751873158599,-0.7651307964526185,-0.4772762414371551,-0.511613362059589,-0.5905332867618713,-0.7756087670576366,-0.2188194458846633,-0.449190471205851,-0.4293921457976666,0.9696973252468901,3616,7223.0,3652,7304,2,data_hourly_crypto/ETHUSD_1h_2016_2025.csv
ETH,UTC,4,4-4-4,04:00-16:00,16:00-04:00,2,11,Night Short / Day Cash,short,cash,100.0,0.00021825300590714702,-0.9999978174699409,-1.5556834817869813,-0.6821800778116105,-0.9999978576636367,-0.9496643064440122,-0.9928812073086619,-0.5608050857232376,-0.6855556783842609,-0.8062791480166829,-0.6193937379496229,-0.31909444446017243,-0.6489997744731277,-0.5771540948796412,-0.6619733004766851,0.682206547914811,7304,7304.0,3652,7304,22,data_hourly_crypto/ETHUSD_1h_2016_2025.csv
ETH,UTC,4,4-4-4,04:00-16:00,16:00-04:00,2,12,Night Short / Day Long,short,long,100.0,0.00016876282509847642,-0.999998312371749,-0.913254785917348,-0.7410607349613358,-0.9999992789492396,-0.9792772960882904,-0.990954341828244,-0.8546026497378476,-0.7992257985031407,-0.7782823593227159,-0.519020328429779,-0.36527487948051707,-0.7359389888955017,-0.6563779850695295,-0.7316527222577929,0.9510163095915587,7304,14607.0,3652,7304,23,data_hourly_crypto/ETHUSD_1h_2016_2025.csv
ETH,UTC,4,4-4-4,04:00-16:00,16:00-04:00,2,13,Night Short / Day Short,short,short,100.0,2.942378325018994e-06,-0.9999999705762167,-1.3000594997676003,-0.7787975673001049,-0.9999999794709531,-0.9877365215639495,-0.9983441708716919,-0.5923404570906476,-0.7767313898936477,-0.912229827898689,-0.9485650625932603,-0.5865658002517966,-0.6016639863692637,-0.6270260894858095,-0.7567723669822923,0.9648146484758423,1,1.0,3652,7304,24,data_hourly_crypto/ETHUSD_1h_2016_2025.csv
ETH,UTC,4,4-4-4,04:00-16:00,16:00-04:00,2,14,Night Short / Day Trend,short,trend,100.0,2.06534191875755e-06,-0.9999999793465808,-1.3428388415106274,-0.8338939079914572,-0.9999999796198975,-0.9442080499743357,-0.9593892849869311,-0.7886508061280477,-0.9002902068185683,-0.9632968217335194,-0.8903963933022889,-0.6059619734922013,-0.751435457357331,-0.7205583201416887,-0.8147517659796609,0.9621738608694231,3616,7223.0,3652,7304,25,data_hourly_crypto/ETHUSD_1h_2016_2025.csv
ETH,UTC,4,4-4-4,04:00-16:00,16:00-04:00,2,15,Night Short / Day Reversal,short,reversal,100.0,0.00024130999258697782,-0.9999975869000741,-0.8713331143612021,-0.6641712821363854,-0.9999989201578176,-0.9910816307362603,-0.9995599362728461,-0.6966496814636387,-0.4503639004157859,-0.5957972135690563,-0.751937731872396,-0.3506438851234014,-0.5911345232666843,-0.5491406273534525,-0.6654036912903336,0.953349273970507,3697,7385.0,3652,7304,21,data_hourly_crypto/ETHUSD_1h_2016_2025.csv
ETH,UTC,4,4-4-4,04:00-16:00,16:00-04:00,2,16,Night Trend / Day Cash,trend,cash,100.0,0.8229928079387052,-0.991770071920613,-0.36003183155661855,-0.5733875245826926,-0.9973882850055847,-0.8440672433388523,-0.8243444133419764,-0.8941773325121954,-0.7489284965056695,-0.427477915350166,-0.47714827728770814,-0.5733085755895688,-0.21291956853920546,-0.3492662892023132,-0.3822371341592711,0.6838529036842923,7298,7298.0,3652,7304,14,data_hourly_crypto/ETHUSD_1h_2016_2025.csv
ETH,UTC,4,4-4-4,04:00-16:00,16:00-04:00,2,17,Night Trend / Day Long,trend,long,100.0,2.9955911336029444,-0.9700440886639705,0.12277627865376793,-0.6613754765342891,-0.9993491692653775,-0.9520095006318132,-0.8501283198572323,-0.9715709884592899,-0.8357963327226661,-0.615280984674555,-0.5632300122151108,-0.5905928127144624,-0.34148337188511735,-0.3829810180689017,-0.5106814241137412,0.9759683534303873,3431,6857.0,3652,7304,12,data_hourly_crypto/ETHUSD_1h_2016_2025.csv
ETH,UTC,4,4-4-4,04:00-16:00,16:00-04:00,2,18,Night Trend / Day Short,trend,short,100.0,0.0023523166713816227,-0.9999764768332862,-0.6430432521405723,-0.7052273063588694,-0.9999904713313127,-0.9613474775158168,-0.9464454200568386,-0.825640578242604,-0.8008944645199049,-0.6135429703559224,-0.93469494620967,-0.7426715192949048,-0.22854470842707775,-0.4497440044144394,-0.5487469745515163,0.951879666559289,3877,7749.0,3652,7304,20,data_hourly_crypto/ETHUSD_1h_2016_2025.csv
ETH,UTC,4,4-4-4,04:00-16:00,16:00-04:00,2,19,Night Trend / Day Trend,trend,trend,100.0,0.007458690055094599,-0.999925413099449,-0.5088603135463392,-0.7384320497885539,-0.999988032498641,-0.8025331656712286,-0.7068971062485683,-0.9682211963304388,-0.9332982798082196,-0.8186583684660148,-0.8302718786764895,-0.7535625601977272,-0.3258072526476784,-0.4870970925040562,-0.7579735973351178,0.9606980712866143,3722,7433.0,3652,7304,19,data_hourly_crypto/ETHUSD_1h_2016_2025.csv
ETH,UTC,4,4-4-4,04:00-16:00,16:00-04:00,2,20,Night Trend / Day Reversal,trend,reversal,100.0,0.9485963445663758,-0.9905140365543362,-0.00387509761340449,-0.6402057853508903,-0.9997844675770056,-0.9638009193505614,-0.9846167456386278,-0.8371350803567911,-0.5677346339818947,-0.6083011537479948,-0.6472872768229025,-0.7064882144005329,-0.27348343817950405,-0.42566328571337664,-0.3875471053167189,0.966697025624124,3591,7171.0,3652,7304,13,data_hourly_crypto/ETHUSD_1h_2016_2025.csv
ETH,UTC,4,4-4-4,04:00-16:00,16:00-04:00,2,21,Night Reversal / Day Cash,reversal,cash,100.0,5.861729896884784,-0.9413827010311522,-0.06656716403152664,-0.5853188489454162,-0.9823210003534828,-0.5562587383327646,-0.9077143514819099,-0.4105192235894666,-0.3111340356399731,-0.603903585910471,-0.603670319455623,-0.6012275707293808,-0.6510618744826755,-0.622571319649999,-0.5851274701818983,0.6838528072388195,7298,7298.0,3652,7304,11,data_hourly_crypto/ETHUSD_1h_2016_2025.csv
ETH,UTC,4,4-4-4,04:00-16:00,16:00-04:00,2,22,Night Reversal / Day Long,reversal,long,100.0,17.849196219896257,-0.8215080378010374,0.29751597503578875,-0.6674176148562696,-0.9739703818312566,-0.7221844252808722,-0.9193537076305223,-0.7638876498336589,-0.4949502307094622,-0.5457403131235621,-0.4522667804177346,-0.7130153827890635,-0.6980358061271887,-0.66238064942131,-0.7023612032293214,0.9465977859067901,3877,7749.0,3652,7304,8,data_hourly_crypto/ETHUSD_1h_2016_2025.csv
ETH,UTC,4,4-4-4,04:00-16:00,16:00-04:00,2,23,Night Reversal / Day Short,reversal,short,100.0,0.020027151565110608,-0.999799728484349,-0.3861785963576144,-0.7342717690454377,-0.9998521121779472,-0.9200329367396001,-0.9709819910003624,-0.562821290842152,-0.42585113890488524,-0.8469380887518403,-0.9354148197044261,-0.6796141980165906,-0.641657795987485,-0.6744681916594211,-0.6849372388476138,0.9662490866709901,3431,6857.0,3652,7304,18,data_hourly_crypto/ETHUSD_1h_2016_2025.csv
ETH,UTC,4,4-4-4,04:00-16:00,16:00-04:00,2,24,Night Reversal / Day Trend,reversal,trend,100.0,0.055982708552744426,-0.9994401729144725,-0.29584869930985636,-0.7735748610288298,-0.9999279113150488,-0.6801840313694353,-0.848240043446489,-0.6567165168139407,-0.6567586375194923,-0.9381311954874365,-0.8849595903368344,-0.7902851299720366,-0.7300800790056373,-0.734424901439661,-0.8159684848973348,0.9541872596244294,3591,7171.0,3652,7304,17,data_hourly_crypto/ETHUSD_1h_2016_2025.csv
ETH,UTC,4,4-4-4,04:00-16:00,16:00-04:00,2,25,Night Reversal / Day Reversal,reversal,reversal,100.0,6.411352067162285,-0.9358864793283772,0.19931281627827074,-0.6262817286595015,-0.9979105298874755,-0.852791533780537,-0.9902902180325973,-0.5165782541572055,-0.3792083657972194,-0.41782348249736345,-0.6748476354732471,-0.5109437709835192,-0.6495241923947113,-0.6170984040510565,-0.6537114294275588,0.9587888762931636,3722,7433.0,3652,7304,10,data_hourly_crypto/ETHUSD_1h_2016_2025.csv
ETH,UTC,5,5-5-5,05:00-17:00,17:00-05:00,0,1,Night Cash / Day Cash,cash,cash,100.0,100.0,0.0,0.0,0.0,0.0,0.0,0.0,0.0,0.0,0.0,0.0,0.0,0.0,0.0,0.0,0.0,0,0.0,3652,7304,10,data_hourly_crypto/ETHUSD_1h_2016_2025.csv
ETH,UTC,5,5-5-5,05:00-17:00,17:00-05:00,0,2,Night Cash / Day Long,cash,long,100.0,402.06320516823536,3.0206320516823535,0.5455028536279493,-0.4967184444561072,-0.856275171605145,-0.8131530453076397,-0.5505763686663474,-0.7182582668021622,-0.4436700632578209,-0.4288886854318297,-0.4771199612562447,-0.5163580443681874,-0.24706176220455567,-0.33611670593872234,-0.4359815413275623,0.6850994837709818,7303,7303.0,3652,7304,7,data_hourly_crypto/ETHUSD_1h_2016_2025.csv
ETH,UTC,5,5-5-5,05:00-17:00,17:00-05:00,0,3,Night Cash / Day Short,cash,short,100.0,0.22010433438973895,-0.9977989566561026,-0.5455028536279493,-0.5508295750442556,-0.9986375459650816,-0.8465697686414045,-0.8552571696199303,-0.39036728997274395,-0.37134988567047056,-0.8121144081184046,-0.8950090704465181,-0.49590792824388286,-0.18440974331096094,-0.27394270516397545,-0.3833677812542645,0.6850994837709818,7303,7303.0,3652,7304,16,data_hourly_crypto/ETHUSD_1h_2016_2025.csv
ETH,UTC,5,5-5-5,05:00-17:00,17:00-05:00,0,4,Night Cash / Day Trend,cash,trend,100.0,0.0038189148095708714,-0.9999618108519043,-1.1386499804776937,-0.7126898022569605,-0.9999627987884521,-0.7215282464065815,-0.4020666882361381,-0.7668519041575792,-0.9280031378491641,-0.8548347107085479,-0.7639227631685137,-0.8245499147320285,-0.45111058531751924,-0.6007289298658396,-0.8133011421276932,0.6840974003405637,7299,7299.0,3652,7304,20,data_hourly_crypto/ETHUSD_1h_2016_2025.csv
ETH,UTC,5,5-5-5,05:00-17:00,17:00-05:00,0,5,Night Cash / Day Reversal,cash,reversal,100.0,23194.38189339888,230.9438189339888,1.1386499804776937,-0.4043766101245646,-0.9211551836196702,-0.6740868779138189,-0.8149129770964768,-0.3551826708647323,-0.22882209099504136,-0.4030834863804381,-0.49146968827477755,-0.37103843870045816,-0.3117476754241938,-0.18812129145380097,-0.20530090414190838,0.6840974003405637,7299,7299.0,3652,7304,4,data_hourly_crypto/ETHUSD_1h_2016_2025.csv
ETH,UTC,5,5-5-5,05:00-17:00,17:00-05:00,0,6,Night Long / Day Cash,long,cash,100.0,79517.52795911477,794.1752795911477,1.3444452868120327,-0.4266166348196162,-0.8401917172720003,-0.2552798129170053,-0.1971924156264242,-0.8258262223286664,-0.5239339226087172,-0.3575790450806504,-0.3843258651435566,-0.7519418510295544,-0.13527060931118784,-0.33364625968330885,-0.50117034446709,0.6556093565294014,7304,7304.0,3652,7304,3,data_hourly_crypto/ETHUSD_1h_2016_2025.csv
ETH,UTC,5,5-5-5,05:00-17:00,17:00-05:00,0,7,Night Long / Day Long,long,long,100.0,319710.721582966,3196.1072158296597,1.3192319638082282,-0.6142838670518149,-0.939944820015023,-0.6868049010367586,-0.5842072952371198,-0.9399448200150231,-0.649291912824717,-0.6048027201246717,-0.5954619169985276,-0.7490303184501714,-0.2775304160403881,-0.4435935351776914,-0.6121708346130816,0.9531084707255625,1,1.0,3652,7304,2,data_hourly_crypto/ETHUSD_1h_2016_2025.csv
ETH,UTC,5,5-5-5,05:00-17:00,17:00-05:00,0,8,Night Long / Day Short,long,short,100.0,175.02152563758557,0.7502152563758557,0.5341167276692111,-0.6063607007029114,-0.997387483958032,-0.5824299797971548,-0.5657498327952897,-0.7539312716542922,-0.613530531497269,-0.6976571651502672,-0.8957177601864246,-0.8543426677486491,-0.20293206684887533,-0.37090892707422785,-0.5264068042766634,0.9464048456223701,7304,14607.0,3652,7304,9,data_hourly_crypto/ETHUSD_1h_2016_2025.csv
ETH,UTC,5,5-5-5,05:00-17:00,17:00-05:00,0,9,Night Long / Day Trend,long,trend,100.0,3.0367066514353116,-0.9696329334856468,0.11076039652038899,-0.7016211013999,-0.9999582151753713,-0.6122198758794476,-0.29394124217442463,-0.9465569458674861,-0.9232615945650665,-0.7650520550011122,-0.7750635463145557,-0.9397070108594228,-0.43555875695391244,-0.5703698533439236,-0.7544801330396476,0.9491070256201227,3641,7277.0,3652,7304,13,data_hourly_crypto/ETHUSD_1h_2016_2025.csv
ETH,UTC,5,5-5-5,05:00-17:00,17:00-05:00,0,10,Night Long / Day Reversal,long,reversal,100.0,18443599.107027315,184434.99107027316,1.7468475216828536,-0.49813866607850266,-0.7301500620674959,-0.510186713490387,-0.5735649933106988,-0.7301500620674963,-0.40916938514075685,-0.5554336496832379,-0.47609294368892185,-0.6927283215542974,-0.2578518463171795,-0.3691367450729638,-0.4070720004590874,0.9489885795279176,3668,7331.0,3652,7304,1,data_hourly_crypto/ETHUSD_1h_2016_2025.csv
ETH,UTC,5,5-5-5,05:00-17:00,17:00-05:00,0,11,Night Short / Day Cash,short,cash,100.0,0.0016284525995540133,-0.9999837154740044,-1.344445286812033,-0.6505907067591817,-0.9999837930305028,-0.9665581675341204,-0.9882575482238927,-0.4941419584098792,-0.6836890993792384,-0.624674636896388,-0.5848499602212771,-0.3356228135529874,-0.6031804034814656,-0.5591376440198805,-0.6657948358726871,0.6556093565294014,7304,7304.0,3652,7304,22,data_hourly_crypto/ETHUSD_1h_2016_2025.csv
ETH,UTC,5,5-5-5,05:00-17:00,17:00-05:00,0,12,Night Short / Day Long,short,long,100.0,0.006547408716412343,-0.9999345259128358,-0.5372720185291278,-0.684064179426505,-0.9999528029625392,-0.9850032811821295,-0.9730509514169448,-0.6286821042283799,-0.7934006788281571,-0.46627150098828807,-0.5841078080926709,-0.3686791437243364,-0.661182046895225,-0.6031837545550816,-0.7770805243538368,0.9490978408317847,7304,14607.0,3652,7304,18,data_hourly_crypto/ETHUSD_1h_2016_2025.csv
ETH,UTC,5,5-5-5,05:00-17:00,17:00-05:00,0,13,Night Short / Day Short,short,short,100.0,3.5842947551007536e-06,-0.9999999641570525,-1.3217645372461224,-0.7763127177899483,-0.999999974664945,-0.9868881227663717,-0.9979990622108323,-0.5849415304411831,-0.7795297126782854,-0.9186299416481767,-0.9491413046669449,-0.5754218250269898,-0.599433752226195,-0.6154698301511907,-0.7556720960833131,0.9479283720508911,1,1.0,3652,7304,24,data_hourly_crypto/ETHUSD_1h_2016_2025.csv
ETH,UTC,5,5-5-5,05:00-17:00,17:00-05:00,0,14,Night Short / Day Trend,short,trend,100.0,6.218921749121083e-08,-0.9999999993781078,-1.772467895466884,-0.8631950312293212,-0.9999999993922983,-0.9822415611828738,-0.9830212053694701,-0.6581549164277891,-0.9510482194478652,-0.9399331000754637,-0.8802817775574315,-0.7819126581119874,-0.7237275065871458,-0.8110598555427099,-0.9205695119904754,0.9382502542564616,3668,7331.0,3652,7304,25,data_hourly_crypto/ETHUSD_1h_2016_2025.csv
ETH,UTC,5,5-5-5,05:00-17:00,17:00-05:00,0,15,Night Short / Day Reversal,short,reversal,100.0,0.37770951489353644,-0.9962229048510647,-0.10430570317946501,-0.5892503141026018,-0.9999659192662913,-0.9800166562821225,-0.9967065561271584,-0.5692071741651401,-0.3596868902861553,-0.49810558575532904,-0.5911389585498699,-0.3868809163250446,-0.5343423490331903,-0.40296429069687334,-0.5734537638051342,0.9572186575132913,3641,7277.0,3652,7304,15,data_hourly_crypto/ETHUSD_1h_2016_2025.csv
ETH,UTC,5,5-5-5,05:00-17:00,17:00-05:00,0,16,Night Trend / Day Cash,trend,cash,100.0,2.5802304544550148,-0.9741976954554499,-0.22934172651260717,-0.5532539894223232,-0.9966937276687516,-0.7784077931052968,-0.8422340807084139,-0.8325279997900875,-0.698814167074703,-0.2694165860322889,-0.7767767364995332,-0.44464996658677136,-0.19429919168914334,-0.15956990364659474,-0.5358434690903994,0.6571090033726708,7298,7298.0,3652,7304,14,data_hourly_crypto/ETHUSD_1h_2016_2025.csv
ETH,UTC,5,5-5-5,05:00-17:00,17:00-05:00,0,17,Night Trend / Day Long,trend,long,100.0,10.37415726590876,-0.8962584273409124,0.24627467901792627,-0.6549494052509754,-0.9977559821148473,-0.9485593983545998,-0.8443317444651361,-0.934118556295137,-0.8084834672193668,-0.4899247622840168,-0.7481218157368446,-0.5021218940156615,-0.3203260139633979,-0.3156665345200269,-0.6378398656555667,0.9736194720624491,3431,6857.0,3652,7304,12,data_hourly_crypto/ETHUSD_1h_2016_2025.csv
ETH,UTC,5,5-5-5,05:00-17:00,17:00-05:00,0,18,Night Trend / Day Short,trend,short,100.0,0.005679199067499578,-0.999943208009325,-0.5792942936960205,-0.6905190839587221,-0.9999905714636765,-0.8453400546834823,-0.9480678350261376,-0.8028332117747377,-0.7648915925103007,-0.8273100557558829,-0.9724424722702009,-0.6668432546561845,-0.21360405896570533,-0.24674597011235455,-0.6171123338322353,0.9342105654033883,3877,7749.0,3652,7304,19,data_hourly_crypto/ETHUSD_1h_2016_2025.csv
ETH,UTC,5,5-5-5,05:00-17:00,17:00-05:00,0,19,Night Trend / Day Trend,trend,trend,100.0,9.853680294624051e-05,-0.9999990146319705,-1.0540880298094564,-0.7724597160603357,-0.9999990970315017,-0.8292790828283266,-0.7957155767601836,-0.9537100464750432,-0.9717218901705656,-0.8442225080360775,-0.9100725430734122,-0.7935680386780735,-0.386448803343751,-0.39824386482576246,-0.8416148064121606,0.9130560175723494,3711,7415.0,3652,7304,23,data_hourly_crypto/ETHUSD_1h_2016_2025.csv
ETH,UTC,5,5-5-5,05:00-17:00,17:00-05:00,0,20,Night Trend / Day Reversal,trend,reversal,100.0,598.4685053360743,4.984685053360742,0.6663716529516314,-0.5755262067331406,-0.9916900508895055,-0.898552482289102,-0.9516987813029432,-0.7513900410846077,-0.3862137508286091,-0.5011238066803738,-0.7830097889648766,-0.5561653796058535,-0.35825812342309094,-0.18906353730000247,-0.3797863758519451,0.9919935655419515,3598,7189.0,3652,7304,6,data_hourly_crypto/ETHUSD_1h_2016_2025.csv
ETH,UTC,5,5-5-5,05:00-17:00,17:00-05:00,0,21,Night Reversal / Day Cash,reversal,cash,100.0,50.23501454987842,-0.4976498545012158,0.22934172651260712,-0.5463298537732679,-0.9239193392567869,-0.6724692140648775,-0.8841640140974818,-0.4941419584098792,-0.2779778873859875,-0.44614465976136863,-0.4178278783390288,-0.6052242883557273,-0.5147748181450371,-0.6673883752597318,-0.48318544391356044,0.6571090033726708,7298,7298.0,3652,7304,11,data_hourly_crypto/ETHUSD_1h_2016_2025.csv
ETH,UTC,5,5-5-5,05:00-17:00,17:00-05:00,0,22,Night Reversal / Day Long,reversal,long,100.0,201.97650961597083,1.0197650961597082,0.5457707401189501,-0.626316255617345,-0.9677363139326114,-0.7489320615540669,-0.8521122610513038,-0.6050818093312493,-0.41275598434115046,-0.4926582514168043,-0.4958185258363438,-0.7145886857555384,-0.5999145993673602,-0.6823071477924297,-0.658993229727203,0.9301884226218919,3877,7749.0,3652,7304,8,data_hourly_crypto/ETHUSD_1h_2016_2025.csv
ETH,UTC,5,5-5-5,05:00-17:00,17:00-05:00,0,23,Night Reversal / Day Short,reversal,short,100.0,0.11056944440559933,-0.998894305555944,-0.21441858861661245,-0.7149303382316643,-0.9992853265777883,-0.9388776768470005,-0.9585928917135311,-0.5785475515629601,-0.4361387357776574,-0.8603257842695404,-0.8473855114471606,-0.714067283434433,-0.5106033805685575,-0.714219667609505,-0.5905448990862973,0.9619716206242875,3431,6857.0,3652,7304,17,data_hourly_crypto/ETHUSD_1h_2016_2025.csv
ETH,UTC,5,5-5-5,05:00-17:00,17:00-05:00,0,24,Night Reversal / Day Trend,reversal,trend,100.0,0.0019184324102354117,-0.9999808156758977,-0.6104886027352645,-0.8283154649804343,-0.9999841478111662,-0.8925001293325006,-0.892774351634365,-0.6288938409546102,-0.8658064874063731,-0.9093951090316525,-0.7838309018706922,-0.9078099309214458,-0.6768595322882474,-0.8591697930713418,-0.8661145732931154,0.9753721228354472,3598,7189.0,3652,7304,21,data_hourly_crypto/ETHUSD_1h_2016_2025.csv
ETH,UTC,5,5-5-5,05:00-17:00,17:00-05:00,0,25,Night Reversal / Day Reversal,reversal,reversal,100.0,11651.701118903335,115.51701118903334,0.9804491864301038,-0.5377117610946607,-0.9609222759620646,-0.7624873694029177,-0.943278726146325,-0.599859589744093,-0.278074887993357,-0.5001063510642466,-0.4906893418215157,-0.48437945029109375,-0.4997945435694908,-0.45180297297749994,-0.3666443779360673,0.9147425522001913,3711,7415.0,3652,7304,5,data_hourly_crypto/ETHUSD_1h_2016_2025.csv
ETH,UTC,5,5-5-5,05:00-17:00,17:00-05:00,1,1,Night Cash / Day Cash,cash,cash,100.0,100.0,0.0,0.0,0.0,0.0,0.0,0.0,0.0,0.0,0.0,0.0,0.0,0.0,0.0,0.0,0.0,0,0.0,3652,7304,8,data_hourly_crypto/ETHUSD_1h_2016_2025.csv
ETH,UTC,5,5-5-5,05:00-17:00,17:00-05:00,1,2,Night Cash / Day Long,cash,long,100.0,193.69268122240356,0.9369268122240357,0.4389476026507229,-0.5129749933257861,-0.888280869110138,-0.8201422372664866,-0.5536438161644496,-0.7345337175014357,-0.47883939122949737,-0.4327025312836389,-0.4820640472388621,-0.5237018104084472,-0.2770925773880497,-0.3552872253632062,-0.4717425794137885,0.6849624656966518,7303,7303.0,3652,7304,7,data_hourly_crypto/ETHUSD_1h_2016_2025.csv
ETH,UTC,5,5-5-5,05:00-17:00,17:00-05:00,1,3,Night Cash / Day Short,cash,short,100.0,0.1060345690145478,-0.9989396543098545,-0.6520581200262429,-0.5611695428155187,-0.9993262173489077,-0.8513574605093099,-0.86511061678895,-0.39419609409194234,-0.39169694725825754,-0.8250448494463538,-0.9016855833610731,-0.50286668060882,-0.19775390467867937,-0.2816484145235342,-0.4003348768882665,0.684962477205391,7303,7303.0,3652,7304,16,data_hourly_crypto/ETHUSD_1h_2016_2025.csv
ETH,UTC,5,5-5-5,05:00-17:00,17:00-05:00,1,4,Night Cash / Day Trend,cash,trend,100.0,0.0018404862510112223,-0.9999815951374899,-1.2453013912229733,-0.7254677178351441,-0.9999820676769429,-0.7305952284058035,-0.4090220873273407,-0.7822232520880779,-0.9328640920554012,-0.8626997361933887,-0.7781379214560076,-0.8334239448434207,-0.4752118036744788,-0.6252206717433512,-0.8252784405641701,0.6839611768330776,7299,7299.0,3652,7304,19,data_hourly_crypto/ETHUSD_1h_2016_2025.csv
ETH,UTC,5,5-5-5,05:00-17:00,17:00-05:00,1,5,Night Cash / Day Reversal,cash,reversal,100.0,11178.290981646962,110.78290981646961,1.031997504725542,-0.41313385317659257,-0.9342294279255597,-0.6862711919644455,-0.8255002754110403,-0.3796616029035086,-0.22951587355386782,-0.4110881067883567,-0.49344919292417433,-0.3794727815851041,-0.32233386088191085,-0.1966018411235172,-0.20744380462999967,0.6839600280626021,7299,7299.0,3652,7304,4,data_hourly_crypto/ETHUSD_1h_2016_2025.csv
ETH,UTC,5,5-5-5,05:00-17:00,17:00-05:00,1,6,Night Long / Day Cash,long,cash,100.0,38303.48761164277,382.0348761164277,1.23308178851379,-0.4374054858342653,-0.8880046796711896,-0.26143571593082726,-0.19935718059641516,-0.8369999988517397,-0.5398948926910004,-0.36110283721355196,-0.3956116852079611,-0.7676000220452946,-0.1587569141724966,-0.34415801979160077,-0.5091375918417658,0.6554782412141891,7304,7304.0,3652,7304,3,data_hourly_crypto/ETHUSD_1h_2016_2025.csv
ETH,UTC,5,5-5-5,05:00-17:00,17:00-05:00,1,7,Night Long / Day Long,long,long,100.0,319678.75051080895,3195.7875051080896,1.319221538726545,-0.6142838670518149,-0.939944820015023,-0.6868049010367584,-0.5842072952371198,-0.9399448200150231,-0.649291912824717,-0.6048027201246717,-0.5954619169985276,-0.7490303184501714,-0.2775304160403881,-0.4435935351776914,-0.6121708346130816,0.9531082318225362,1,1.0,3652,7304,2,data_hourly_crypto/ETHUSD_1h_2016_2025.csv
ETH,UTC,5,5-5-5,05:00-17:00,17:00-05:00,1,8,Night Long / Day Short,long,short,100.0,40.61197141264613,-0.5938802858735388,0.3798131368991275,-0.6285434799830985,-0.9987125764304952,-0.5887296751086055,-0.5870131428826653,-0.7857385413662655,-0.6341412282649554,-0.7376321815755476,-0.9070845884403209,-0.8717419689935526,-0.24831421495609807,-0.38962530917933336,-0.5354139490636401,0.946026571218704,7304,14607.0,3652,7304,10,data_hourly_crypto/ETHUSD_1h_2016_2025.csv
ETH,UTC,5,5-5-5,05:00-17:00,17:00-05:00,1,9,Night Long / Day Trend,long,trend,100.0,1.4666792549508474,-0.9853332074504916,0.03429823594438745,-0.7106754702998563,-0.9999764935300852,-0.6144627143709979,-0.29647873722869533,-0.9500406368799029,-0.9286216169688118,-0.7774039757335045,-0.7799585948313433,-0.9432979882995828,-0.45070613524015146,-0.5936076168776458,-0.7721766865679274,0.9490961521981124,3641,7277.0,3652,7304,13,data_hourly_crypto/ETHUSD_1h_2016_2025.csv
ETH,UTC,5,5-5-5,05:00-17:00,17:00-05:00,1,10,Night Long / Day Reversal,long,reversal,100.0,8859976.246684458,88598.76246684458,1.6696568689624816,-0.5049143834229299,-0.7412501361237924,-0.5136037745453746,-0.5850088281480655,-0.7412501361237925,-0.4148147823344942,-0.5573856393034121,-0.47881046047475306,-0.7036537062443446,-0.27211217410605126,-0.3735378062911995,-0.4089665266578121,0.948744709426567,3668,7331.0,3652,7304,1,data_hourly_crypto/ETHUSD_1h_2016_2025.csv
ETH,UTC,5,5-5-5,05:00-17:00,17:00-05:00,1,11,Night Short / Day Cash,short,cash,100.0,0.0007844234544770643,-0.9999921557654552,-1.455808785110277,-0.666680929345228,-0.9999921915627081,-0.9689063398379734,-0.9890798795345979,-0.4951527139392139,-0.6955144328488776,-0.6484717740260251,-0.6135368903370149,-0.3544203438120316,-0.6294537251378499,-0.5890674070869766,-0.6832057868917205,0.6554782412141891,7304,7304.0,3652,7304,22,data_hourly_crypto/ETHUSD_1h_2016_2025.csv
ETH,UTC,5,5-5-5,05:00-17:00,17:00-05:00,1,12,Night Short / Day Long,short,long,100.0,0.0015192598433203808,-0.9999848074015668,-0.6911383709533087,-0.709776806950851,-0.9999888706401746,-0.9868316209400968,-0.9766608172377712,-0.6647594491883659,-0.8111085880931067,-0.49220106827787524,-0.6188407177375912,-0.3939715357321918,-0.7055677546863441,-0.6454569075858507,-0.8023696100293153,0.948718003390694,7304,14607.0,3652,7304,20,data_hourly_crypto/ETHUSD_1h_2016_2025.csv
ETH,UTC,5,5-5-5,05:00-17:00,17:00-05:00,1,13,Night Short / Day Short,short,short,100.0,3.583936325625215e-06,-0.9999999641606367,-1.3217744908133398,-0.7763128489087207,-0.9999999746674785,-0.9868894339540951,-0.9979990622108323,-0.5849415304411831,-0.7795297126782854,-0.9186299416481767,-0.9491413046669449,-0.5754218250269898,-0.599433752226195,-0.6154698301511907,-0.7556720960833131,0.9479286010566106,1,1.0,3652,7304,24,data_hourly_crypto/ETHUSD_1h_2016_2025.csv
ETH,UTC,5,5-5-5,05:00-17:00,17:00-05:00,1,14,Night Short / Day Trend,short,trend,100.0,2.9874591535774266e-08,-0.9999999997012541,-1.85036246607127,-0.8719171535412965,-0.9999999997078081,-0.9832624463151464,-0.9842921999143038,-0.6813954681969203,-0.9539360954191602,-0.9433635336794509,-0.8886215775610142,-0.7933781661833681,-0.7413744991229869,-0.8242920910824383,-0.9252554579381745,0.9381367835034328,3668,7331.0,3652,7304,25,data_hourly_crypto/ETHUSD_1h_2016_2025.csv
ETH,UTC,5,5-5-5,05:00-17:00,17:00-05:00,1,15,Night Short / Day Reversal,short,reversal,100.0,0.18242746945282523,-0.9981757253054717,-0.1805237882584309,-0.5961893161933554,-0.9999711786774793,-0.9814681368785577,-0.996914458198881,-0.5795923433141502,-0.3618604750367316,-0.5037952583052228,-0.6001259998758597,-0.3907927384712716,-0.5464413557380723,-0.41417920548806786,-0.5867231906267386,0.9568262263297952,3641,7277.0,3652,7304,15,data_hourly_crypto/ETHUSD_1h_2016_2025.csv
ETH,UTC,5,5-5-5,05:00-17:00,17:00-05:00,1,16,Night Trend / Day Cash,trend,cash,100.0,1.2436395803654303,-0.9875636041963457,-0.3403597752882082,-0.5644698463515614,-0.9978971391138421,-0.7917923973500169,-0.8473709060124123,-0.8439911667366347,-0.7152462834572844,-0.28323899612348136,-0.7875152997255064,-0.45355060139590586,-0.2138539334704056,-0.16133304306300378,-0.5468058361809625,0.6569776349527018,7298,7298.0,3652,7304,14,data_hourly_crypto/ETHUSD_1h_2016_2025.csv
ETH,UTC,5,5-5-5,05:00-17:00,17:00-05:00,1,17,Night Trend / Day Long,trend,long,100.0,5.225493699325708,-0.9477450630067429,0.1760893658754151,-0.6627350076512243,-0.9982586814485118,-0.9514874792149153,-0.8497465349060546,-0.9387202418820049,-0.8200340030656604,-0.491534746797738,-0.7523184385630222,-0.5139028199961446,-0.3406828871013804,-0.32206976709326607,-0.6468531578920562,0.9737023801829492,3431,6857.0,3652,7304,12,data_hourly_crypto/ETHUSD_1h_2016_2025.csv
ETH,UTC,5,5-5-5,05:00-17:00,17:00-05:00,1,18,Night Trend / Day Short,trend,short,100.0,0.002616487418298792,-0.9999738351258171,-0.6623894378666061,-0.6984266673222876,-0.9999942015405036,-0.8520130047425105,-0.9513752934799039,-0.8159434347209845,-0.778495976203101,-0.8402372382713742,-0.973791842521759,-0.6732448395285591,-0.21955860764324275,-0.2511026326307828,-0.6285038034806584,0.9339076948206825,3877,7749.0,3652,7304,18,data_hourly_crypto/ETHUSD_1h_2016_2025.csv
ETH,UTC,5,5-5-5,05:00-17:00,17:00-05:00,1,19,Night Trend / Day Trend,trend,trend,100.0,4.6939333318838336e-05,-0.9999995306066668,-1.1349619613187771,-0.7826926261178231,-0.9999995646501955,-0.8380925494291186,-0.8021102467313334,-0.9567534202148651,-0.9737601163476715,-0.853148370386006,-0.9144074393991529,-0.8041075797462693,-0.4014792284140333,-0.42987999631837104,-0.8531873141914103,0.9130144899392632,3711,7415.0,3652,7304,23,data_hourly_crypto/ETHUSD_1h_2016_2025.csv
ETH,UTC,5,5-5-5,05:00-17:00,17:00-05:00,1,20,Night Trend / Day Reversal,trend,reversal,100.0,291.60555101925877,1.9160555101925878,0.5938909304262603,-0.5819362435137605,-0.9933085416355721,-0.9046708731675117,-0.9545300916892092,-0.7599897291097386,-0.3913484727836012,-0.5072722869780126,-0.7840225096019295,-0.5652054173958623,-0.3723492123774257,-0.1963299442448817,-0.3836438977894321,0.9916551331079879,3598,7189.0,3652,7304,6,data_hourly_crypto/ETHUSD_1h_2016_2025.csv
ETH,UTC,5,5-5-5,05:00-17:00,17:00-05:00,1,21,Night Reversal / Day Cash,reversal,cash,100.0,24.212663759004013,-0.7578733624099598,0.11832365863121001,-0.5599183112551613,-0.9445834515855637,-0.6821179002872677,-0.8879356095483217,-0.4951527139392139,-0.2790601627601116,-0.46428523271752664,-0.4276988775915801,-0.6197549513001399,-0.5463573786336563,-0.6896588885541057,-0.5071613972196902,0.6569775595771039,7298,7298.0,3652,7304,11,data_hourly_crypto/ETHUSD_1h_2016_2025.csv
ETH,UTC,5,5-5-5,05:00-17:00,17:00-05:00,1,22,Night Reversal / Day Long,reversal,long,100.0,93.05343762756479,-0.06946562372435205,0.4625526908479519,-0.6395978445947792,-0.9758154619947504,-0.7645456238708884,-0.8586486061997876,-0.6247946370762747,-0.4167360939609419,-0.4956934906181152,-0.4994359558285614,-0.7272797052575639,-0.6269654566146907,-0.7063827168237812,-0.6754961596971869,0.9301109107742062,3877,7749.0,3652,7304,9,data_hourly_crypto/ETHUSD_1h_2016_2025.csv
ETH,UTC,5,5-5-5,05:00-17:00,17:00-05:00,1,23,Night Reversal / Day Short,reversal,short,100.0,0.055694156187324664,-0.9994430584381268,-0.2860019845889471,-0.7258282159082631,-0.9996330744239945,-0.9404584413473666,-0.9594615687651962,-0.5814039909639257,-0.4531332422741706,-0.8691428644864084,-0.8563997653129961,-0.7323313257668882,-0.5363324340827154,-0.7301630989271616,-0.5994554271558021,0.9615402805411404,3431,6857.0,3652,7304,17,data_hourly_crypto/ETHUSD_1h_2016_2025.csv
ETH,UTC,5,5-5-5,05:00-17:00,17:00-05:00,1,24,Night Reversal / Day Trend,reversal,trend,100.0,0.0009347618714968936,-0.999990652381285,-0.6839623497159029,-0.8372242953130453,-0.9999922566379397,-0.8958235064584958,-0.8972672252907216,-0.6529456264564033,-0.874227287222678,-0.9139866088570365,-0.7961355927854168,-0.9121485259664759,-0.686849478963644,-0.8687704739087424,-0.8740886272208392,0.9752920588422007,3598,7189.0,3652,7304,21,data_hourly_crypto/ETHUSD_1h_2016_2025.csv
ETH,UTC,5,5-5-5,05:00-17:00,17:00-05:00,1,25,Night Reversal / Day Reversal,reversal,reversal,100.0,5550.444769860066,54.504447698600664,0.8994018585144137,-0.5468118299889472,-0.9648036583941849,-0.7644272027761793,-0.9449662672363555,-0.6027305399779528,-0.2798056036498937,-0.504981867337735,-0.49867400376072124,-0.4881813382240532,-0.528550021601598,-0.4803510044007254,-0.375450450924258,0.9144434742750649,3711,7415.0,3652,7304,5,data_hourly_crypto/ETHUSD_1h_2016_2025.csv
ETH,UTC,5,5-5-5,05:00-17:00,17:00-05:00,2,1,Night Cash / Day Cash,cash,cash,100.0,100.0,0.0,0.0,0.0,0.0,0.0,0.0,0.0,0.0,0.0,0.0,0.0,0.0,0.0,0.0,0.0,0,0.0,3652,7304,7,data_hourly_crypto/ETHUSD_1h_2016_2025.csv
ETH,UTC,5,5-5-5,05:00-17:00,17:00-05:00,2,2,Night Cash / Day Long,cash,long,100.0,93.30402278303576,-0.06695977216964233,0.33236037336981017,-0.530284446548345,-0.9131614913949208,-0.8271091612329315,-0.5567135315936433,-0.7498704684228366,-0.5117886199458632,-0.4364912861364505,-0.48696187195926677,-0.5309347842932344,-0.3143328178985898,-0.38340245876296,-0.5052394652376724,0.6848254627861431,7303,7303.0,3652,7304,8,data_hourly_crypto/ETHUSD_1h_2016_2025.csv
ETH,UTC,5,5-5-5,05:00-17:00,17:00-05:00,2,3,Night Cash / Day Short,cash,short,100.0,0.05107808813778933,-0.9994892191186221,-0.7586453588260014,-0.5756855466948048,-0.9996668136472402,-0.8559962121102032,-0.8742941715710812,-0.3980012307051255,-0.41476239330058773,-0.8370865689513962,-0.9079381329048576,-0.5097300523043207,-0.21732956481372168,-0.32488040270858365,-0.4168367375781702,0.6848254857976459,7303,7303.0,3652,7304,16,data_hourly_crypto/ETHUSD_1h_2016_2025.csv
ETH,UTC,5,5-5-5,05:00-17:00,17:00-05:00,2,4,Night Cash / Day Trend,cash,trend,100.0,0.000886938442740749,-0.9999911306155725,-1.3519846057350688,-0.7375690457042041,-0.9999913566056541,-0.7393678542356944,-0.4158972619757024,-0.7965825616290948,-0.9373972908100883,-0.8701393596873108,-0.7914984230465028,-0.8418499593729839,-0.49825701346522167,-0.6482122895672047,-0.836488443252237,0.6838249772023038,7299,7299.0,3652,7304,19,data_hourly_crypto/ETHUSD_1h_2016_2025.csv
ETH,UTC,5,5-5-5,05:00-17:00,17:00-05:00,2,5,Night Cash / Day Reversal,cash,reversal,100.0,5386.867731458303,52.86867731458303,0.925312832487618,-0.4227789539784693,-0.9451366632781589,-0.7055278944216177,-0.8354829311251046,-0.40321356145787346,-0.2302091012531371,-0.4189861701655374,-0.49542118898063314,-0.3877948469989623,-0.33494212826855674,-0.20499464139704082,-0.21121707571622983,0.683822679711566,7299,7299.0,3652,7304,4,data_hourly_crypto/ETHUSD_1h_2016_2025.csv
ETH,UTC,5,5-5-5,05:00-17:00,17:00-05:00,2,6,Night Long / Day Cash,long,cash,100.0,18449.39124980612,183.4939124980612,1.121684872811817,-0.4481927118740085,-0.9215152958392132,-0.2675413419330809,-0.20453524286063385,-0.8474579552534971,-0.5553222592483098,-0.36460765026150255,-0.4066917246245917,-0.782271222434538,-0.18201637404866455,-0.35450498295642174,-0.5169783651188453,0.655347139011164,7304,7304.0,3652,7304,3,data_hourly_crypto/ETHUSD_1h_2016_2025.csv
ETH,UTC,5,5-5-5,05:00-17:00,17:00-05:00,2,7,Night Long / Day Long,long,long,100.0,319646.77943864866,3195.4677943864867,1.3192111121127355,-0.6142838670518149,-0.939944820015023,-0.6868049010367584,-0.5842072952371198,-0.9399448200150231,-0.649291912824717,-0.6048027201246717,-0.5954619169985276,-0.7490303184501714,-0.2775304160403881,-0.4435935351776914,-0.6121708346130816,0.9531079940226699,1,1.0,3652,7304,2,data_hourly_crypto/ETHUSD_1h_2016_2025.csv
ETH,UTC,5,5-5-5,05:00-17:00,17:00-05:00,2,8,Night Long / Day Short,long,short,100.0,9.420842803349197,-0.9057915719665081,0.225416996765607,-0.6495281558170767,-0.9993656594716414,-0.59493556157703,-0.6072392276342269,-0.8134395144765957,-0.6536565391048077,-0.7723282603608939,-0.9172143369057697,-0.8870657342809204,-0.29619688457832094,-0.40778842986554076,-0.5454170693866606,0.9456483735359292,7304,14607.0,3652,7304,11,data_hourly_crypto/ETHUSD_1h_2016_2025.csv
ETH,UTC,5,5-5-5,05:00-17:00,17:00-05:00,2,9,Night Long / Day Trend,long,trend,100.0,0.7082788068884819,-0.9929172119311152,-0.04215832224552462,-0.7192782916657048,-0.9999867777226502,-0.616693025571782,-0.29900761773034124,-0.9532978729341061,-0.9336082143938685,-0.7891087973586745,-0.7847480651964016,-0.9466757465586614,-0.4654499267186557,-0.6155927764855039,-0.7886008737090523,0.9490923641608123,3641,7277.0,3652,7304,13,data_hourly_crypto/ETHUSD_1h_2016_2025.csv
ETH,UTC,5,5-5-5,05:00-17:00,17:00-05:00,2,10,Night Long / Day Reversal,long,reversal,100.0,4255550.625039012,42554.50625039012,1.5924215909544897,-0.5115543172083216,-0.7518957019086043,-0.5169976737947065,-0.5961477534041852,-0.7518957019086049,-0.4204073509203443,-0.5593294461270452,-0.48151442088560525,-0.7141926968672285,-0.28610126167852856,-0.37790903587254676,-0.41104783062442074,0.9485080944035391,3668,7331.0,3652,7304,1,data_hourly_crypto/ETHUSD_1h_2016_2025.csv
ETH,UTC,5,5-5-5,05:00-17:00,17:00-05:00,2,11,Night Short / Day Cash,short,cash,100.0,0.00037782813314296446,-0.9999962217186685,-1.5672057008122482,-0.6818393804494279,-0.9999962382085021,-0.9710898419380155,-0.989844696207011,-0.49616155066462986,-0.7068987912817901,-0.6707622339238822,-0.6402441256487318,-0.37268782762352337,-0.6540254859307031,-0.616967957755495,-0.699711293520497,0.6553471390111638,7304,7304.0,3652,7304,21,data_hourly_crypto/ETHUSD_1h_2016_2025.csv
ETH,UTC,5,5-5-5,05:00-17:00,17:00-05:00,2,12,Night Short / Day Long,short,long,100.0,0.00035242584054674556,-0.9999964757415946,-0.8450971671986186,-0.7369097322303123,-0.9999973763850182,-0.9884373576070596,-0.9797877176178263,-0.6973376987263875,-0.8273018243491177,-0.5208874881997276,-0.6506790303713985,-0.44381486931057945,-0.7441460492831541,-0.6919112891426196,-0.8247939976952524,0.948338242974304,7304,14607.0,3652,7304,22,data_hourly_crypto/ETHUSD_1h_2016_2025.csv
ETH,UTC,5,5-5-5,05:00-17:00,17:00-05:00,2,13,Night Short / Day Short,short,short,100.0,3.5835778961497454e-06,-0.999999964164221,-1.3217844429801535,-0.776312980027493,-0.999999974670012,-0.9868907451418184,-0.9979990622108323,-0.5849415304411831,-0.7795297126782854,-0.9186299416481767,-0.9491413046669449,-0.5754218250269898,-0.599433752226195,-0.6154698301511907,-0.7556720960833131,0.9479288310631923,1,1.0,3652,7304,24,data_hourly_crypto/ETHUSD_1h_2016_2025.csv
ETH,UTC,5,5-5-5,05:00-17:00,17:00-05:00,2,14,Night Short / Day Trend,short,trend,100.0,1.434911710180083e-08,-0.9999999998565088,-1.9282539218973362,-0.8800794310849623,-0.9999999998595304,-0.9842248300308533,-0.9854682768595435,-0.7030601791363374,-0.9566541304722422,-0.9465986827352516,-0.8963819080244355,-0.8042430130136672,-0.7578974815053315,-0.8365999936706209,-0.9296658154013393,0.9380304766600934,3668,7331.0,3652,7304,25,data_hourly_crypto/ETHUSD_1h_2016_2025.csv
ETH,UTC,5,5-5-5,05:00-17:00,17:00-05:00,2,15,Night Short / Day Reversal,short,reversal,100.0,0.08809663733333542,-0.9991190336266667,-0.2567954284968642,-0.6065623904356755,-0.9999756272619928,-0.9828144487971558,-0.9971092739463745,-0.5897291589973108,-0.36402711404639554,-0.5094215494562006,-0.6114814738196499,-0.3946803775309635,-0.5786093227473981,-0.4381688345045507,-0.5995823505107567,0.9564409371513182,3641,7277.0,3652,7304,15,data_hourly_crypto/ETHUSD_1h_2016_2025.csv
ETH,UTC,5,5-5-5,05:00-17:00,17:00-05:00,2,16,Night Trend / Day Cash,trend,cash,100.0,0.5993753429966051,-0.994006246570034,-0.4514111094387001,-0.5760057468819342,-0.9986625954151865,-0.8043697642505904,-0.8523409662098803,-0.8546707304504428,-0.7307834059703796,-0.29680123391094526,-0.7977382620856933,-0.4644261996871577,-0.2347224528075481,-0.16669409966478588,-0.5575103537819177,0.6568462979184229,7298,7298.0,3652,7304,14,data_hourly_crypto/ETHUSD_1h_2016_2025.csv
ETH,UTC,5,5-5-5,05:00-17:00,17:00-05:00,2,17,Night Trend / Day Long,trend,long,100.0,2.631735678484274,-0.9736826432151573,0.10592841200415398,-0.6707946128678741,-0.9986488358275373,-0.9542494245545122,-0.8549740035759887,-0.9430013347151918,-0.8308900168145856,-0.4940714869573971,-0.7564459587871581,-0.526571622027999,-0.361708612741483,-0.33038980122640316,-0.6556438672780222,0.9738001696586512,3431,6857.0,3652,7304,12,data_hourly_crypto/ETHUSD_1h_2016_2025.csv
ETH,UTC,5,5-5-5,05:00-17:00,17:00-05:00,2,18,Night Trend / Day Short,trend,short,100.0,0.0012052659776267574,-0.9999879473402238,-0.7455094545556138,-0.7060086056677126,-0.9999964343495992,-0.8583992920475682,-0.9544727057286182,-0.8281842839816476,-0.7913156402687631,-0.8521990215734137,-0.9755277048958868,-0.6795246623144119,-0.22546924655030076,-0.2554349611731599,-0.6395585381433557,0.933620426901074,3877,7749.0,3652,7304,18,data_hourly_crypto/ETHUSD_1h_2016_2025.csv
ETH,UTC,5,5-5-5,05:00-17:00,17:00-05:00,2,19,Night Trend / Day Trend,trend,trend,100.0,2.2356868142765047e-05,-0.9999997764313185,-1.2158258447018913,-0.7924263898363166,-0.9999997903308613,-0.8464526429715107,-0.8083059654330971,-0.9595972543702732,-0.9756517954154739,-0.8615644257950614,-0.9185341799907524,-0.8141109654218472,-0.4161443438476168,-0.4598587570353415,-0.8640435680821935,0.9129803134196097,3711,7415.0,3652,7304,23,data_hourly_crypto/ETHUSD_1h_2016_2025.csv
ETH,UTC,5,5-5-5,05:00-17:00,17:00-05:00,2,20,Night Trend / Day Reversal,trend,reversal,100.0,142.06524221457278,0.42065242214572773,0.5213637221660866,-0.5897690090724842,-0.9946120396375703,-0.9104213696242681,-0.9571959542187866,-0.7740989552687076,-0.3964412538286196,-0.513346196722061,-0.7939415045974861,-0.5740731943712803,-0.38706183044816966,-0.2035326746699524,-0.38757715697551,0.9913236303319493,3598,7189.0,3652,7304,6,data_hourly_crypto/ETHUSD_1h_2016_2025.csv
ETH,UTC,5,5-5-5,05:00-17:00,17:00-05:00,2,21,Night Reversal / Day Cash,reversal,cash,100.0,11.669356519796724,-0.8833064348020327,0.007272267140409872,-0.5732196307847097,-0.9596363061196989,-0.6914832697857984,-0.8915847615676783,-0.49616155066462986,-0.28362305078341166,-0.48183336845041835,-0.43740347169139193,-0.6337521521967684,-0.5758871337151623,-0.7104402530787753,-0.5300272959130639,0.6568461471747716,7298,7298.0,3652,7304,10,data_hourly_crypto/ETHUSD_1h_2016_2025.csv
ETH,UTC,5,5-5-5,05:00-17:00,17:00-05:00,2,22,Night Reversal / Day Long,reversal,long,100.0,42.86439204306909,-0.5713560795693091,0.37933101036944605,-0.6522351278740017,-0.9818725562968758,-0.7791910326067588,-0.8648972796617044,-0.6435271265138041,-0.4206900161361077,-0.4987111728865852,-0.5030281472041231,-0.7402727442610676,-0.6521922034496417,-0.7286380566616288,-0.6912034993585957,0.930049112846038,3877,7749.0,3652,7304,9,data_hourly_crypto/ETHUSD_1h_2016_2025.csv
ETH,UTC,5,5-5-5,05:00-17:00,17:00-05:00,2,23,Night Reversal / Day Short,reversal,short,100.0,0.028049464099472985,-0.9997195053590052,-0.357629686736545,-0.736251029622324,-0.9998116392409584,-0.9419986276749848,-0.9603121902410772,-0.584241636196944,-0.46961877917082706,-0.877404956628763,-0.8650351080300995,-0.7494320554848075,-0.5607135800188229,-0.745579592998042,-0.6081737697788714,0.9611241169318046,3431,6857.0,3652,7304,17,data_hourly_crypto/ETHUSD_1h_2016_2025.csv
ETH,UTC,5,5-5-5,05:00-17:00,17:00-05:00,2,24,Night Reversal / Day Trend,reversal,trend,100.0,0.00045540001287006315,-0.9999954459998713,-0.7574361398114551,-0.8457493471700044,-0.9999962181206403,-0.8990447730390434,-0.9015726854336258,-0.6754429409517915,-0.8821211979762428,-0.9183462790573445,-0.807742135183997,-0.9162837479436374,-0.6976321171078564,-0.8777183841809113,-0.8815892108255936,0.9752188887351789,3598,7189.0,3652,7304,20,data_hourly_crypto/ETHUSD_1h_2016_2025.csv
ETH,UTC,5,5-5-5,05:00-17:00,17:00-05:00,2,25,Night Reversal / Day Reversal,reversal,reversal,100.0,2643.6370753407837,25.436370753407836,0.8183025004735406,-0.5559253102817762,-0.9683001859222123,-0.7663515763142563,-0.9466039241461706,-0.6055814597447281,-0.281532515157369,-0.509810793335297,-0.5065350470144867,-0.4919559454393049,-0.5556576870193848,-0.5110132810398871,-0.38421087360687656,0.9141518771746603,3711,7415.0,3652,7304,5,data_hourly_crypto/ETHUSD_1h_2016_2025.csv
ETH,UTC,6,6-6-6,06:00-18:00,18:00-06:00,0,1,Night Cash / Day Cash,cash,cash,100.0,100.0,0.0,0.0,0.0,0.0,0.0,0.0,0.0,0.0,0.0,0.0,0.0,0.0,0.0,0.0,0.0,0,0.0,3652,7304,10,data_hourly_crypto/ETHUSD_1h_2016_2025.csv
ETH,UTC,6,6-6-6,06:00-18:00,18:00-06:00,0,2,Night Cash / Day Long,cash,long,100.0,169.6420304444049,0.6964203044440489,0.4240425829777139,-0.5093807194263864,-0.8853620648643308,-0.7851098747108207,-0.539900401849895,-0.8526933046811191,-0.3684896991831721,-0.46194220817612486,-0.5334615063643993,-0.6130341496077645,-0.21984223278788761,-0.33406687383293954,-0.3852669430697411,0.6917834667121665,7303,7303.0,3652,7304,9,data_hourly_crypto/ETHUSD_1h_2016_2025.csv
ETH,UTC,6,6-6-6,06:00-18:00,18:00-06:00,0,3,Night Cash / Day Short,cash,short,100.0,0.4773113388552559,-0.9952268866114474,-0.4240425829777137,-0.5697733519414102,-0.9968439149033617,-0.7734957121451244,-0.8752722832985527,-0.4189628365738508,-0.4420522775291148,-0.8260010893907304,-0.8463489403628747,-0.46608464894392465,-0.26820736853610316,-0.31093813050290087,-0.4703702321309262,0.6917834667121665,7303,7303.0,3652,7304,16,data_hourly_crypto/ETHUSD_1h_2016_2025.csv
ETH,UTC,6,6-6-6,06:00-18:00,18:00-06:00,0,4,Night Cash / Day Trend,cash,trend,100.0,0.02357156537949924,-0.999764284346205,-0.8598787067588298,-0.644413844503126,-0.9997743921983289,-0.8097034828630151,-0.4062915633875058,-0.4460798131343854,-0.9041834487271139,-0.6944234570623791,-0.8285994725999049,-0.6595393008684174,-0.3173470201691665,-0.5779322915211127,-0.8000385946982602,0.6909388174903044,7293,7293.0,3652,7304,19,data_hourly_crypto/ETHUSD_1h_2016_2025.csv
ETH,UTC,6,6-6-6,06:00-18:00,18:00-06:00,0,5,Night Cash / Day Reversal,cash,reversal,100.0,3450.198174723743,33.50198174723743,0.8598787067588299,-0.4225041429213502,-0.8768090394200322,-0.5020159453291648,-0.754090424183468,-0.6379808518960992,-0.23951387715418326,-0.5037155450430086,-0.3774581228631513,-0.5317741206481601,-0.293936422781807,-0.1961575487844036,-0.1883985705300566,0.6909388174903044,7293,7293.0,3652,7304,5,data_hourly_crypto/ETHUSD_1h_2016_2025.csv
ETH,UTC,6,6-6-6,06:00-18:00,18:00-06:00,0,6,Night Long / Day Cash,long,cash,100.0,186086.7608726898,1859.867608726898,1.4940002159196708,-0.38936098703908606,-0.6692997369640922,-0.23476200103108347,-0.3293357372248179,-0.6460410116231421,-0.5614276509550056,-0.32164932075281805,-0.276853016271597,-0.6152302776904629,-0.16558844072779533,-0.28823954428830634,-0.4544828698258324,0.6396009393627764,7304,7304.0,3652,7304,3,data_hourly_crypto/ETHUSD_1h_2016_2025.csv
ETH,UTC,6,6-6-6,06:00-18:00,18:00-06:00,0,7,Night Long / Day Long,long,long,100.0,315681.3595326544,3155.813595326544,1.3178014940478748,-0.6136246218524655,-0.9403652600898793,-0.6797979797979808,-0.5954286005504017,-0.9403652600898794,-0.6477392819399604,-0.5969072164948441,-0.5950559981526401,-0.753735853775454,-0.27862923001471707,-0.44483700492844636,-0.603749792780329,0.9557735188484855,1,1.0,3652,7304,2,data_hourly_crypto/ETHUSD_1h_2016_2025.csv
ETH,UTC,6,6-6-6,06:00-18:00,18:00-06:00,0,8,Night Long / Day Short,long,short,100.0,888.2132097538116,7.882132097538117,0.696928319652249,-0.5363253035208688,-0.98933413707604,-0.5353337429039313,-0.47772543192586703,-0.5231038745733434,-0.6542106188855638,-0.7324395119811644,-0.8181793772296866,-0.6621660599662949,-0.2277494265479053,-0.26507553286641006,-0.46726945832852185,0.9349714935332704,7304,14607.0,3652,7304,6,data_hourly_crypto/ETHUSD_1h_2016_2025.csv
ETH,UTC,6,6-6-6,06:00-18:00,18:00-06:00,0,9,Night Long / Day Trend,long,trend,100.0,43.86356250169818,-0.5613643749830182,0.37735909873035955,-0.6309733133006451,-0.9986498814735728,-0.6374339578584487,-0.37081154198222577,-0.7577028086030945,-0.9112368787698362,-0.5663993386037804,-0.7301215459514798,-0.7452606824224548,-0.3230274170722245,-0.47496637806406383,-0.7927725836788425,0.9325200508719981,3641,7271.0,3652,7304,11,data_hourly_crypto/ETHUSD_1h_2016_2025.csv
ETH,UTC,6,6-6-6,06:00-18:00,18:00-06:00,0,10,Night Long / Day Reversal,long,reversal,100.0,6420362.027032033,64202.62027032032,1.6293722518860572,-0.4919248210813093,-0.8325284775493945,-0.3946981272463497,-0.49429953005932414,-0.8325284775493949,-0.38443422313802134,-0.5748335266149099,-0.45833888380011123,-0.7951556750124431,-0.2739176518344604,-0.34788287394213036,-0.36315924161594804,0.9569531795272136,3674,7337.0,3652,7304,1,data_hourly_crypto/ETHUSD_1h_2016_2025.csv
ETH,UTC,6,6-6-6,06:00-18:00,18:00-06:00,0,11,Night Short / Day Cash,short,cash,100.0,0.0008545764878723458,-0.9999914542351213,-1.4940002159196717,-0.6463643083243327,-0.9999921248978796,-0.9740210368472252,-0.9853057122618456,-0.5783924456964215,-0.6534579325269846,-0.576598686822277,-0.6850342614473863,-0.3981412430256275,-0.4813167491949961,-0.5230792829337294,-0.6082957324868346,0.6396009393627764,7304,7304.0,3652,7304,22,data_hourly_crypto/ETHUSD_1h_2016_2025.csv
ETH,UTC,6,6-6-6,06:00-18:00,18:00-06:00,0,12,Night Short / Day Long,short,long,100.0,0.0014497209057271242,-0.9999855027909428,-0.723748492395307,-0.7062485540846637,-0.9999860529595291,-0.9871835531655161,-0.9621771912676307,-0.8887402541159514,-0.7174130772639453,-0.4486348616511975,-0.7181343905968942,-0.6760572672834555,-0.454207964482946,-0.540517285183876,-0.6694196958352245,0.9296440434871762,7304,14607.0,3652,7304,21,data_hourly_crypto/ETHUSD_1h_2016_2025.csv
ETH,UTC,6,6-6-6,06:00-18:00,18:00-06:00,0,13,Night Short / Day Short,short,short,100.0,4.0789904758057466e-06,-0.9999999592100952,-1.302631891821277,-0.775449539573869,-0.9999999715282876,-0.9878798134279831,-0.9979291797647711,-0.5712530210315832,-0.7787012058082481,-0.9146718964315101,-0.9475053623175319,-0.5892390125695304,-0.5939942988778062,-0.6156372915016348,-0.7576843140080922,0.9506134586889112,1,1.0,3652,7304,24,data_hourly_crypto/ETHUSD_1h_2016_2025.csv
ETH,UTC,6,6-6-6,06:00-18:00,18:00-06:00,0,14,Night Short / Day Trend,short,trend,100.0,2.01437055556656e-07,-0.9999999979856294,-1.6310249905024854,-0.8347096007740742,-0.9999999980922826,-0.9934942017460928,-0.9858855257557241,-0.6351291282258731,-0.9300770854593761,-0.8518955322542501,-0.9394365835612365,-0.7542456423439484,-0.591621340901671,-0.7727990326555012,-0.8925119348370685,0.9442786521233111,3674,7337.0,3652,7304,25,data_hourly_crypto/ETHUSD_1h_2016_2025.csv
ETH,UTC,6,6-6-6,06:00-18:00,18:00-06:00,0,15,Night Short / Day Reversal,short,reversal,100.0,0.029484582386189968,-0.9997051541761381,-0.39685227131275613,-0.6313116092726118,-0.9999400695288074,-0.9686859789684246,-0.9941483948080793,-0.7477762372360033,-0.4501051060950082,-0.5672602936746225,-0.6007217191833232,-0.5602593362875619,-0.4854851681779545,-0.39089376003621823,-0.5477800982589209,0.9348209150536296,3641,7271.0,3652,7304,18,data_hourly_crypto/ETHUSD_1h_2016_2025.csv
ETH,UTC,6,6-6-6,06:00-18:00,18:00-06:00,0,16,Night Trend / Day Cash,trend,cash,100.0,0.5417008699378439,-0.9945829913006216,-0.4942397630788123,-0.605316486243797,-0.9983745201713632,-0.8792319518218262,-0.8177274940763042,-0.8942031430998845,-0.616607267554465,-0.5071166517125267,-0.7854475297513742,-0.35313753216446675,-0.4295150265074438,-0.49027950975172585,-0.27989875599795233,0.6413021625910892,7294,7294.0,3652,7304,15,data_hourly_crypto/ETHUSD_1h_2016_2025.csv
ETH,UTC,6,6-6-6,06:00-18:00,18:00-06:00,0,17,Night Trend / Day Long,trend,long,100.0,0.9189523546975513,-0.9908104764530244,-0.023072025907199437,-0.6817676833307286,-0.9985114451906418,-0.9651872719988921,-0.8239398412510044,-0.9796824824510199,-0.7404186848897781,-0.5526398096441392,-0.8003862066301215,-0.5230991870866943,-0.4436322160127508,-0.5857780069116895,-0.4029131264311957,0.9476047605784018,3461,6913.0,3652,7304,14,data_hourly_crypto/ETHUSD_1h_2016_2025.csv
ETH,UTC,6,6-6-6,06:00-18:00,18:00-06:00,0,18,Night Trend / Day Short,trend,short,100.0,0.0025855996748908655,-0.9999741440032511,-0.6488195352123834,-0.7177200054455102,-0.9999870609400494,-0.8732331255259207,-0.9366963976958743,-0.7429768905906434,-0.7353694425194278,-0.9124792522409579,-0.9589966056832921,-0.5366526551479902,-0.5340678453167018,-0.43983618344531594,-0.5068916562889771,0.9433299446134906,3851,7693.0,3652,7304,20,data_hourly_crypto/ETHUSD_1h_2016_2025.csv
ETH,UTC,6,6-6-6,06:00-18:00,18:00-06:00,0,19,Night Trend / Day Trend,trend,trend,100.0,0.00012768737471871369,-0.9999987231262528,-1.0102172504332856,-0.8128504379688597,-0.9999989936991239,-0.9487555276325347,-0.870431231325598,-0.881726501264187,-0.9439460272822573,-0.8282390001913797,-0.9542205089562377,-0.7172363515350106,-0.5551627655326362,-0.6274065628297665,-0.8013799031389893,0.9203625177727401,3673,7329.0,3652,7304,23,data_hourly_crypto/ETHUSD_1h_2016_2025.csv
ETH,UTC,6,6-6-6,06:00-18:00,18:00-06:00,0,20,Night Trend / Day Reversal,trend,reversal,100.0,18.68975352705787,-0.8131024647294213,0.30543137486253313,-0.6302828873401312,-0.9968643957698591,-0.9017395018952116,-0.8983254296618594,-0.9564308733608083,-0.40728103380276626,-0.6428550292207437,-0.7386491196897987,-0.5105342057256401,-0.4447260459019543,-0.508828322747882,-0.29345931139464754,0.9686366845498109,3646,7275.0,3652,7304,12,data_hourly_crypto/ETHUSD_1h_2016_2025.csv
ETH,UTC,6,6-6-6,06:00-18:00,18:00-06:00,0,21,Night Reversal / Day Cash,reversal,cash,100.0,293.70752414476857,1.9370752414476855,0.4942397630788115,-0.5309367798301912,-0.885672342899979,-0.7064568880752222,-0.885672342899979,-0.495402819334669,-0.3168356806689666,-0.40287626511857644,-0.5888241045743651,-0.7165226616764719,-0.2382983550187292,-0.5098006773989217,-0.44867800353601117,0.6413021625910892,7294,7294.0,3652,7304,8,data_hourly_crypto/ETHUSD_1h_2016_2025.csv
ETH,UTC,6,6-6-6,06:00-18:00,18:00-06:00,0,22,Night Reversal / Day Long,reversal,long,100.0,498.25140752717783,3.9825140752717783,0.6471557096955934,-0.5896418631085217,-0.9113360084238253,-0.7063605582610126,-0.8297158413467259,-0.6087210824024443,-0.4441390419459693,-0.5412674574249597,-0.5854454719802269,-0.8148523103718708,-0.2935445316466898,-0.49268994668630994,-0.5796823890190079,0.9403524509486408,3851,7693.0,3652,7304,7,data_hourly_crypto/ETHUSD_1h_2016_2025.csv
ETH,UTC,6,6-6-6,06:00-18:00,18:00-06:00,0,23,Night Reversal / Day Short,reversal,short,100.0,1.40189931581403,-0.9859810068418597,0.02684784930680372,-0.6632443647873016,-0.9943417316917126,-0.8756785865182773,-0.9683309441238757,-0.4930652716252475,-0.46459690428465106,-0.7458613325773653,-0.8417446017078769,-0.7424929865510874,-0.3363990527984121,-0.6044460181871336,-0.5598279494990889,0.9445672818870342,3461,6913.0,3652,7304,13,data_hourly_crypto/ETHUSD_1h_2016_2025.csv
ETH,UTC,6,6-6-6,06:00-18:00,18:00-06:00,0,24,Night Reversal / Day Trend,reversal,trend,100.0,0.06923146107829292,-0.9993076853892171,-0.2697228490144874,-0.7539741768522059,-0.9994147521665938,-0.8891790435624258,-0.8832176456285521,-0.6256215996929861,-0.8743906397753084,-0.6604232278983118,-0.8207103200594053,-0.8329117151885082,-0.3559716200562264,-0.7292919367635277,-0.8680240198968074,0.9583209672605811,3646,7275.0,3652,7304,17,data_hourly_crypto/ETHUSD_1h_2016_2025.csv
ETH,UTC,6,6-6-6,06:00-18:00,18:00-06:00,0,25,Night Reversal / Day Reversal,reversal,reversal,100.0,10133.49163706916,100.3349163706916,0.9645876930153346,-0.5556860674119116,-0.9536716363267566,-0.786727520770065,-0.9536716363267566,-0.42222327044384367,-0.3371860200990092,-0.5795612588483541,-0.4863331911227955,-0.8464016901909338,-0.34122614519749717,-0.4415717063548811,-0.36195823476498046,0.9251570653696438,3673,7329.0,3652,7304,4,data_hourly_crypto/ETHUSD_1h_2016_2025.csv
ETH,UTC,6,6-6-6,06:00-18:00,18:00-06:00,1,1,Night Cash / Day Cash,cash,cash,100.0,100.0,0.0,0.0,0.0,0.0,0.0,0.0,0.0,0.0,0.0,0.0,0.0,0.0,0.0,0.0,0.0,0,0.0,3652,7304,9,data_hourly_crypto/ETHUSD_1h_2016_2025.csv
ETH,UTC,6,6-6-6,06:00-18:00,18:00-06:00,1,2,Night Cash / Day Long,cash,long,100.0,81.72451321687203,-0.1827548678312797,0.31851681276594607,-0.523956571204696,-0.9108904799303013,-0.7925220441383369,-0.5443420133926243,-0.8621710462453624,-0.40222674599574104,-0.4648935499705614,-0.5378728555378676,-0.6332671103024463,-0.23643741703793464,-0.36508770631045606,-0.4007452231156291,0.6916450247993521,7303,7303.0,3652,7304,10,data_hourly_crypto/ETHUSD_1h_2016_2025.csv
ETH,UTC,6,6-6-6,06:00-18:00,18:00-06:00,1,3,Night Cash / Day Short,cash,short,100.0,0.22994323233842162,-0.9977005676766157,-0.5295681596377229,-0.5838663414397149,-0.9984376053827647,-0.7803880049157172,-0.8837864368804931,-0.42411137975630053,-0.4798268351690156,-0.8382672335922431,-0.8562636311536377,-0.4734550975583893,-0.29612890313604634,-0.3214010547755476,-0.48503483745976006,0.6916452115755451,7303,7303.0,3652,7304,16,data_hourly_crypto/ETHUSD_1h_2016_2025.csv
ETH,UTC,6,6-6-6,06:00-18:00,18:00-06:00,1,4,Night Cash / Day Trend,cash,trend,100.0,0.011366889066254231,-0.9998863311093374,-0.9653914911596594,-0.6605910925428945,-0.9998907365598382,-0.8159179076728502,-0.42983642741655415,-0.4613060365249363,-0.9106526177161914,-0.7109217184761918,-0.8399958675131676,-0.6687748608756776,-0.34862578827488244,-0.6069007232508801,-0.8129789777076132,0.6907996251582432,7293,7293.0,3652,7304,19,data_hourly_crypto/ETHUSD_1h_2016_2025.csv
ETH,UTC,6,6-6-6,06:00-18:00,18:00-06:00,1,5,Night Cash / Day Reversal,cash,reversal,100.0,1663.785127430964,15.63785127430964,0.7543687654341877,-0.43202641800922087,-0.8979129091474056,-0.5188080077924115,-0.7669480930886134,-0.6515149954881213,-0.24110930200229264,-0.509390407021766,-0.3798814288329688,-0.5499994331024856,-0.30599965877020563,-0.20343969518242044,-0.19317315881092367,0.690801718776298,7293,7293.0,3652,7304,5,data_hourly_crypto/ETHUSD_1h_2016_2025.csv
ETH,UTC,6,6-6-6,06:00-18:00,18:00-06:00,1,6,Night Long / Day Cash,long,cash,100.0,89637.74557280987,895.3774557280988,1.3798494275657436,-0.40078256798197076,-0.6834408125591243,-0.24242172956473196,-0.33167907607815583,-0.6685430485040891,-0.5773168072206469,-0.32604452005828277,-0.2776480803421524,-0.6277582992977095,-0.18789844352260976,-0.30435444461023087,-0.4641612306210984,0.6394730255709133,7304,7304.0,3652,7304,3,data_hourly_crypto/ETHUSD_1h_2016_2025.csv
ETH,UTC,6,6-6-6,06:00-18:00,18:00-06:00,1,7,Night Long / Day Long,long,long,100.0,315649.7913967019,3155.497913967019,1.3177910182119146,-0.6136246218524652,-0.9403652600898794,-0.6797979797979805,-0.5954286005504017,-0.9403652600898794,-0.6477392819399604,-0.5969072164948441,-0.5950559981526401,-0.753735853775454,-0.27862923001471707,-0.44483700492844636,-0.603749792780329,0.9557734728989478,1,1.0,3652,7304,2,data_hourly_crypto/ETHUSD_1h_2016_2025.csv
ETH,UTC,6,6-6-6,06:00-18:00,18:00-06:00,1,8,Night Long / Day Short,long,short,100.0,206.100874457867,1.06100874457867,0.5407377548514165,-0.5581384243821074,-0.9927019271850079,-0.5423439584356775,-0.48806818527306417,-0.5466367683311687,-0.6726518171184993,-0.7679784927594283,-0.8273588036542202,-0.6725447669799798,-0.28969055489843376,-0.2892189842182661,-0.4848919121523355,0.9345977340865116,7304,14607.0,3652,7304,7,data_hourly_crypto/ETHUSD_1h_2016_2025.csv
ETH,UTC,6,6-6-6,06:00-18:00,18:00-06:00,1,9,Night Long / Day Trend,long,trend,100.0,21.198094581236063,-0.7880190541876394,0.2995413754802221,-0.6458403159268233,-0.9992209363829105,-0.6417591760790702,-0.3730727739019908,-0.7682728537595345,-0.917403768061012,-0.5877133149716024,-0.7461444088309561,-0.761627614136053,-0.35100399981728225,-0.5046987689810605,-0.8067064807296713,0.9325146066089387,3641,7271.0,3652,7304,11,data_hourly_crypto/ETHUSD_1h_2016_2025.csv
ETH,UTC,6,6-6-6,06:00-18:00,18:00-06:00,1,10,Night Long / Day Reversal,long,reversal,100.0,3082377.398423564,30822.773984235642,1.5527986300399066,-0.49902159672933044,-0.842942001640619,-0.39590764202937234,-0.49792785862906475,-0.8429420016406189,-0.3939634807334611,-0.5783059782079647,-0.4607171944296067,-0.8027550179523284,-0.2940483137755976,-0.35591999688968834,-0.36772848300560124,0.9566458244322594,3674,7337.0,3652,7304,1,data_hourly_crypto/ETHUSD_1h_2016_2025.csv
ETH,UTC,6,6-6-6,06:00-18:00,18:00-06:00,1,11,Night Short / Day Cash,short,cash,100.0,0.00041164835925546227,-0.9999958835164074,-1.6081510042735996,-0.6625312991770536,-0.9999961396011586,-0.9756257381615412,-0.9863347625084203,-0.5888024873331763,-0.6630606940762964,-0.5976920238905303,-0.7048051431338538,-0.4151699105155505,-0.5167230644433123,-0.5553680949333575,-0.6217310727744958,0.6394730255709133,7304,7304.0,3652,7304,21,data_hourly_crypto/ETHUSD_1h_2016_2025.csv
ETH,UTC,6,6-6-6,06:00-18:00,18:00-06:00,1,12,Night Short / Day Long,short,long,100.0,0.0003363930451710264,-0.9999966360695483,-0.8808346034770805,-0.7367869097433132,-0.9999967582237215,-0.988909212673102,-0.9663739667962303,-0.9036629366355184,-0.74163398737579,-0.4756220867296992,-0.742396548261692,-0.7106736042771611,-0.5258024751509707,-0.6027813988471717,-0.7100128806857964,0.9292720407804776,7304,14607.0,3652,7304,22,data_hourly_crypto/ETHUSD_1h_2016_2025.csv
ETH,UTC,6,6-6-6,06:00-18:00,18:00-06:00,1,13,Night Short / Day Short,short,short,100.0,4.078582576758138e-06,-0.9999999592141743,-1.3026422545595606,-0.775449539573869,-0.9999999715282876,-0.9878798134279831,-0.9979291797647711,-0.5712530210315832,-0.7787012058082481,-0.9146718964315101,-0.9475053623175319,-0.5892390125695304,-0.5939942988778062,-0.6156372915016348,-0.7576843140080922,0.9506135074147698,1,1.0,3652,7304,24,data_hourly_crypto/ETHUSD_1h_2016_2025.csv
ETH,UTC,6,6-6-6,06:00-18:00,18:00-06:00,1,14,Night Short / Day Trend,short,trend,100.0,9.67087252461152e-08,-0.9999999990329127,-1.7083414206224743,-0.8428000403389937,-0.999999999070273,-0.9938269774732807,-0.9869838263393647,-0.6434975205823661,-0.9342021387764812,-0.8602140789211219,-0.9435991685338577,-0.7608407206922612,-0.6186994271933182,-0.7886685606736683,-0.8974679842042168,0.944217426493476,3674,7337.0,3652,7304,25,data_hourly_crypto/ETHUSD_1h_2016_2025.csv
ETH,UTC,6,6-6-6,06:00-18:00,18:00-06:00,1,15,Night Short / Day Reversal,short,reversal,100.0,0.014249115449446424,-0.9998575088455055,-0.4748783467977195,-0.6427986111418079,-0.9999519648060726,-0.9709952879141944,-0.9945057081132044,-0.7547902858277196,-0.46077916592654,-0.5753575263543593,-0.6169925430292031,-0.5641124608375594,-0.5049437655857458,-0.42682755559006824,-0.5586818122394839,0.9344479464288109,3641,7271.0,3652,7304,18,data_hourly_crypto/ETHUSD_1h_2016_2025.csv
ETH,UTC,6,6-6-6,06:00-18:00,18:00-06:00,1,16,Night Trend / Day Cash,trend,cash,100.0,0.2611976697848896,-0.9973880233021511,-0.6079317225144409,-0.6199655046067001,-0.9989380766289063,-0.8865265789791804,-0.8236622487106151,-0.9013855999763036,-0.6361443366585721,-0.5411290780317177,-0.7968843840813546,-0.36302677931784444,-0.4612864596653752,-0.5006229148284116,-0.28898666581762666,0.641174059505089,7294,7294.0,3652,7304,15,data_hourly_crypto/ETHUSD_1h_2016_2025.csv
ETH,UTC,6,6-6-6,06:00-18:00,18:00-06:00,1,17,Night Trend / Day Long,trend,long,100.0,0.4602938924365897,-0.9953970610756341,-0.09563082278816867,-0.6912206391586423,-0.9988485982890266,-0.9672082455104228,-0.8301998551014627,-0.9810713553164484,-0.7539180339311481,-0.5584184275930433,-0.8085971697529597,-0.5304818436029359,-0.47361966761611884,-0.5943056818646983,-0.41438611129718483,0.947767611333376,3461,6913.0,3652,7304,14,data_hourly_crypto/ETHUSD_1h_2016_2025.csv
ETH,UTC,6,6-6-6,06:00-18:00,18:00-06:00,1,18,Night Trend / Day Short,trend,short,100.0,0.0011979126314445282,-0.9999880208736855,-0.730479189010052,-0.7282449433821832,-0.9999926363992758,-0.8788602018918527,-0.9404785902745671,-0.760354918958846,-0.7502328809787009,-0.919095615312386,-0.9618606098402916,-0.5454649367842774,-0.5515325012990362,-0.4514781196148123,-0.5230910588670614,0.9430533311717881,3851,7693.0,3652,7304,20,data_hourly_crypto/ETHUSD_1h_2016_2025.csv
ETH,UTC,6,6-6-6,06:00-18:00,18:00-06:00,1,19,Night Trend / Day Trend,trend,trend,100.0,6.13510126213095e-05,-0.9999993864898737,-1.0893943763565739,-0.8209881101473485,-0.9999995100200373,-0.9517786583853421,-0.8744870937408564,-0.8895466900219506,-0.9474424586952155,-0.8386626162399836,-0.9574010759435253,-0.7250996787194537,-0.5732901434288306,-0.6376230153415681,-0.8145496709567603,0.9203829617698615,3673,7329.0,3652,7304,23,data_hourly_crypto/ETHUSD_1h_2016_2025.csv
ETH,UTC,6,6-6-6,06:00-18:00,18:00-06:00,1,20,Night Trend / Day Reversal,trend,reversal,100.0,9.028649139403043,-0.9097135086059696,0.23026698328851009,-0.6368529163395955,-0.9978141912713295,-0.9077210702718567,-0.9043045105522818,-0.9594740883255829,-0.4127095815518744,-0.6502076440589701,-0.7438247262717708,-0.5145318124230882,-0.4623227986940195,-0.5188439457592148,-0.29458898548729595,0.9683003666076665,3646,7275.0,3652,7304,12,data_hourly_crypto/ETHUSD_1h_2016_2025.csv
ETH,UTC,6,6-6-6,06:00-18:00,18:00-06:00,1,21,Night Reversal / Day Cash,reversal,cash,100.0,141.62008067977786,0.4162008067977785,0.3805477316354029,-0.5422481630922411,-0.889527480712713,-0.7083004884227981,-0.889527480712713,-0.4964110555363527,-0.3292245036772359,-0.41662909313292573,-0.5955531757977192,-0.7339114842525999,-0.24504775773886678,-0.528598518115029,-0.4792780735361706,0.6411737887765,7294,7294.0,3652,7304,8,data_hourly_crypto/ETHUSD_1h_2016_2025.csv
ETH,UTC,6,6-6-6,06:00-18:00,18:00-06:00,1,22,Night Reversal / Day Long,reversal,long,100.0,230.84070612633303,1.3084070612633303,0.5654110925255492,-0.6019677501337233,-0.9344230878254423,-0.7084673792726466,-0.8380215045249269,-0.6355720456266277,-0.44746455374363925,-0.542641730044791,-0.5887490068089698,-0.8230366676984423,-0.3145626179858385,-0.5142383744863521,-0.6069236211449984,0.9402521171038506,3851,7693.0,3652,7304,6,data_hourly_crypto/ETHUSD_1h_2016_2025.csv
ETH,UTC,6,6-6-6,06:00-18:00,18:00-06:00,1,23,Night Reversal / Day Short,reversal,short,100.0,0.70219711564111,-0.9929780288435889,-0.04664281346366414,-0.6711364732562203,-0.9969312916669301,-0.878563530456915,-0.9690943928537706,-0.4930652716252475,-0.4734121085818852,-0.7622372347477081,-0.8456214516251469,-0.7539235116583569,-0.34208211706329883,-0.6184340647186358,-0.5749310492312384,0.9440829131233441,3461,6913.0,3652,7304,13,data_hourly_crypto/ETHUSD_1h_2016_2025.csv
ETH,UTC,6,6-6-6,06:00-18:00,18:00-06:00,1,24,Night Reversal / Day Trend,reversal,trend,100.0,0.03344434535100752,-0.9996655565464899,-0.34544660384687875,-0.7616920559266213,-0.9997137790815291,-0.8928196881653311,-0.8880213976229172,-0.6264444090351626,-0.8827662406857629,-0.6740656555349009,-0.823732783140673,-0.8425799785546144,-0.3637818083062595,-0.7476961937217518,-0.8750124044988385,0.9582360082880413,3646,7275.0,3652,7304,17,data_hourly_crypto/ETHUSD_1h_2016_2025.csv
ETH,UTC,6,6-6-6,06:00-18:00,18:00-06:00,1,25,Night Reversal / Day Reversal,reversal,reversal,100.0,4868.922825716596,47.68922825716596,0.8853707336257306,-0.5620940992706396,-0.9550679508590264,-0.7873664432391881,-0.9550679508590264,-0.4246450855254662,-0.338775024987892,-0.583245250655293,-0.49052845440665493,-0.8520407236198679,-0.35633526603353727,-0.4626109184564545,-0.3703258749230157,0.9248125353411086,3673,7329.0,3652,7304,4,data_hourly_crypto/ETHUSD_1h_2016_2025.csv
ETH,UTC,6,6-6-6,06:00-18:00,18:00-06:00,2,1,Night Cash / Day Cash,cash,cash,100.0,100.0,0.0,0.0,0.0,0.0,0.0,0.0,0.0,0.0,0.0,0.0,0.0,0.0,0.0,0.0,0.0,0,0.0,3652,7304,7,data_hourly_crypto/ETHUSD_1h_2016_2025.csv
ETH,UTC,6,6-6-6,06:00-18:00,18:00-06:00,2,2,Night Cash / Day Long,cash,long,100.0,39.36765083221702,-0.6063234916778297,0.21295934689896726,-0.5409178292338586,-0.930873501863845,-0.8000775424841539,-0.5487411852603095,-0.8711064261915755,-0.4341645724603447,-0.46782899588790783,-0.5422429282081462,-0.6524440338092171,-0.2652917173206093,-0.39466639876243437,-0.43261449195388724,0.6915065981692106,7303,7303.0,3652,7304,10,data_hourly_crypto/ETHUSD_1h_2016_2025.csv
ETH,UTC,6,6-6-6,06:00-18:00,18:00-06:00,2,3,Night Cash / Day Short,cash,short,100.0,0.11076633589616129,-0.9988923366410384,-0.6351253731157052,-0.5997783271876412,-0.9992267755080231,-0.7870712303809193,-0.8917201636749356,-0.42921481003860695,-0.5150473541273732,-0.8496697686811416,-0.8657111556113559,-0.48072452255741005,-0.3314480480038766,-0.34777002549831815,-0.49940619330247527,0.6915069717169403,7303,7303.0,3652,7304,16,data_hourly_crypto/ETHUSD_1h_2016_2025.csv
ETH,UTC,6,6-6-6,06:00-18:00,18:00-06:00,2,4,Night Cash / Day Trend,cash,trend,100.0,0.005481042112287614,-0.9999451895788771,-1.0709362304707872,-0.6764228897066897,-0.9999470867869612,-0.8219299822151158,-0.4547106353552126,-0.47853469231261203,-0.9166855955145667,-0.7265307468916999,-0.8506355457041375,-0.67776077736704,-0.3784742967065755,-0.6338835230147011,-0.8250831019852363,0.6906604653584494,7293,7293.0,3652,7304,19,data_hourly_crypto/ETHUSD_1h_2016_2025.csv
ETH,UTC,6,6-6-6,06:00-18:00,18:00-06:00,2,5,Night Cash / Day Reversal,cash,reversal,100.0,802.2666796599771,7.02266679659977,0.648827462999379,-0.44252389753949234,-0.915403060360798,-0.535035435706096,-0.7791346700701124,-0.6645444413071058,-0.24270153887099832,-0.5150009365385471,-0.3822955427970488,-0.567517057360947,-0.32993724071923003,-0.2106565898158972,-0.19841552220894076,0.6906646526868655,7293,7293.0,3652,7304,5,data_hourly_crypto/ETHUSD_1h_2016_2025.csv
ETH,UTC,6,6-6-6,06:00-18:00,18:00-06:00,2,6,Night Long / Day Cash,long,cash,100.0,43175.22873088501,430.75228730885004,1.2656643854119696,-0.4137019352261132,-0.7464486456193544,-0.2503358665901593,-0.33401446031465454,-0.6898090750279222,-0.592631814438056,-0.33041167711633457,-0.29654790818644416,-0.6398796033830814,-0.20961407703421242,-0.32010604628746064,-0.47366882388280673,0.639345124571069,7304,7304.0,3652,7304,3,data_hourly_crypto/ETHUSD_1h_2016_2025.csv
ETH,UTC,6,6-6-6,06:00-18:00,18:00-06:00,2,7,Night Long / Day Long,long,long,100.0,315618.22326074855,3155.1822326074853,1.3177805409104293,-0.6136246218524655,-0.9403652600898794,-0.6797979797979808,-0.5954286005504017,-0.9403652600898794,-0.6477392819399604,-0.5969072164948441,-0.5950559981526401,-0.753735853775454,-0.27862923001471707,-0.44483700492844636,-0.603749792780329,0.9557734280116104,1,1.0,3652,7304,2,data_hourly_crypto/ETHUSD_1h_2016_2025.csv
ETH,UTC,6,6-6-6,06:00-18:00,18:00-06:00,2,8,Night Long / Day Short,long,short,100.0,47.8096450963174,-0.521903549036826,0.38445349035883336,-0.580387352355461,-0.9961679561843695,-0.5492497847587582,-0.5030730040593101,-0.5690127723793901,-0.6901129306282199,-0.7993852429421135,-0.8360764949541599,-0.6826066076729456,-0.34667440084942525,-0.31268703901261174,-0.5149952462976761,0.9342240504716317,7304,14607.0,3652,7304,9,data_hourly_crypto/ETHUSD_1h_2016_2025.csv
ETH,UTC,6,6-6-6,06:00-18:00,18:00-06:00,2,9,Night Long / Day Trend,long,trend,100.0,10.24298690057701,-0.8975701309942299,0.22172812254720436,-0.6600278398079946,-0.9995505036173792,-0.646033639545154,-0.3760426282591004,-0.7783837612858778,-0.9231433149421635,-0.6079835316037412,-0.7612189075781651,-0.7769459383115032,-0.3778296749751233,-0.5329910233176725,-0.8197059782614448,0.9325163190338144,3641,7271.0,3652,7304,11,data_hourly_crypto/ETHUSD_1h_2016_2025.csv
ETH,UTC,6,6-6-6,06:00-18:00,18:00-06:00,2,10,Night Long / Day Reversal,long,reversal,100.0,1479613.889725328,14795.13889725328,1.4761719262334922,-0.50643782344556,-0.8527405705587161,-0.39711498120934585,-0.5015308725433536,-0.8527405705587161,-0.4033470830918272,-0.5817507471670329,-0.4630855351126465,-0.8100738758441877,-0.3186090806099491,-0.36385964327743825,-0.3722658450411036,0.9563455908372166,3674,7337.0,3652,7304,1,data_hourly_crypto/ETHUSD_1h_2016_2025.csv
ETH,UTC,6,6-6-6,06:00-18:00,18:00-06:00,2,11,Night Short / Day Cash,short,cash,100.0,0.00019827598244438223,-0.9999980172401756,-1.7223360464273718,-0.6780528956042182,-0.9999981077557598,-0.977326045515917,-0.9872918399966365,-0.5989564942445962,-0.672398281608704,-0.6177364703925552,-0.7252051200217068,-0.43171840935644057,-0.5497156607448224,-0.585473774158425,-0.6347068600023794,0.639345124571069,7304,7304.0,3652,7304,21,data_hourly_crypto/ETHUSD_1h_2016_2025.csv
ETH,UTC,6,6-6-6,06:00-18:00,18:00-06:00,2,12,Night Short / Day Long,short,long,100.0,7.803378876873094e-05,-0.9999992196621124,-1.0380150759676572,-0.7640210210704368,-0.9999992467186051,-0.9904027999003058,-0.9701057763215996,-0.9165865218102708,-0.7637831250243013,-0.5028973182277293,-0.7645745305745977,-0.7415967014177209,-0.5880171341031646,-0.6566181586099619,-0.7456281447147153,0.9289001135526516,7304,14607.0,3652,7304,22,data_hourly_crypto/ETHUSD_1h_2016_2025.csv
ETH,UTC,6,6-6-6,06:00-18:00,18:00-06:00,2,13,Night Short / Day Short,short,short,100.0,4.078174677710563e-06,-0.9999999592182532,-1.3026526158790537,-0.775449539573869,-0.9999999715282876,-0.9878798134279831,-0.9979291797647711,-0.5712530210315832,-0.7787012058082481,-0.9146718964315101,-0.9475053623175319,-0.5892390125695304,-0.5939942988778062,-0.6156372915016348,-0.7576843140080922,0.9506135571752187,1,1.0,3652,7304,24,data_hourly_crypto/ETHUSD_1h_2016_2025.csv
ETH,UTC,6,6-6-6,06:00-18:00,18:00-06:00,2,14,Night Short / Day Trend,short,trend,100.0,4.6422470267580475e-08,-0.9999999995357753,-1.7856475714500215,-0.8504319124236002,-0.9999999995469623,-0.9941427927424958,-0.9879968585340712,-0.651675598925981,-0.938084590662632,-0.8680669229791976,-0.947476403064551,-0.7672600797466433,-0.6439869517014329,-0.8034324817156697,-0.9021964441633277,0.9441631866494089,3674,7337.0,3652,7304,25,data_hourly_crypto/ETHUSD_1h_2016_2025.csv
ETH,UTC,6,6-6-6,06:00-18:00,18:00-06:00,2,15,Night Short / Day Reversal,short,reversal,100.0,0.006885218024391789,-0.9999311478197561,-0.5529553726224681,-0.6563775115306966,-0.999974635704668,-0.9731347039142029,-0.9948412680216495,-0.7616106269687236,-0.4712481041521063,-0.5936420577666432,-0.6326033792474285,-0.5679325840299423,-0.5387915479767018,-0.46064802325435217,-0.5693228199752149,0.9340821417530283,3641,7271.0,3652,7304,18,data_hourly_crypto/ETHUSD_1h_2016_2025.csv
ETH,UTC,6,6-6-6,06:00-18:00,18:00-06:00,2,16,Night Trend / Day Cash,trend,cash,100.0,0.12593527054922854,-0.9987406472945077,-0.7216577094533543,-0.6342138506821083,-0.9993698514131067,-0.8933812607077884,-0.8294043337620118,-0.9080810924048854,-0.6546876348963955,-0.5727974622356302,-0.8108264804356452,-0.37295064127958055,-0.49129139454990367,-0.5107574314945686,-0.2979607750546732,0.6410460003762061,7294,7294.0,3652,7304,15,data_hourly_crypto/ETHUSD_1h_2016_2025.csv
ETH,UTC,6,6-6-6,06:00-18:00,18:00-06:00,2,17,Night Trend / Day Long,trend,long,100.0,0.2305246648567046,-0.997694753351433,-0.16814749124948852,-0.700669002956355,-0.9992711398161028,-0.9691122649640651,-0.8362384733415326,-0.9823655368693031,-0.766717846338589,-0.5641235360103395,-0.8164719233480721,-0.5411896805275475,-0.5019963573041688,-0.6028335379342489,-0.42564087292568376,0.9479456649648297,3461,6913.0,3652,7304,14,data_hourly_crypto/ETHUSD_1h_2016_2025.csv
ETH,UTC,6,6-6-6,06:00-18:00,18:00-06:00,2,18,Night Trend / Day Short,trend,short,100.0,0.0005549095461630124,-0.9999944509045384,-0.8121571599777306,-0.7385635545369484,-0.9999964372548608,-0.8842385462300143,-0.9440354984189896,-0.7765611011928113,-0.7642642098948824,-0.9252129729995817,-0.9645250829859011,-0.5541113328480912,-0.5683458242147564,-0.46508748424475554,-0.5392534923396999,0.9427921702268287,3851,7693.0,3652,7304,20,data_hourly_crypto/ETHUSD_1h_2016_2025.csv
ETH,UTC,6,6-6-6,06:00-18:00,18:00-06:00,2,19,Night Trend / Day Trend,trend,trend,100.0,2.9473512933429618e-05,-0.9999997052648707,-1.1685516111599978,-0.8287323954324627,-0.99999976145719,-0.9546239918962032,-0.8784167699761221,-0.8968512211195535,-0.9507772357264221,-0.8484555520311248,-0.960361241510029,-0.732745843869288,-0.5906822269572272,-0.6475612947066983,-0.8268485765319593,0.9204105738255222,3673,7329.0,3652,7304,23,data_hourly_crypto/ETHUSD_1h_2016_2025.csv
ETH,UTC,6,6-6-6,06:00-18:00,18:00-06:00,2,20,Night Trend / Day Reversal,trend,reversal,100.0,4.360927205092515,-0.9563907279490749,0.15505613451209327,-0.643829085439217,-0.9984763971075805,-0.913339598503279,-0.9099330773072473,-0.962305286196234,-0.41808948189051387,-0.6574103080375628,-0.7488988436379284,-0.5184975595074743,-0.4854423404523919,-0.5286572800326632,-0.2957170788268756,0.9679710247195499,3646,7275.0,3652,7304,12,data_hourly_crypto/ETHUSD_1h_2016_2025.csv
ETH,UTC,6,6-6-6,06:00-18:00,18:00-06:00,2,21,Night Reversal / Day Cash,reversal,cash,100.0,68.28147889029587,-0.31718521109704123,0.266821528586764,-0.553134365632223,-0.8933313449052673,-0.7101326926735883,-0.8933313449052671,-0.4974173777167741,-0.34138986744226807,-0.4300664971231857,-0.6021727794092142,-0.7502352379928046,-0.2517380204032339,-0.546677284467824,-0.5081825541880698,0.641045458946142,7294,7294.0,3652,7304,8,data_hourly_crypto/ETHUSD_1h_2016_2025.csv
ETH,UTC,6,6-6-6,06:00-18:00,18:00-06:00,2,22,Night Reversal / Day Long,reversal,long,100.0,106.93243239120424,0.06932432391204246,0.4836573742940017,-0.6137520725698227,-0.9515014850792123,-0.7105595011061376,-0.8459235916014399,-0.660624382833652,-0.45077082956568393,-0.5440121593159705,-0.5920268691874663,-0.8313641870850392,-0.33495940389388945,-0.5348755533246228,-0.632404247784325,0.9401673512737106,3851,7693.0,3652,7304,6,data_hourly_crypto/ETHUSD_1h_2016_2025.csv
ETH,UTC,6,6-6-6,06:00-18:00,18:00-06:00,2,23,Night Reversal / Day Short,reversal,short,100.0,0.3516747830166139,-0.9964832521698339,-0.12019225654972963,-0.6794550338911456,-0.9983359186530829,-0.8817047747053663,-0.9698395830925779,-0.4930652716252475,-0.4820838941319926,-0.7775608890108945,-0.8494040759547703,-0.7648487811691207,-0.34771763406339407,-0.6319301006205269,-0.5963953345375648,0.9436140026231064,3461,6913.0,3652,7304,13,data_hourly_crypto/ETHUSD_1h_2016_2025.csv
ETH,UTC,6,6-6-6,06:00-18:00,18:00-06:00,2,24,Night Reversal / Day Trend,reversal,trend,100.0,0.016153950967172214,-0.9998384604903283,-0.4211738395770285,-0.7692666858374626,-0.9998600409936166,-0.8963414203749482,-0.892628448975594,-0.6272655740746889,-0.8905848669636713,-0.6871625614640196,-0.8278277631085817,-0.8528728406227492,-0.37149881588161315,-0.7648525379865334,-0.8816320289222264,0.9581580011889457,3646,7275.0,3652,7304,17,data_hourly_crypto/ETHUSD_1h_2016_2025.csv
ETH,UTC,6,6-6-6,06:00-18:00,18:00-06:00,2,25,Night Reversal / Day Reversal,reversal,reversal,100.0,2339.0691325896905,22.390691325896906,0.8060957170294455,-0.5683453185645961,-0.9564224470749534,-0.788003578870842,-0.9564224470749534,-0.42705723076595214,-0.3403605372109333,-0.5868976814682051,-0.4946902828193446,-0.8574737985237753,-0.37110077518230555,-0.4828614354156531,-0.3785854183139973,0.9244752995430995,3673,7329.0,3652,7304,4,data_hourly_crypto/ETHUSD_1h_2016_2025.csv
ETH,UTC,7,7-7-7,07:00-19:00,19:00-07:00,0,1,Night Cash / Day Cash,cash,cash,100.0,100.0,0.0,0.0,0.0,0.0,0.0,0.0,0.0,0.0,0.0,0.0,0.0,0.0,0.0,0.0,0.0,0,0.0,3652,7304,11,data_hourly_crypto/ETHUSD_1h_2016_2025.csv
ETH,UTC,7,7-7-7,07:00-19:00,19:00-07:00,0,2,Night Cash / Day Long,cash,long,100.0,220.75727873187793,1.2075727873187794,0.46418013765555166,-0.5406758023231621,-0.8791412203048086,-0.7966759272269457,-0.5683832533222782,-0.8527313428358285,-0.49196006555729643,-0.4441913198171866,-0.580058336682783,-0.5597864989618406,-0.2095387032620475,-0.48250463247331743,-0.4209279430920978,0.7015950418349768,7303,7303.0,3652,7304,9,data_hourly_crypto/ETHUSD_1h_2016_2025.csv
ETH,UTC,7,7-7-7,07:00-19:00,19:00-07:00,0,3,Night Cash / Day Short,cash,short,100.0,0.31928969221745523,-0.9968071030778255,-0.4641801376555516,-0.5834017807617131,-0.9980306708451641,-0.8831028655756422,-0.9145754400023114,-0.4405431976276595,-0.41913486789974286,-0.7521526019123609,-0.8138811286499102,-0.515661995131448,-0.3648633114979699,-0.2921726103659753,-0.4379297889541115,0.7015950418349768,7303,7303.0,3652,7304,16,data_hourly_crypto/ETHUSD_1h_2016_2025.csv
ETH,UTC,7,7-7-7,07:00-19:00,19:00-07:00,0,4,Night Cash / Day Trend,cash,trend,100.0,0.12325868089419913,-0.998767413191058,-0.6032455372758796,-0.6421956117272851,-0.9997327267194592,-0.5907118489731704,-0.6124078563241513,-0.6432105008375795,-0.9314006975266824,-0.6004242656992023,-0.584365945243867,-0.7089859825159595,-0.47640095910604263,-0.5221704461266132,-0.7518776149195834,0.7013002086273129,7293,7293.0,3652,7304,18,data_hourly_crypto/ETHUSD_1h_2016_2025.csv
ETH,UTC,7,7-7-7,07:00-19:00,19:00-07:00,0,5,Night Cash / Day Reversal,cash,reversal,100.0,573.0754971325522,4.7307549713255215,0.60324553727588,-0.4677151616008793,-0.9748601459881928,-0.8029750287465733,-0.8843800195088514,-0.42195029553866326,-0.22537631570081185,-0.6101456517571897,-0.5914063375582925,-0.3273426203599308,-0.20692043199924304,-0.3185973456018416,-0.2880575692373951,0.7013002086273129,7293,7293.0,3652,7304,7,data_hourly_crypto/ETHUSD_1h_2016_2025.csv
ETH,UTC,7,7-7-7,07:00-19:00,19:00-07:00,0,6,Night Long / Day Cash,long,cash,100.0,144627.91760983886,1445.2791760983885,1.461895542797282,-0.38513288341324914,-0.7118991323327498,-0.2396794742476014,-0.37001964492596906,-0.7118991323327499,-0.42255087977481554,-0.2931875968184461,-0.263164193508859,-0.6123170924044691,-0.2321825050953592,-0.2623432253255822,-0.44398508969864037,0.6340658534167194,7304,7304.0,3652,7304,3,data_hourly_crypto/ETHUSD_1h_2016_2025.csv
ETH,UTC,7,7-7-7,07:00-19:00,19:00-07:00,0,7,Night Long / Day Long,long,long,100.0,319276.65520206466,3191.7665520206465,1.3179325986445471,-0.6161777891913767,-0.9414233331684818,-0.6637939574046564,-0.6056805891744343,-0.9414233331684818,-0.6540053291002892,-0.6027623532719463,-0.5908013519077213,-0.7546727687349297,-0.2807751420608101,-0.4559899912324765,-0.6118730758580218,0.9617953275050161,1,1.0,3652,7304,2,data_hourly_crypto/ETHUSD_1h_2016_2025.csv
ETH,UTC,7,7-7-7,07:00-19:00,19:00-07:00,0,8,Night Long / Day Short,long,short,100.0,461.7820329969719,3.617820329969719,0.6284176307035995,-0.5208998451954446,-0.9662053484268905,-0.6581523850493616,-0.5112855715647782,-0.6156616745310963,-0.4522060035315394,-0.5010284292735223,-0.7527049657647322,-0.6702953881781973,-0.3983060885195874,-0.2081320775460842,-0.44122586799554775,0.9329698052876202,7304,14607.0,3652,7304,8,data_hourly_crypto/ETHUSD_1h_2016_2025.csv
ETH,UTC,7,7-7-7,07:00-19:00,19:00-07:00,0,9,Night Long / Day Trend,long,trend,100.0,178.26646345063781,0.7826646345063781,0.5348504390472298,-0.627704899041148,-0.9988197898329245,-0.42770238062409105,-0.4888846017873123,-0.8622498731819712,-0.9197712976741735,-0.4362515827788921,-0.5518386338993773,-0.8642523028863347,-0.49447984868505235,-0.44043166199134653,-0.7911868069029298,0.9550665934010435,3695,7379.0,3652,7304,10,data_hourly_crypto/ETHUSD_1h_2016_2025.csv
ETH,UTC,7,7-7-7,07:00-19:00,19:00-07:00,0,10,Night Long / Day Reversal,long,reversal,100.0,828827.1578350383,8287.271578350383,1.429589613332599,-0.4831826108786762,-0.7477966944814582,-0.505875942254469,-0.5477280818516064,-0.7477966944814581,-0.31895130390738746,-0.6549947067984312,-0.5329386765184131,-0.5667945250246604,-0.21948541397558585,-0.3835521075397639,-0.3537086564349877,0.9394712234715685,3620,7229.0,3652,7304,1,data_hourly_crypto/ETHUSD_1h_2016_2025.csv
ETH,UTC,7,7-7-7,07:00-19:00,19:00-07:00,0,11,Night Short / Day Cash,short,cash,100.0,0.0011797987817872735,-0.9999882020121821,-1.461895542797282,-0.6613818238270972,-0.9999882431143956,-0.9525673325225258,-0.979627610283785,-0.6887261449942084,-0.6509345544950937,-0.6712409584591722,-0.7286504607824904,-0.3161241377430978,-0.3753300617699028,-0.6213437022978718,-0.6292732749228244,0.6340658534167194,7304,7304.0,3652,7304,21,data_hourly_crypto/ETHUSD_1h_2016_2025.csv
ETH,UTC,7,7-7-7,07:00-19:00,19:00-07:00,0,12,Night Short / Day Long,short,long,100.0,0.002604491685185398,-0.9999739550831481,-0.6626694792945521,-0.7145668085589091,-0.9999741493352301,-0.959333705464099,-0.9251378661478831,-0.8905005269501609,-0.7608944935134337,-0.6148271258046367,-0.724470869284684,-0.4812383966745407,-0.3665328041523128,-0.7048685915297394,-0.7178637060676001,0.9299484409695082,7304,14607.0,3652,7304,20,data_hourly_crypto/ETHUSD_1h_2016_2025.csv
ETH,UTC,7,7-7-7,07:00-19:00,19:00-07:00,0,13,Night Short / Day Short,short,short,100.0,3.766975899153865e-06,-0.999999962330241,-1.2879270055882366,-0.7787133745647337,-0.9999999735524652,-0.9870320868800986,-0.998116032818596,-0.5735532752085433,-0.7795197113432254,-0.9088254313069318,-0.9470640734082759,-0.6030450581257341,-0.5878160744497264,-0.635304511724506,-0.7668574903816991,0.9609454847842138,1,1.0,3652,7304,24,data_hourly_crypto/ETHUSD_1h_2016_2025.csv
ETH,UTC,7,7-7-7,07:00-19:00,19:00-07:00,0,14,Night Short / Day Trend,short,trend,100.0,1.454204415636814e-06,-0.9999999854579559,-1.4494861768191007,-0.8326181918603582,-0.999999985722405,-0.9605600412603764,-0.9635449782604797,-0.7627725119004585,-0.955577187883055,-0.8504507245022895,-0.8630100108909744,-0.675890080303734,-0.6495075721672352,-0.7939153340598017,-0.8509534773751783,0.9361456844437219,3620,7229.0,3652,7304,25,data_hourly_crypto/ETHUSD_1h_2016_2025.csv
ETH,UTC,7,7-7-7,07:00-19:00,19:00-07:00,0,15,Night Short / Day Reversal,short,reversal,100.0,0.006761137733891238,-0.9999323886226611,-0.5206768253386984,-0.6616976125492725,-0.9999898389226857,-0.9843899582039253,-0.9963088917945404,-0.7247812543668091,-0.27719756927560235,-0.8158403285277508,-0.8015125952637301,-0.36417195049366125,-0.3784961177391637,-0.6226368012342158,-0.651640658593326,0.9544228523833795,3695,7379.0,3652,7304,19,data_hourly_crypto/ETHUSD_1h_2016_2025.csv
ETH,UTC,7,7-7-7,07:00-19:00,19:00-07:00,0,16,Night Trend / Day Cash,trend,cash,100.0,0.15560130401900352,-0.99844398695981,-0.6969915420217073,-0.6034434700677381,-0.9992120842443436,-0.8528653376181936,-0.8545489203373902,-0.9109043545579599,-0.5618935473698021,-0.3194675592442596,-0.7699496355970216,-0.5211240817312206,-0.40718760619968775,-0.39839675959885956,-0.4380968984229866,0.6354144581290613,7300,7300.0,3652,7304,17,data_hourly_crypto/ETHUSD_1h_2016_2025.csv
ETH,UTC,7,7-7-7,07:00-19:00,19:00-07:00,0,17,Night Trend / Day Long,trend,long,100.0,0.34350120442366894,-0.9965649879557633,-0.12894099994548242,-0.7139347462344853,-0.9991498320179565,-0.9474310227802778,-0.853465909847863,-0.9825964384817274,-0.7623164271099995,-0.5282823789634582,-0.7764682293314731,-0.7166385622076112,-0.3744666940584511,-0.5703058773999152,-0.627375922164076,0.9437462932549204,3437,6871.0,3652,7304,15,data_hourly_crypto/ETHUSD_1h_2016_2025.csv
ETH,UTC,7,7-7-7,07:00-19:00,19:00-07:00,0,18,Night Trend / Day Short,trend,short,100.0,0.0004968189246886208,-0.9999950318107531,-0.8014714714958157,-0.7040794233035819,-0.999996655029221,-0.940901399685129,-0.9699726085697778,-0.808409504237331,-0.5835551693600649,-0.7395871872200968,-0.9414234431013924,-0.5900080032159787,-0.6062424526761929,-0.3611638600720982,-0.4995306048977577,0.9533332656437306,3869,7735.0,3652,7304,22,data_hourly_crypto/ETHUSD_1h_2016_2025.csv
ETH,UTC,7,7-7-7,07:00-19:00,19:00-07:00,0,19,Night Trend / Day Trend,trend,trend,100.0,0.0001917921147879981,-0.9999980820788521,-0.9096174204094595,-0.8030609157705492,-0.9999992475506492,-0.8864502484342416,-0.9434971129903519,-0.9584513681109218,-0.9521194223036723,-0.5900963511623394,-0.8826187613986561,-0.8172906426857632,-0.6236727005172993,-0.5600898804388357,-0.8163226696634107,0.9495169306826519,3670,7329.0,3652,7304,23,data_hourly_crypto/ETHUSD_1h_2016_2025.csv
ETH,UTC,7,7-7-7,07:00-19:00,19:00-07:00,0,20,Night Trend / Day Reversal,trend,reversal,100.0,0.891712946551635,-0.9910828705344836,-0.023290622844442704,-0.6561417001455867,-0.9995383635653731,-0.9549321928112984,-0.9446838658240125,-0.9324225914964388,-0.34507273495441826,-0.6719938453597815,-0.8404643482023263,-0.5128714065999425,-0.4268080203369399,-0.440481655474651,-0.49168634039605885,0.947156502133916,3643,7275.0,3652,7304,14,data_hourly_crypto/ETHUSD_1h_2016_2025.csv
ETH,UTC,7,7-7-7,07:00-19:00,19:00-07:00,0,21,Night Reversal / Day Cash,reversal,cash,100.0,1097.7503884281869,9.977503884281868,0.6969915420217075,-0.48512125067590617,-0.7675674327960799,-0.5811456530052526,-0.7675674327960798,-0.5061399467431626,-0.3092198918983321,-0.45250177107998635,-0.6023702441514889,-0.4217281297652602,-0.25971122796944546,-0.5500662894765195,-0.40076191987353416,0.6354144581290614,7300,7300.0,3652,7304,6,data_hourly_crypto/ETHUSD_1h_2016_2025.csv
ETH,UTC,7,7-7-7,07:00-19:00,19:00-07:00,0,22,Night Reversal / Day Long,reversal,long,100.0,2423.363884762659,23.23363884762659,0.8135893050401297,-0.555191543595174,-0.8020372028292481,-0.6466694367506995,-0.8020372028292482,-0.6377648635838643,-0.3962493520217075,-0.5301010518837256,-0.5215552089829542,-0.599046935156464,-0.32939206412243016,-0.6402384561614578,-0.44886086445918816,0.9501360848196346,3869,7735.0,3652,7304,5,data_hourly_crypto/ETHUSD_1h_2016_2025.csv
ETH,UTC,7,7-7-7,07:00-19:00,19:00-07:00,0,23,Night Reversal / Day Short,reversal,short,100.0,3.5050038365282274,-0.9649499616347177,0.1196151251633378,-0.6844432084788207,-0.9856592061988034,-0.9108396971701926,-0.9584290900471616,-0.5251560931884031,-0.5272330513186197,-0.8258040221048706,-0.8385732229368505,-0.59800002764473,-0.4357899396872308,-0.61959457336276,-0.6050123673273875,0.9424932582114763,3437,6871.0,3652,7304,12,data_hourly_crypto/ETHUSD_1h_2016_2025.csv
ETH,UTC,7,7-7-7,07:00-19:00,19:00-07:00,0,24,Night Reversal / Day Trend,reversal,trend,100.0,1.3530726482875308,-0.9864692735171247,0.01863508565951553,-0.7129789275027782,-0.9990467043491816,-0.6960285146943892,-0.6326488378188131,-0.5711437947958355,-0.9251938692986162,-0.7128413589620226,-0.7844826641930888,-0.6926839708249235,-0.58557875011483,-0.7207930938165988,-0.8083944205086647,0.943633914746289,3643,7275.0,3652,7304,13,data_hourly_crypto/ETHUSD_1h_2016_2025.csv
ETH,UTC,7,7-7-7,07:00-19:00,19:00-07:00,0,25,Night Reversal / Day Reversal,reversal,reversal,100.0,6290.938495759346,61.90938495759346,0.9152530208870031,-0.5622928859755756,-0.9873161385781907,-0.763761410276776,-0.972899848100174,-0.5505723416426518,-0.2605187152628996,-0.6525008828002574,-0.5936113420983979,-0.48164146155335574,-0.31341787700226986,-0.522007166845804,-0.5119978141731699,0.9485598925580463,3670,7329.0,3652,7304,4,data_hourly_crypto/ETHUSD_1h_2016_2025.csv
ETH,UTC,7,7-7-7,07:00-19:00,19:00-07:00,1,1,Night Cash / Day Cash,cash,cash,100.0,100.0,0.0,0.0,0.0,0.0,0.0,0.0,0.0,0.0,0.0,0.0,0.0,0.0,0.0,0.0,0.0,0,0.0,3652,7304,10,data_hourly_crypto/ETHUSD_1h_2016_2025.csv
ETH,UTC,7,7-7-7,07:00-19:00,19:00-07:00,1,2,Night Cash / Day Long,cash,long,100.0,106.34912289237421,0.06349122892374215,0.36013004636798257,-0.5517991902812279,-0.8989804776821605,-0.8045510639580304,-0.5714370311747087,-0.8625919380263314,-0.5112071874974589,-0.4475716014420362,-0.5858554325041156,-0.5666442198412283,-0.2263530598104332,-0.5066108624732176,-0.43516950608471894,0.7014545009916112,7303,7303.0,3652,7304,9,data_hourly_crypto/ETHUSD_1h_2016_2025.csv
ETH,UTC,7,7-7-7,07:00-19:00,19:00-07:00,1,3,Night Cash / Day Short,cash,short,100.0,0.1538168023766244,-0.9984618319762337,-0.5682297132125529,-0.597186046267176,-0.9990260957178653,-0.8867505656078274,-0.9204226024614771,-0.44561141258953496,-0.43928271277962283,-0.7692096641764897,-0.825890880252794,-0.5210086852942749,-0.40916510200058664,-0.3006861367522664,-0.4538327007568862,0.701454967332611,7303,7303.0,3652,7304,16,data_hourly_crypto/ETHUSD_1h_2016_2025.csv
ETH,UTC,7,7-7-7,07:00-19:00,19:00-07:00,1,4,Night Cash / Day Trend,cash,trend,100.0,0.05943889298908186,-0.9994056110701092,-0.7071963889102685,-0.6602107597846517,-0.9998539301071605,-0.600458264678907,-0.625065272602676,-0.6663332903558237,-0.9359938673502258,-0.6193421672677327,-0.5960448843320804,-0.7282539444688371,-0.5096973188339209,-0.5547880095299933,-0.7661305784263202,0.7011602398676443,7293,7293.0,3652,7304,18,data_hourly_crypto/ETHUSD_1h_2016_2025.csv
ETH,UTC,7,7-7-7,07:00-19:00,19:00-07:00,1,5,Night Cash / Day Reversal,cash,reversal,100.0,276.3535428223902,1.7635354282239017,0.4992944186417045,-0.4804082047877693,-0.977447138337832,-0.815097750727415,-0.8889567507966203,-0.44964836863922375,-0.22731055282116186,-0.6161421014379656,-0.6062881420623853,-0.33623017464216554,-0.21489061696139444,-0.34994885424644784,-0.29956873554291275,0.7011597489178409,7293,7293.0,3652,7304,7,data_hourly_crypto/ETHUSD_1h_2016_2025.csv
ETH,UTC,7,7-7-7,07:00-19:00,19:00-07:00,1,6,Night Long / Day Cash,long,cash,100.0,69667.07583407934,695.6707583407934,1.3467482736820173,-0.3965971953690361,-0.7241082748325507,-0.24951807417275174,-0.37222083190554056,-0.7241082748325502,-0.4434714401491635,-0.29776720656690925,-0.271513544069204,-0.6269599330765586,-0.25330957641836993,-0.27325337431857943,-0.45384969818073384,0.6339390465866946,7304,7304.0,3652,7304,3,data_hourly_crypto/ETHUSD_1h_2016_2025.csv
ETH,UTC,7,7-7-7,07:00-19:00,19:00-07:00,1,7,Night Long / Day Long,long,long,100.0,319244.7275365407,3191.447275365407,1.3179222056477944,-0.6161777891913767,-0.9414233331684819,-0.6637939574046567,-0.6056805891744343,-0.9414233331684818,-0.6540053291002892,-0.6027623532719463,-0.5908013519077213,-0.7546727687349297,-0.2807751420608101,-0.4559899912324765,-0.6118730758580218,0.9617952356568963,1,1.0,3652,7304,2,data_hourly_crypto/ETHUSD_1h_2016_2025.csv
ETH,UTC,7,7-7-7,07:00-19:00,19:00-07:00,1,8,Night Long / Day Short,long,short,100.0,107.15184120712115,0.07151841207121157,0.4718920943970554,-0.5470189889888841,-0.9846237547545647,-0.6725416842330897,-0.5301612406000416,-0.6431499021560521,-0.46639612806268527,-0.5670012073135655,-0.7646256668711309,-0.6969224489590208,-0.45064780207252286,-0.21015724372587052,-0.46858656589486214,0.9325971302126512,7304,14607.0,3652,7304,8,data_hourly_crypto/ETHUSD_1h_2016_2025.csv
ETH,UTC,7,7-7-7,07:00-19:00,19:00-07:00,1,9,Night Long / Day Trend,long,trend,100.0,85.22592501592399,-0.14774074984076013,0.4577379020695645,-0.6360886392721345,-0.9993028537739174,-0.4347557551571667,-0.4986053715030242,-0.8719739130187247,-0.9255689015659305,-0.4414147973475153,-0.557981392518414,-0.873632941635325,-0.5166295092559485,-0.4450018161509842,-0.795321994568313,0.955096059576479,3695,7379.0,3652,7304,11,data_hourly_crypto/ETHUSD_1h_2016_2025.csv
ETH,UTC,7,7-7-7,07:00-19:00,19:00-07:00,1,10,Night Long / Day Reversal,long,reversal,100.0,402236.16610615584,4021.3616610615586,1.3526824846813197,-0.48974014261065796,-0.7623427310480583,-0.5090285523811786,-0.5547294710990571,-0.7623427310480582,-0.32058402400755837,-0.6599956881871784,-0.5417299393281099,-0.5767595241934109,-0.2235339593493444,-0.39163655345120996,-0.3570609830614734,0.9392308104846848,3620,7229.0,3652,7304,1,data_hourly_crypto/ETHUSD_1h_2016_2025.csv
ETH,UTC,7,7-7-7,07:00-19:00,19:00-07:00,1,11,Night Short / Day Cash,short,cash,100.0,0.0005683075063105077,-0.9999943169249369,-1.5770428119125457,-0.6762101990821572,-0.9999943169249369,-0.9558978939139242,-0.9810543015963795,-0.6964119033682398,-0.660607239438456,-0.6879939836722813,-0.7454226772149488,-0.3244847059787185,-0.4164559123084798,-0.646979749488667,-0.6467936238414775,0.6339390465866946,7304,7304.0,3652,7304,21,data_hourly_crypto/ETHUSD_1h_2016_2025.csv
ETH,UTC,7,7-7-7,07:00-19:00,19:00-07:00,1,12,Night Short / Day Long,short,long,100.0,0.0006043459024705837,-0.9999939565409753,-0.8197046332532449,-0.7372189951772279,-0.9999939980147314,-0.9648408443393127,-0.9336571412476116,-0.9051871133646725,-0.7857177775231277,-0.6453668069471414,-0.7337355626956722,-0.5141801489765899,-0.39356944008160644,-0.7433773474937713,-0.7525577691027729,0.9295760724247639,7304,14607.0,3652,7304,20,data_hourly_crypto/ETHUSD_1h_2016_2025.csv
ETH,UTC,7,7-7-7,07:00-19:00,19:00-07:00,1,13,Night Short / Day Short,short,short,100.0,3.766599201563913e-06,-0.999999962334008,-1.2879371351892126,-0.7787133745647337,-0.9999999735524652,-0.9870320868800986,-0.998116032818596,-0.5735532752085433,-0.7795197113432254,-0.9088254313069318,-0.9470640734082759,-0.6030450581257341,-0.5878160744497264,-0.635304511724506,-0.7668574903816991,0.9609455852236277,1,1.0,3652,7304,24,data_hourly_crypto/ETHUSD_1h_2016_2025.csv
ETH,UTC,7,7-7-7,07:00-19:00,19:00-07:00,1,14,Night Short / Day Trend,short,trend,100.0,7.057365378908228e-07,-0.9999999929426346,-1.526465996740878,-0.8424271170455283,-0.9999999930695878,-0.9625174898602471,-0.9663278435235075,-0.7699684517670233,-0.9582633421459341,-0.8580292926826304,-0.8732647747092096,-0.69427779103491,-0.6738583156954562,-0.8078492763391174,-0.8599145926972479,0.9360467248719743,3620,7229.0,3652,7304,25,data_hourly_crypto/ETHUSD_1h_2016_2025.csv
ETH,UTC,7,7-7-7,07:00-19:00,19:00-07:00,1,15,Night Short / Day Reversal,short,reversal,100.0,0.0032323758848254126,-0.9999676762411518,-0.5983311241312246,-0.6688679578924519,-0.999993361261598,-0.98558446461847,-0.9965342798768205,-0.7312547674806426,-0.2793629434269894,-0.8277070009880494,-0.8119852861022244,-0.36822866037511415,-0.38689218747470644,-0.6406836439818002,-0.6604463445997021,0.9539965877733747,3695,7379.0,3652,7304,19,data_hourly_crypto/ETHUSD_1h_2016_2025.csv
ETH,UTC,7,7-7-7,07:00-19:00,19:00-07:00,1,16,Night Trend / Day Cash,trend,cash,100.0,0.07498293016714393,-0.9992501706983286,-0.8118313907612139,-0.6169636239794125,-0.9995821484284807,-0.8615034780739227,-0.8592566297745574,-0.9169529806704386,-0.5814653684039433,-0.33381032464395444,-0.7811917543881168,-0.5370709668581946,-0.4134971977815679,-0.4140134460484801,-0.47087409315094964,0.6352874642400325,7300,7300.0,3652,7304,17,data_hourly_crypto/ETHUSD_1h_2016_2025.csv
ETH,UTC,7,7-7-7,07:00-19:00,19:00-07:00,1,17,Night Trend / Day Long,trend,long,100.0,0.17278048463024542,-0.9982721951536976,-0.20135836647260094,-0.7213282771706508,-0.9995677663420646,-0.9503637989053961,-0.858873826441917,-0.9837926028975724,-0.772366713212949,-0.5333500215196818,-0.7865187612756767,-0.7236907449443944,-0.3804436760921136,-0.5788994705356767,-0.6449831558811299,0.9438746601464182,3437,6871.0,3652,7304,15,data_hourly_crypto/ETHUSD_1h_2016_2025.csv
ETH,UTC,7,7-7-7,07:00-19:00,19:00-07:00,1,18,Night Trend / Day Short,trend,short,100.0,0.00022921221506158325,-0.9999977078778494,-0.8827803584703386,-0.7187718883819925,-0.9999983736578466,-0.9431734685152264,-0.9723257645644804,-0.8213277219694985,-0.6084364476847048,-0.7590811072332947,-0.9452198521547558,-0.6076582626829039,-0.6204707468470472,-0.37805895263082034,-0.5319665595371921,0.9530284212800904,3869,7735.0,3652,7304,22,data_hourly_crypto/ETHUSD_1h_2016_2025.csv
ETH,UTC,7,7-7-7,07:00-19:00,19:00-07:00,1,19,Night Trend / Day Trend,trend,trend,100.0,9.215194632889378e-05,-0.9999990784805367,-0.9863395126855652,-0.812636563163488,-0.9999995941953208,-0.8898725831699377,-0.9451781567514655,-0.9612683314973796,-0.9553924612425192,-0.6097774495332406,-0.8906646257795445,-0.828521860894728,-0.6456358465793799,-0.5713812487963885,-0.828673067390296,0.9495485448701925,3670,7329.0,3652,7304,23,data_hourly_crypto/ETHUSD_1h_2016_2025.csv
ETH,UTC,7,7-7-7,07:00-19:00,19:00-07:00,1,20,Night Trend / Day Reversal,trend,reversal,100.0,0.43076882069337935,-0.9956923117930662,-0.10016594338093786,-0.6618929211772676,-0.9997144178676088,-0.9579373021483424,-0.9481342742228761,-0.9368907789650046,-0.35068151799153724,-0.6793243673493474,-0.8476679315387319,-0.5283086180389903,-0.43183048078000186,-0.4417113656305174,-0.49644257510732637,0.9468721906561616,3643,7275.0,3652,7304,14,data_hourly_crypto/ETHUSD_1h_2016_2025.csv
ETH,UTC,7,7-7-7,07:00-19:00,19:00-07:00,1,21,Night Reversal / Day Cash,reversal,cash,100.0,528.9964710476539,4.289964710476539,0.5821516518729242,-0.4989251468558983,-0.7765699981220803,-0.5849401262501637,-0.7765699981220804,-0.5070774368220183,-0.3140531021944316,-0.4752840326104072,-0.6084079748809958,-0.43525647831613645,-0.3016381156544774,-0.5674930970452008,-0.4185311066630715,0.6352873115242428,7300,7300.0,3652,7304,6,data_hourly_crypto/ETHUSD_1h_2016_2025.csv
ETH,UTC,7,7-7-7,07:00-19:00,19:00-07:00,1,22,Night Reversal / Day Long,reversal,long,100.0,1118.0423617615438,10.180423617615439,0.7322331857181616,-0.5700712900770976,-0.8281326541666681,-0.6612711794132904,-0.8053355241815756,-0.6609027470176747,-0.4187636471167233,-0.5315087768618983,-0.5278298042600242,-0.6115201840129101,-0.3455584820131211,-0.6611235953133712,-0.47689896058038583,0.9500666145978678,3869,7735.0,3652,7304,5,data_hourly_crypto/ETHUSD_1h_2016_2025.csv
ETH,UTC,7,7-7-7,07:00-19:00,19:00-07:00,1,23,Night Reversal / Day Short,reversal,short,100.0,1.7630105912504948,-0.9823698940874951,0.04647596766845401,-0.6932129673706017,-0.9920690226937406,-0.9131976908319843,-0.9594961090502807,-0.5282800549649814,-0.5375462071347672,-0.836702365496399,-0.8425277634710515,-0.6013630193812591,-0.4703479356138467,-0.6307645133192046,-0.6119040144422423,0.9420502839610215,3437,6871.0,3652,7304,12,data_hourly_crypto/ETHUSD_1h_2016_2025.csv
ETH,UTC,7,7-7-7,07:00-19:00,19:00-07:00,1,24,Night Reversal / Day Trend,reversal,trend,100.0,0.6536425329129615,-0.9934635746708704,-0.05833695765500398,-0.7229266610727311,-0.9994262037658722,-0.699564606702162,-0.6392026528365171,-0.572171918262391,-0.9301120635083809,-0.7260268473250469,-0.7882005978070696,-0.7080240288155542,-0.608855448912665,-0.7391497976270122,-0.8179586489305121,0.9435288607356207,3643,7275.0,3652,7304,13,data_hourly_crypto/ETHUSD_1h_2016_2025.csv
ETH,UTC,7,7-7-7,07:00-19:00,19:00-07:00,1,25,Night Reversal / Day Reversal,reversal,reversal,100.0,3022.6593374832264,29.226593374832262,0.8379827520581739,-0.5713073991935622,-0.98857138795214,-0.7644691347032615,-0.973868651317201,-0.551739452367863,-0.2622915194165787,-0.6762553610570408,-0.6046753892404801,-0.4877227502825552,-0.3253971931014915,-0.547481375258927,-0.5191731651902233,0.948181257946263,3670,7329.0,3652,7304,4,data_hourly_crypto/ETHUSD_1h_2016_2025.csv
ETH,UTC,7,7-7-7,07:00-19:00,19:00-07:00,2,1,Night Cash / Day Cash,cash,cash,100.0,100.0,0.0,0.0,0.0,0.0,0.0,0.0,0.0,0.0,0.0,0.0,0.0,0.0,0.0,0.0,0.0,0,0.0,3652,7304,8,data_hourly_crypto/ETHUSD_1h_2016_2025.csv
ETH,UTC,7,7-7-7,07:00-19:00,19:00-07:00,2,2,Night Cash / Day Long,cash,long,100.0,51.22961240808252,-0.48770387591917486,0.2560486624080889,-0.5654198623779145,-0.9197781330731467,-0.8121219235975137,-0.5744695051037189,-0.8717931908387576,-0.5373224074713837,-0.4509316600854355,-0.5915730699899264,-0.5733957798801426,-0.24281137679982523,-0.5295964081983526,-0.47018330181408885,0.7013139756067897,7303,7303.0,3652,7304,9,data_hourly_crypto/ETHUSD_1h_2016_2025.csv
ETH,UTC,7,7-7-7,07:00-19:00,19:00-07:00,2,3,Night Cash / Day Short,cash,short,100.0,0.07409534703525132,-0.9992590465296475,-0.6723104410221565,-0.6102806741188049,-0.9995184031301851,-0.890284789369659,-0.9258700625149542,-0.45063421374739576,-0.45873362206257884,-0.7850943779426567,-0.8371267613799824,-0.5262968783448855,-0.45038074696856,-0.30909810126582005,-0.4692871875915582,0.7013149082836722,7303,7303.0,3652,7304,16,data_hourly_crypto/ETHUSD_1h_2016_2025.csv
ETH,UTC,7,7-7-7,07:00-19:00,19:00-07:00,2,4,Night Cash / Day Trend,cash,trend,100.0,0.02866105877184159,-0.9997133894122816,-0.8111783407275456,-0.6781942743266771,-0.9999211385302404,-0.6099735282601382,-0.6373105458994988,-0.6879596308043089,-0.9402799085009199,-0.6373661604645792,-0.6142609503757257,-0.7462479182577535,-0.5411349140968922,-0.5851819687476998,-0.7822272178592551,0.7010203035842,7293,7293.0,3652,7304,18,data_hourly_crypto/ETHUSD_1h_2016_2025.csv
ETH,UTC,7,7-7-7,07:00-19:00,19:00-07:00,2,5,Night Cash / Day Reversal,cash,reversal,100.0,133.25593284676665,0.33255932846766645,0.3953120223071908,-0.49277025362897603,-0.9799637283576906,-0.8264756775413893,-0.8943837500306491,-0.47602182245709423,-0.22924015287550648,-0.6220469041337771,-0.6206293290088837,-0.3450011725296328,-0.22314802922518207,-0.3798607934876407,-0.3108949050000046,0.7010193217508411,7293,7293.0,3652,7304,7,data_hourly_crypto/ETHUSD_1h_2016_2025.csv
ETH,UTC,7,7-7-7,07:00-19:00,19:00-07:00,2,6,Night Long / Day Cash,long,cash,100.0,33556.086388910175,334.56086388910177,1.2315664517479286,-0.4079550305076931,-0.7358011623372391,-0.25943487836381807,-0.37441454681209585,-0.7358011623372396,-0.4636360434653378,-0.3023175974925868,-0.28085205720483986,-0.6410510937264289,-0.2744994465273113,-0.2840032262209836,-0.46354025292629,0.6338122524379869,7304,7304.0,3652,7304,3,data_hourly_crypto/ETHUSD_1h_2016_2025.csv
ETH,UTC,7,7-7-7,07:00-19:00,19:00-07:00,2,7,Night Long / Day Long,long,long,100.0,319212.799871024,3191.12799871024,1.3179118111900496,-0.6161777891913767,-0.9414233331684818,-0.6637939574046567,-0.6056805891744343,-0.9414233331684818,-0.6540053291002892,-0.6027623532719463,-0.5908013519077213,-0.7546727687349297,-0.2807751420608101,-0.4559899912324765,-0.6118730758580218,0.9617951448735415,1,1.0,3652,7304,1,data_hourly_crypto/ETHUSD_1h_2016_2025.csv
ETH,UTC,7,7-7-7,07:00-19:00,19:00-07:00,2,8,Night Long / Day Short,long,short,100.0,24.856233691413024,-0.7514376630858698,0.3152727529545752,-0.5746432334861948,-0.9930050566567921,-0.6863279972089353,-0.5623724246420689,-0.6686770655032213,-0.4875618951769528,-0.6242618893409022,-0.7759739523754432,-0.7214037923932783,-0.4984454106593177,-0.22628697651437035,-0.49512093104745736,0.9322245307527609,7304,14607.0,3652,7304,11,data_hourly_crypto/ETHUSD_1h_2016_2025.csv
ETH,UTC,7,7-7-7,07:00-19:00,19:00-07:00,2,9,Night Long / Day Trend,long,trend,100.0,40.738940250694704,-0.5926105974930529,0.38063449355263357,-0.6447525168180819,-0.999588241392647,-0.44353640887481827,-0.5081431539385166,-0.8810132573192473,-0.930948585332791,-0.44653174226354153,-0.5682605348777912,-0.8823670307594405,-0.5378128123899817,-0.4495355476822397,-0.799376094742451,0.9551325135600474,3695,7379.0,3652,7304,10,data_hourly_crypto/ETHUSD_1h_2016_2025.csv
ETH,UTC,7,7-7-7,07:00-19:00,19:00-07:00,2,10,Night Long / Day Reversal,long,reversal,100.0,195180.08038858508,1950.8008038858507,1.2757331624015325,-0.49660666408946535,-0.7760524743676365,-0.5121616729092681,-0.5616238437189823,-0.7760524743676365,-0.322213155354942,-0.6649251572826442,-0.5503574379025176,-0.5911574432928679,-0.22756230849119985,-0.39961656102043075,-0.36039658655416373,0.9389976456655654,3620,7229.0,3652,7304,2,data_hourly_crypto/ETHUSD_1h_2016_2025.csv
ETH,UTC,7,7-7-7,07:00-19:00,19:00-07:00,2,11,Night Short / Day Cash,short,cash,100.0,0.0002737329728412783,-0.9999972626702716,-1.6922246338466334,-0.6904347636906536,-0.9999972626702716,-0.9589948931334895,-0.9823812087541813,-0.703908630698693,-0.6700128194758488,-0.7045774538777478,-0.7611597207919728,-0.33274388488566453,-0.45502648057575235,-0.6708824750932416,-0.6646600696199437,0.6338122524379869,7304,7304.0,3652,7304,20,data_hourly_crypto/ETHUSD_1h_2016_2025.csv
ETH,UTC,7,7-7-7,07:00-19:00,19:00-07:00,2,12,Night Short / Day Long,short,long,100.0,0.00014019136594415038,-0.9999985980863405,-0.9768342005552854,-0.7578121663482381,-0.9999986068712161,-0.9696030762836658,-0.9414224890699915,-0.9179062307355216,-0.807968186702142,-0.6734904465156142,-0.74269049061064,-0.5450360467657323,-0.4201457467169546,-0.7768677210648245,-0.7829912290172951,0.9292037794303742,7304,14607.0,3652,7304,21,data_hourly_crypto/ETHUSD_1h_2016_2025.csv
ETH,UTC,7,7-7-7,07:00-19:00,19:00-07:00,2,13,Night Short / Day Short,short,short,100.0,3.7662225039740456e-06,-0.999999962337775,-1.2879472634304365,-0.7787133745647337,-0.9999999735524652,-0.9870320868800986,-0.998116032818596,-0.5735532752085433,-0.7795197113432254,-0.9088254313069318,-0.9470640734082759,-0.6030450581257341,-0.5878160744497264,-0.635304511724506,-0.7668574903816991,0.9609456866759818,1,1.0,3652,7304,24,data_hourly_crypto/ETHUSD_1h_2016_2025.csv
ETH,UTC,7,7-7-7,07:00-19:00,19:00-07:00,2,14,Night Short / Day Trend,short,trend,100.0,3.424498486352909e-07,-0.9999999965755015,-1.6034429373841808,-0.8516566522079758,-0.9999999966364311,-0.9643820260369871,-0.9688987674222515,-0.7769474881535079,-0.9608358897747521,-0.8652252084097984,-0.882753714968258,-0.7116256823365639,-0.696635288579726,-0.8208436162625884,-0.8684188401353239,0.9359548778534544,3620,7229.0,3652,7304,25,data_hourly_crypto/ETHUSD_1h_2016_2025.csv
ETH,UTC,7,7-7-7,07:00-19:00,19:00-07:00,2,15,Night Short / Day Reversal,short,reversal,100.0,0.0015451116314089475,-0.9999845488836859,-0.6760426274370134,-0.6757590445339317,-0.9999956629502057,-0.9866877768956276,-0.9967459462300453,-0.7375772645401165,-0.281522261801883,-0.8388111669231465,-0.8219073429427615,-0.37226029146656836,-0.3951764781369098,-0.657870777109177,-0.6690311392930802,0.953577357733818,3695,7379.0,3652,7304,19,data_hourly_crypto/ETHUSD_1h_2016_2025.csv
ETH,UTC,7,7-7-7,07:00-19:00,19:00-07:00,2,16,Night Trend / Day Cash,trend,cash,100.0,0.03613099097512807,-0.9996386900902487,-0.9267056518159191,-0.6319243976240665,-0.9997950185584968,-0.8696352701296163,-0.8638124163476507,-0.9225915150934412,-0.6001646720728722,-0.34785219414734325,-0.7918855353235071,-0.5532190452647927,-0.4391147705187536,-0.42922624899174044,-0.5017423083509482,0.6351604956352838,7300,7300.0,3652,7304,17,data_hourly_crypto/ETHUSD_1h_2016_2025.csv
ETH,UTC,7,7-7-7,07:00-19:00,19:00-07:00,2,17,Night Trend / Day Long,trend,long,100.0,0.0868963270253058,-0.9991310367297469,-0.2737371215478077,-0.7290328189464047,-0.9997802779444519,-0.9531334953868867,-0.8640831835766459,-0.9849067687363493,-0.7819939142276366,-0.5383642201384904,-0.7961192733268805,-0.7305687743424428,-0.38636472660681165,-0.5930321450958642,-0.6617616880260395,0.9440183192039387,3437,6871.0,3652,7304,15,data_hourly_crypto/ETHUSD_1h_2016_2025.csv
ETH,UTC,7,7-7-7,07:00-19:00,19:00-07:00,2,18,Night Trend / Day Short,trend,short,100.0,0.00010573291034453856,-0.9999989426708965,-0.9641096008698254,-0.7326512817101395,-0.9999992445914923,-0.9453586153310385,-0.9744949272422861,-0.8333772404611753,-0.6318356849459501,-0.7771192254872696,-0.948770898642356,-0.6245519792814911,-0.6341875999455604,-0.39451047287790897,-0.562306172886359,0.9527388588375537,3869,7735.0,3652,7304,22,data_hourly_crypto/ETHUSD_1h_2016_2025.csv
ETH,UTC,7,7-7-7,07:00-19:00,19:00-07:00,2,19,Night Trend / Day Trend,trend,trend,100.0,4.427052172997235e-05,-0.9999995572947827,-1.0630416372618274,-0.8220873351485073,-0.9999997811718452,-0.8931924221761252,-0.946809508395199,-0.9638948141848269,-0.9584423483915143,-0.6285172298244848,-0.8981604353330531,-0.839316549496924,-0.6697982339850612,-0.5823849690617291,-0.8403568406361549,0.9495871188092394,3670,7329.0,3652,7304,23,data_hourly_crypto/ETHUSD_1h_2016_2025.csv
ETH,UTC,7,7-7-7,07:00-19:00,19:00-07:00,2,20,Night Trend / Day Reversal,trend,reversal,100.0,0.20806559997114168,-0.9979193440002886,-0.17707905571507773,-0.667462378752973,-0.9998233472904712,-0.9607425712141796,-0.9513700859807075,-0.9410643384813973,-0.35624337523654903,-0.6864924728101403,-0.854547592837952,-0.5432595634732797,-0.43680992470204605,-0.4429386183329198,-0.5011552444605585,0.9465950123340846,3643,7275.0,3652,7304,14,data_hourly_crypto/ETHUSD_1h_2016_2025.csv
ETH,UTC,7,7-7-7,07:00-19:00,19:00-07:00,2,21,Night Reversal / Day Cash,reversal,cash,100.0,254.90023767666128,1.5490023767666128,0.46727726654068835,-0.51321526953869,-0.7852247251199492,-0.5887005990697616,-0.7852247251199496,-0.5080132407681164,-0.3264936185535503,-0.49955414965354705,-0.6143546170330596,-0.4485958093369682,-0.3411942798172324,-0.5842465730256241,-0.4357750830090903,0.6351601902189856,7300,7300.0,3652,7304,6,data_hourly_crypto/ETHUSD_1h_2016_2025.csv
ETH,UTC,7,7-7-7,07:00-19:00,19:00-07:00,2,22,Night Reversal / Day Long,reversal,long,100.0,515.7398473103625,4.157398473103625,0.6508708906141055,-0.5845235930404852,-0.8711258215898379,-0.6752722256134791,-0.80857953458025,-0.6825668826807426,-0.4404426223385537,-0.5329125649371464,-0.5340233416221734,-0.6236077823300469,-0.3613382922466847,-0.6808001143379672,-0.5056925697178078,0.9500125559825472,3869,7735.0,3652,7304,5,data_hourly_crypto/ETHUSD_1h_2016_2025.csv
ETH,UTC,7,7-7-7,07:00-19:00,19:00-07:00,2,23,Night Reversal / Day Short,reversal,short,100.0,0.8866692625282816,-0.9911333073747172,-0.026716922303464983,-0.7016202858321139,-0.9959286434138103,-0.9154937765346598,-0.9605359456986239,-0.5313840832566912,-0.5477025753497278,-0.8469208468828331,-0.8463861901722041,-0.6046985418731248,-0.502795533562769,-0.6416086044008343,-0.6186767605896721,0.9416228260595588,3437,6871.0,3652,7304,12,data_hourly_crypto/ETHUSD_1h_2016_2025.csv
ETH,UTC,7,7-7-7,07:00-19:00,19:00-07:00,2,24,Night Reversal / Day Trend,reversal,trend,100.0,0.31571580681786554,-0.9968428419318214,-0.1353180719551349,-0.7329084997801896,-0.9996546625437173,-0.7030602555946005,-0.6456408191780378,-0.5731977818921525,-0.9347077937854071,-0.7386093545358259,-0.7918551172235839,-0.7278346569988348,-0.6308290403088372,-0.756302939416237,-0.82704723886838,0.9434309442711327,3643,7275.0,3652,7304,13,data_hourly_crypto/ETHUSD_1h_2016_2025.csv
ETH,UTC,7,7-7-7,07:00-19:00,19:00-07:00,2,25,Night Reversal / Day Reversal,reversal,reversal,100.0,1452.1093825274634,13.521093825274633,0.7606522047608106,-0.5803082596165561,-0.9897026265268143,-0.765174879877828,-0.974803004300267,-0.5529037648270372,-0.2640604269098027,-0.6983902880530446,-0.6154403381674759,-0.49373388969851106,-0.3371698311381901,-0.5746934018898642,-0.5267127713035406,0.9478097825423427,3670,7329.0,3652,7304,4,data_hourly_crypto/ETHUSD_1h_2016_2025.csv
ETH,UTC,8,8-8-8,08:00-20:00,20:00-08:00,0,1,Night Cash / Day Cash,cash,cash,100.0,100.0,0.0,0.0,0.0,0.0,0.0,0.0,0.0,0.0,0.0,0.0,0.0,0.0,0.0,0.0,0.0,0,0.0,3652,7304,10,data_hourly_crypto/ETHUSD_1h_2016_2025.csv
ETH,UTC,8,8-8-8,08:00-20:00,20:00-08:00,0,2,Night Cash / Day Long,cash,long,100.0,339.65638240824217,2.396563824082422,0.5252368063899246,-0.5395502621383175,-0.8112506196303753,-0.7497683390908023,-0.6045712243368968,-0.7578186452930589,-0.48673243808191613,-0.3613969053819276,-0.6609103791340553,-0.5988987271882609,-0.24482609334495486,-0.4684175630476697,-0.46216230648363255,0.705482808510569,7303,7303.0,3652,7304,7,data_hourly_crypto/ETHUSD_1h_2016_2025.csv
ETH,UTC,8,8-8-8,08:00-20:00,20:00-08:00,0,3,Night Cash / Day Short,cash,short,100.0,0.19511479176598306,-0.9980488520823402,-0.5252368063899245,-0.5857309411366588,-0.9989283343949349,-0.8684988534516829,-0.9053530376002975,-0.4504190264941106,-0.45174021235684536,-0.8137166384199334,-0.8189255656753864,-0.5227939600781148,-0.3445787143189013,-0.2807547245931121,-0.4005286783782026,0.705482808510569,7303,7303.0,3652,7304,16,data_hourly_crypto/ETHUSD_1h_2016_2025.csv
ETH,UTC,8,8-8-8,08:00-20:00,20:00-08:00,0,4,Night Cash / Day Trend,cash,trend,100.0,0.011825289941868548,-0.9998817471005813,-0.9237599723376951,-0.6741856884269983,-0.9999216669300975,-0.7732996342373488,-0.8561107147178019,-0.6653100501487221,-0.9132305171313607,-0.6589892757287257,-0.5630980906897289,-0.4230879085566115,-0.626994282251544,-0.4898961485299391,-0.7718402622782015,0.704369754389871,7295,7295.0,3652,7304,19,data_hourly_crypto/ETHUSD_1h_2016_2025.csv
ETH,UTC,8,8-8-8,08:00-20:00,20:00-08:00,0,5,Night Cash / Day Reversal,cash,reversal,100.0,5648.598641219549,55.48598641219549,0.923759972337695,-0.4292466298603423,-0.6487140010307375,-0.5506421016706069,-0.46466722933846594,-0.48599808696700875,-0.17893633990914848,-0.38391744817950146,-0.6329729735116708,-0.6245140444840592,-0.21464159882375466,-0.3006991972586036,-0.45547727846060304,0.7043697543898711,7295,7295.0,3652,7304,5,data_hourly_crypto/ETHUSD_1h_2016_2025.csv
ETH,UTC,8,8-8-8,08:00-20:00,20:00-08:00,0,6,Night Long / Day Cash,long,cash,100.0,93613.11600280205,935.1311600280205,1.3975820903760383,-0.40280908646460895,-0.7963021847660949,-0.31083590231649205,-0.31963936467458376,-0.7963021847660949,-0.4614248666609959,-0.4202298298312892,-0.3343996703517319,-0.5085546776631178,-0.15450150877399726,-0.28998991199536206,-0.43221294761242457,0.6298223229954681,7304,7304.0,3652,7304,3,data_hourly_crypto/ETHUSD_1h_2016_2025.csv
ETH,UTC,8,8-8-8,08:00-20:00,20:00-08:00,0,7,Night Long / Day Long,long,long,100.0,317962.9232747494,3178.6292327474944,1.3114415233852361,-0.6213944611894673,-0.9398163840789275,-0.680632603406327,-0.6333664298989279,-0.9398163840789275,-0.651861155514956,-0.6227255197559862,-0.5935184068711579,-0.7605641185582025,-0.2765424632161855,-0.4503920132254948,-0.6045255173685076,0.972963986660499,1,1.0,3652,7304,2,data_hourly_crypto/ETHUSD_1h_2016_2025.csv
ETH,UTC,8,8-8-8,08:00-20:00,20:00-08:00,0,8,Night Long / Day Short,long,short,100.0,182.653036354516,0.82653036354516,0.5262267960158776,-0.5594026532538637,-0.9811793266507173,-0.576812231553355,-0.5028825626018654,-0.7413864566302026,-0.550613168083278,-0.7049282553491372,-0.7990526712285718,-0.6192766094407114,-0.3042200307045969,-0.3405364758279653,-0.45431807111895295,0.9206513774630406,7304,14607.0,3652,7304,8,data_hourly_crypto/ETHUSD_1h_2016_2025.csv
ETH,UTC,8,8-8-8,08:00-20:00,20:00-08:00,0,9,Night Long / Day Trend,long,trend,100.0,11.070022390949132,-0.8892997760905087,0.23501593786399955,-0.6625358793308262,-0.9985033686401807,-0.6246683728672813,-0.7053577017743059,-0.9005576416243767,-0.9015396478232206,-0.5275987017788943,-0.5683995610465421,-0.6652616966156617,-0.5660402934877949,-0.35728026487767184,-0.8086549114125134,0.934699349879975,3679,7349.0,3652,7304,12,data_hourly_crypto/ETHUSD_1h_2016_2025.csv
ETH,UTC,8,8-8-8,08:00-20:00,20:00-08:00,0,10,Night Long / Day Reversal,long,reversal,100.0,5287829.198537597,52877.291985375974,1.6090613564706453,-0.5155757957949216,-0.8190866442703949,-0.5495999381320085,-0.45718490047774685,-0.8190866442703947,-0.39624082798117766,-0.6212082718618608,-0.5826761128164473,-0.7261723427054063,-0.21482541516159892,-0.3913513064722617,-0.39741219807031347,0.9575691734476094,3634,7259.0,3652,7304,1,data_hourly_crypto/ETHUSD_1h_2016_2025.csv
ETH,UTC,8,8-8-8,08:00-20:00,20:00-08:00,0,11,Night Short / Day Cash,short,cash,100.0,0.001927562911890009,-0.9999807243708811,-1.397582090376039,-0.6509956395987095,-0.9999807243708811,-0.9449971511053359,-0.9844277785103649,-0.6165912538408401,-0.6455486433236235,-0.6626518783846995,-0.7554765781006287,-0.2491031377493187,-0.3800762960467047,-0.6168149890742155,-0.6542686898513637,0.6298223229954681,7304,7304.0,3652,7304,22,data_hourly_crypto/ETHUSD_1h_2016_2025.csv
ETH,UTC,8,8-8-8,08:00-20:00,20:00-08:00,0,12,Night Short / Day Long,short,long,100.0,0.006547090455168549,-0.9999345290954483,-0.5812839894175493,-0.7272823220232888,-0.9999347757347355,-0.940047839928814,-0.9563788923666273,-0.7992118950779038,-0.7587837748764604,-0.5616811301235335,-0.838305681377504,-0.5596051950692106,-0.35713352941180443,-0.7230883739695435,-0.7785869080314861,0.9201944453877249,7304,14607.0,3652,7304,20,data_hourly_crypto/ETHUSD_1h_2016_2025.csv
ETH,UTC,8,8-8-8,08:00-20:00,20:00-08:00,0,13,Night Short / Day Short,short,short,100.0,3.76096036169248e-06,-0.9999999623903963,-1.2625317020343831,-0.7778174462081944,-0.9999999730704114,-0.9860944487289623,-0.9984065723636563,-0.5761135043693606,-0.7770815219332861,-0.9110118098611052,-0.9477011164004575,-0.6154862276697515,-0.5886473518129225,-0.619769154547687,-0.7578627543947544,0.9707181983987724,1,1.0,3652,7304,24,data_hourly_crypto/ETHUSD_1h_2016_2025.csv
ETH,UTC,8,8-8-8,08:00-20:00,20:00-08:00,0,14,Night Short / Day Trend,short,trend,100.0,2.2793990314291723e-07,-0.999999997720601,-1.5989964404583157,-0.8320390361247965,-0.9999999980673528,-0.9798946292851303,-0.9967757689970265,-0.7437736608233472,-0.9540428892706239,-0.8694084182181654,-0.8734922601668793,-0.511037096239165,-0.7379927887607701,-0.7807416460697149,-0.8732312034171431,0.9512256409766264,3634,7259.0,3652,7304,25,data_hourly_crypto/ETHUSD_1h_2016_2025.csv
ETH,UTC,8,8-8-8,08:00-20:00,20:00-08:00,0,15,Night Short / Day Reversal,short,reversal,100.0,0.10888029244967015,-0.9989111970755032,-0.25503532260007133,-0.6699343955992907,-0.9993061013190999,-0.9474294372408176,-0.9793849424046147,-0.6317213301939688,-0.3454023399441951,-0.5526474763257163,-0.8608003127829301,-0.6287477594948875,-0.38955706619559016,-0.6410807538683543,-0.7225725375418327,0.9388910564995809,3679,7349.0,3652,7304,17,data_hourly_crypto/ETHUSD_1h_2016_2025.csv
ETH,UTC,8,8-8-8,08:00-20:00,20:00-08:00,0,16,Night Trend / Day Cash,trend,cash,100.0,1.5866618498434144,-0.9841333815015658,-0.3379924968483197,-0.5387718830320589,-0.9954975595020862,-0.793809913576925,-0.8773479959358574,-0.6930497818840902,-0.29492154565999695,-0.3903750248362522,-0.5463102175196866,-0.5597320048968693,-0.5509701850366173,-0.2702121859758372,-0.4109899749984578,0.6312033915500459,7296,7296.0,3652,7304,14,data_hourly_crypto/ETHUSD_1h_2016_2025.csv
ETH,UTC,8,8-8-8,08:00-20:00,20:00-08:00,0,17,Night Trend / Day Long,trend,long,100.0,5.389198240229853,-0.9461080175977015,0.1672430490008549,-0.6806484354218642,-0.9929965757572079,-0.9099875100440785,-0.892418611949129,-0.9163744552216113,-0.5568500972438817,-0.4376828457409405,-0.7315837404620664,-0.7352772757124919,-0.5062921535378532,-0.5000382501791203,-0.6199794141274687,0.9509829465257719,3459,6911.0,3652,7304,13,data_hourly_crypto/ETHUSD_1h_2016_2025.csv
ETH,UTC,8,8-8-8,08:00-20:00,20:00-08:00,0,18,Night Trend / Day Short,trend,short,100.0,0.003095811964352264,-0.9999690418803565,-0.6194224950830086,-0.6883741439096149,-0.9999877819212414,-0.915804710366063,-0.9794248380893947,-0.5968042709237689,-0.5306874953671399,-0.8362630853838577,-0.8651927098470613,-0.7020264324401839,-0.6936160408372809,-0.30364390156629406,-0.46027795427510476,0.9456054838701788,3851,7695.0,3652,7304,21,data_hourly_crypto/ETHUSD_1h_2016_2025.csv
ETH,UTC,8,8-8-8,08:00-20:00,20:00-08:00,0,19,Night Trend / Day Trend,trend,trend,100.0,0.00018762736414099947,-0.9999981237263585,-0.9003763459896122,-0.7804313111858201,-0.9999992825459488,-0.9027972968589318,-0.9616389830607205,-0.8538872862627054,-0.9181031436902726,-0.7154389045690248,-0.7247949063968901,-0.6583856190624322,-0.7955160071241755,-0.49257008525983015,-0.7811808795732184,0.9517473642737546,3691,7369.0,3652,7304,23,data_hourly_crypto/ETHUSD_1h_2016_2025.csv
ETH,UTC,8,8-8-8,08:00-20:00,20:00-08:00,0,20,Night Trend / Day Reversal,trend,reversal,100.0,89.62415969100425,-0.10375840308995743,0.45629615495999915,-0.6324736362997379,-0.9573469842504312,-0.8376777362935368,-0.8710902476829365,-0.7498806356572522,-0.27051078847709886,-0.5145340159857034,-0.75333174324884,-0.7948406095767269,-0.5331424518619955,-0.42899048547049723,-0.5707376487427913,0.942911284294101,3624,7235.0,3652,7304,11,data_hourly_crypto/ETHUSD_1h_2016_2025.csv
ETH,UTC,8,8-8-8,08:00-20:00,20:00-08:00,0,21,Night Reversal / Day Cash,reversal,cash,100.0,114.01917988917222,0.14019179889172229,0.3379924968483193,-0.4607853374122385,-0.8156715693673893,-0.7350502679388113,-0.7410466607456414,-0.5585064269986193,-0.2790797723279045,-0.4180446563180883,-0.5709872995608634,-0.26029075207280516,-0.22170613575032316,-0.39121406421948346,-0.43192733818984475,0.6312033915500459,7296,7296.0,3652,7304,9,data_hourly_crypto/ETHUSD_1h_2016_2025.csv
ETH,UTC,8,8-8-8,08:00-20:00,20:00-08:00,0,22,Night Reversal / Day Long,reversal,long,100.0,387.27342166311,2.8727342166311,0.6160217874875206,-0.6055973967563169,-0.8342924519589853,-0.6722177860547627,-0.8048691270842627,-0.7973238189004511,-0.5444945825441226,-0.5260537277357564,-0.719782605056263,-0.5819307019963356,-0.23353613242054783,-0.5973301675146884,-0.5784353182559778,0.9448461059458478,3851,7695.0,3652,7304,6,data_hourly_crypto/ETHUSD_1h_2016_2025.csv
ETH,UTC,8,8-8-8,08:00-20:00,20:00-08:00,0,23,Night Reversal / Day Short,reversal,short,100.0,0.2224682854140415,-0.9977753171458595,-0.1638561371487688,-0.6662412284026031,-0.9991723553570768,-0.9427211926320862,-0.9498325432268765,-0.5997356502490616,-0.5603046384166449,-0.8383435803788488,-0.8704350621734211,-0.5521512397868801,-0.3413505324880539,-0.41067435151351306,-0.5968634931606456,0.9481595815118802,3459,6911.0,3652,7304,15,data_hourly_crypto/ETHUSD_1h_2016_2025.csv
ETH,UTC,8,8-8-8,08:00-20:00,20:00-08:00,0,24,Night Reversal / Day Trend,reversal,trend,100.0,0.013483098611235237,-0.9998651690138877,-0.47480048633241567,-0.7352807571508221,-0.9999086822909097,-0.893232298102449,-0.92759058444947,-0.6841888970995089,-0.9300447538320487,-0.7232845277123734,-0.6916301019546758,-0.4384166084352481,-0.6135257649477965,-0.6214968143217556,-0.8293972206528952,0.9359854682208741,3624,7235.0,3652,7304,18,data_hourly_crypto/ETHUSD_1h_2016_2025.csv
ETH,UTC,8,8-8-8,08:00-20:00,20:00-08:00,0,25,Night Reversal / Day Reversal,reversal,reversal,100.0,6440.4858459494435,63.404858459494434,0.9116803811907142,-0.5613782959341375,-0.8268665400519557,-0.7442375423799013,-0.7862069421285647,-0.6485017510957327,-0.24758968022823902,-0.43514313418465644,-0.7584661548368924,-0.6523740483174789,-0.23883891595760853,-0.5251865670861355,-0.5772382231261656,0.9554778123358305,3691,7369.0,3652,7304,4,data_hourly_crypto/ETHUSD_1h_2016_2025.csv
ETH,UTC,8,8-8-8,08:00-20:00,20:00-08:00,1,1,Night Cash / Day Cash,cash,cash,100.0,100.0,0.0,0.0,0.0,0.0,0.0,0.0,0.0,0.0,0.0,0.0,0.0,0.0,0.0,0.0,0.0,0,0.0,3652,7304,8,data_hourly_crypto/ETHUSD_1h_2016_2025.csv
ETH,UTC,8,8-8-8,08:00-20:00,20:00-08:00,1,2,Night Cash / Day Long,cash,long,100.0,163.6283911516526,0.636283911516526,0.4217601705255746,-0.5527405404440477,-0.8644595198540589,-0.7582545272143421,-0.6083885304622967,-0.7735818570353015,-0.499255476788551,-0.36515375787254045,-0.6657919458273938,-0.6051471511162485,-0.2644162956097841,-0.4939903081079875,-0.4934255544060324,0.7053415763114492,7303,7303.0,3652,7304,7,data_hourly_crypto/ETHUSD_1h_2016_2025.csv
ETH,UTC,8,8-8-8,08:00-20:00,20:00-08:00,1,3,Night Cash / Day Short,cash,short,100.0,0.09399593565765613,-0.9990600406434235,-0.6287131361023055,-0.597195062430348,-0.9994361218852323,-0.8723727283831854,-0.9118667195804951,-0.45190096769991994,-0.46721902071625054,-0.8268487814171662,-0.823484814233814,-0.5286957078855736,-0.3860070567192212,-0.28641465909118313,-0.4171401685766707,0.705341865775053,7303,7303.0,3652,7304,16,data_hourly_crypto/ETHUSD_1h_2016_2025.csv
ETH,UTC,8,8-8-8,08:00-20:00,20:00-08:00,1,4,Night Cash / Day Trend,cash,trend,100.0,0.005701355628030255,-0.9999429864437197,-1.0272867533619157,-0.6882988227854818,-0.9999602648603761,-0.7794492569016073,-0.8649910643243092,-0.6866247700658488,-0.9188619824701106,-0.6747295833303355,-0.5807768734760834,-0.4390300317597108,-0.6479789927806907,-0.5122943292565925,-0.7782513434895306,0.704228912431261,7295,7295.0,3652,7304,19,data_hourly_crypto/ETHUSD_1h_2016_2025.csv
ETH,UTC,8,8-8-8,08:00-20:00,20:00-08:00,1,5,Night Cash / Day Reversal,cash,reversal,100.0,2723.3725187217565,26.233725187217566,0.8202335774932851,-0.4390352075963649,-0.6975748605640908,-0.5567566304463312,-0.4696229918816557,-0.4942076638170785,-0.18065885045317664,-0.3941210993466069,-0.6463408373773933,-0.6381899995897458,-0.22817931788230983,-0.3072797162530806,-0.47499496891627024,0.704228934729861,7295,7295.0,3652,7304,5,data_hourly_crypto/ETHUSD_1h_2016_2025.csv
ETH,UTC,8,8-8-8,08:00-20:00,20:00-08:00,1,6,Night Long / Day Cash,long,cash,100.0,45093.31365210758,449.93313652107577,1.281658997791878,-0.4147724128081916,-0.8050515036065276,-0.3185800072315693,-0.3220165832018427,-0.8050515036065278,-0.48093705084918403,-0.4234099713707078,-0.34293119453999954,-0.53833128735132,-0.17447034303164144,-0.30049115879822763,-0.4415050281008961,0.6296963648290923,7304,7304.0,3652,7304,3,data_hourly_crypto/ETHUSD_1h_2016_2025.csv
ETH,UTC,8,8-8-8,08:00-20:00,20:00-08:00,1,7,Night Long / Day Long,long,long,100.0,317931.1269824201,3178.311269824201,1.3114312610344008,-0.6213944611894673,-0.9398163840789275,-0.6806326034063274,-0.6333664298989279,-0.9398163840789275,-0.651861155514956,-0.6227255197559862,-0.5935184068711579,-0.7605641185582025,-0.2765424632161855,-0.4503920132254948,-0.6045255173685076,0.9729638592714323,1,1.0,3652,7304,2,data_hourly_crypto/ETHUSD_1h_2016_2025.csv
ETH,UTC,8,8-8-8,08:00-20:00,20:00-08:00,1,8,Night Long / Day Short,long,short,100.0,42.38278613924745,-0.5761721386075255,0.3676069205226935,-0.5843098849544325,-0.9908977793210232,-0.6005813172935041,-0.532770725080838,-0.7640722401990003,-0.5669382370869005,-0.7441466913712906,-0.8074725872982216,-0.6413786409846582,-0.355025526337437,-0.366016631276295,-0.4646962526161793,0.920283528190284,7304,14607.0,3652,7304,11,data_hourly_crypto/ETHUSD_1h_2016_2025.csv
ETH,UTC,8,8-8-8,08:00-20:00,20:00-08:00,1,9,Night Long / Day Trend,long,trend,100.0,5.308277074888279,-0.9469172292511172,0.15656751550014575,-0.6708003662740941,-0.9991185932995706,-0.6325424271676854,-0.7128629861890311,-0.9072997524923107,-0.9086474395198028,-0.533047437955747,-0.5745706857552799,-0.6784525821976761,-0.5852169609013854,-0.36299426222061804,-0.8123691283414045,0.9346804106207505,3679,7349.0,3652,7304,12,data_hourly_crypto/ETHUSD_1h_2016_2025.csv
ETH,UTC,8,8-8-8,08:00-20:00,20:00-08:00,1,10,Night Long / Day Reversal,long,reversal,100.0,2558536.0706805866,25584.360706805866,1.5333005490486196,-0.5212611841329959,-0.826250574409009,-0.5521153802188772,-0.4596763643296612,-0.826250574409009,-0.4059438898787887,-0.6240012631441638,-0.5879019246348842,-0.7344253788578512,-0.22170532352243477,-0.40005390881594216,-0.40053783351834715,0.9573305717745875,3634,7259.0,3652,7304,1,data_hourly_crypto/ETHUSD_1h_2016_2025.csv
ETH,UTC,8,8-8-8,08:00-20:00,20:00-08:00,1,11,Night Short / Day Cash,short,cash,100.0,0.0009285044946845289,-0.9999907149550532,-1.5135051829602004,-0.6670265276093205,-0.9999907149550532,-0.9481485949961433,-0.9855183110117817,-0.626058116971425,-0.6550947454727951,-0.6793299015940668,-0.7704961028951435,-0.2691801739663655,-0.4226244870949041,-0.6414691875611509,-0.6723456545294286,0.6296963648290923,7304,7304.0,3652,7304,22,data_hourly_crypto/ETHUSD_1h_2016_2025.csv
ETH,UTC,8,8-8-8,08:00-20:00,20:00-08:00,1,12,Night Short / Day Long,short,long,100.0,0.0015191859940238913,-0.9999848081400597,-0.7399835020249155,-0.7499666597458603,-0.9999848562857956,-0.9481667225353814,-0.96139704099827,-0.8151636848962349,-0.7788403033642778,-0.5931114895056248,-0.8436801466400143,-0.5825911288327944,-0.4131742571550341,-0.7597582113167349,-0.8037836122142362,0.9198260620365598,7304,14607.0,3652,7304,20,data_hourly_crypto/ETHUSD_1h_2016_2025.csv
ETH,UTC,8,8-8-8,08:00-20:00,20:00-08:00,1,13,Night Short / Day Short,short,short,100.0,3.760584265656333e-06,-0.9999999623941573,-1.2625416610038531,-0.7778174462081944,-0.9999999730704114,-0.9860944487289623,-0.9984065723636563,-0.5761135043693606,-0.7770815219332861,-0.9110118098611052,-0.9477011164004575,-0.6154862276697515,-0.5886473518129225,-0.619769154547687,-0.7578627543947544,0.9707183291701336,1,1.0,3652,7304,24,data_hourly_crypto/ETHUSD_1h_2016_2025.csv
ETH,UTC,8,8-8-8,08:00-20:00,20:00-08:00,1,14,Night Short / Day Trend,short,trend,100.0,1.102895805144166e-07,-0.9999999988971042,-1.675077910862873,-0.8390817976201113,-0.9999999990509373,-0.981237126693041,-0.9970195132321926,-0.7497003372741833,-0.9563281606712266,-0.8764965394905447,-0.8798310883580829,-0.5197605542044,-0.7564582293414841,-0.7951569795443578,-0.8788294473915996,0.9511147285017302,3634,7259.0,3652,7304,25,data_hourly_crypto/ETHUSD_1h_2016_2025.csv
ETH,UTC,8,8-8-8,08:00-20:00,20:00-08:00,1,15,Night Short / Day Reversal,short,reversal,100.0,0.052210080513501365,-0.999477899194865,-0.33351262600284987,-0.6794273449229031,-0.999621346839363,-0.9500835229810102,-0.9804921634483968,-0.6409587206409734,-0.3526936553006521,-0.5683809601922016,-0.8685398478618089,-0.6350063249133567,-0.398285323009252,-0.6622549431388545,-0.7375779877425246,0.938523902039848,3679,7349.0,3652,7304,17,data_hourly_crypto/ETHUSD_1h_2016_2025.csv
ETH,UTC,8,8-8-8,08:00-20:00,20:00-08:00,1,16,Night Trend / Day Cash,trend,cash,100.0,0.7649046154051166,-0.9923509538459488,-0.4535351965819837,-0.5541803530238797,-0.9976436018103306,-0.8011209824525023,-0.8821221256792038,-0.7135448087974026,-0.3264199845451673,-0.39468824776324285,-0.5567837353683704,-0.5836589167980961,-0.5787958405993787,-0.2811497424707142,-0.4235191457647183,0.631077243898437,7296,7296.0,3652,7304,14,data_hourly_crypto/ETHUSD_1h_2016_2025.csv
ETH,UTC,8,8-8-8,08:00-20:00,20:00-08:00,1,17,Night Trend / Day Long,trend,long,100.0,2.6999345720810535,-0.9730006542791895,0.09480377682377719,-0.6926977262793501,-0.9964536064421265,-0.9148731167773663,-0.8960984123239834,-0.9219037381506996,-0.5764364452232502,-0.445390289548539,-0.7339356750557713,-0.7530841568752324,-0.5361609126917815,-0.5227087199493323,-0.6263857961975464,0.9510484073881933,3459,6911.0,3652,7304,13,data_hourly_crypto/ETHUSD_1h_2016_2025.csv
ETH,UTC,8,8-8-8,08:00-20:00,20:00-08:00,1,18,Night Trend / Day Short,trend,short,100.0,0.001434007960762417,-0.9999856599203923,-0.7010193208368825,-0.6999033408982669,-0.9999934992368024,-0.9193164481103938,-0.9810675705668799,-0.6012575454782454,-0.5472838777939664,-0.8487862898709683,-0.8750593684029373,-0.7094422758433443,-0.7130716528705535,-0.3080867924826656,-0.4956615875627154,0.9452682931725822,3851,7695.0,3652,7304,21,data_hourly_crypto/ETHUSD_1h_2016_2025.csv
ETH,UTC,8,8-8-8,08:00-20:00,20:00-08:00,1,19,Night Trend / Day Trend,trend,trend,100.0,8.979095580882296e-05,-0.999999102090442,-0.977540990669191,-0.7894212553247213,-0.9999996367683095,-0.9052732945625415,-0.9637283596146164,-0.8634662884963351,-0.9235028270906533,-0.7289934212154843,-0.7371162198319168,-0.6698724353419105,-0.8101029094036414,-0.5054956133014896,-0.7866611843886235,0.9516772270518452,3691,7369.0,3652,7304,23,data_hourly_crypto/ETHUSD_1h_2016_2025.csv
ETH,UTC,8,8-8-8,08:00-20:00,20:00-08:00,1,20,Night Trend / Day Reversal,trend,reversal,100.0,43.46919943809641,-0.5653080056190358,0.3795253606339402,-0.6397098124417064,-0.9735450161721992,-0.8437308437861032,-0.875200389534571,-0.7669317800152577,-0.2715314608065088,-0.5216667136717297,-0.7549055359674532,-0.8028858129018589,-0.5388040740054564,-0.435689465939459,-0.5857520477886664,0.9425957935533139,3624,7235.0,3652,7304,10,data_hourly_crypto/ETHUSD_1h_2016_2025.csv
ETH,UTC,8,8-8-8,08:00-20:00,20:00-08:00,1,21,Night Reversal / Day Cash,reversal,cash,100.0,54.966845613979245,-0.4503315438602076,0.2224497564380351,-0.4768093109419079,-0.8352855299732937,-0.7379750933950329,-0.7500273545015015,-0.5762848524625979,-0.31240548665576984,-0.4320164252338897,-0.5841249027681116,-0.26302275556920307,-0.2302432739125928,-0.42729906642151416,-0.4546938984988663,0.6310770957853324,7296,7296.0,3652,7304,9,data_hourly_crypto/ETHUSD_1h_2016_2025.csv
ETH,UTC,8,8-8-8,08:00-20:00,20:00-08:00,1,22,Night Reversal / Day Long,reversal,long,100.0,179.388533945663,0.7938853394566301,0.5346780581436532,-0.6164702214011653,-0.854727496365374,-0.6820969838606569,-0.8086568302172937,-0.8104973862099151,-0.5540687179791628,-0.5276625693701976,-0.7246166926157755,-0.5916825877399415,-0.23659616974968456,-0.6174299280054867,-0.6113943482635373,0.9448273763224211,3851,7695.0,3652,7304,6,data_hourly_crypto/ETHUSD_1h_2016_2025.csv
ETH,UTC,8,8-8-8,08:00-20:00,20:00-08:00,1,23,Night Reversal / Day Short,reversal,short,100.0,0.11145439232447722,-0.9988854560767553,-0.23697366314142726,-0.6741896188899735,-0.9994477816930715,-0.9442248711220409,-0.9511788400376838,-0.6148929518859757,-0.5716761763869314,-0.84845740271714,-0.8781517930139866,-0.5568738349425009,-0.35320680005523475,-0.4194946875265897,-0.6037388312116517,0.9477864894492415,3459,6911.0,3652,7304,15,data_hourly_crypto/ETHUSD_1h_2016_2025.csv
ETH,UTC,8,8-8-8,08:00-20:00,20:00-08:00,1,24,Night Reversal / Day Trend,reversal,trend,100.0,0.006539525777379564,-0.9999346047422262,-0.551873004500617,-0.7448133698564037,-0.9999549634624751,-0.8968842644385602,-0.9305690905545496,-0.7020462007416236,-0.9346701628438722,-0.7313560647444657,-0.6974949081738557,-0.4455597763755249,-0.63494081072752,-0.637283974627002,-0.8373284453370639,0.9359199345000575,3624,7235.0,3652,7304,18,data_hourly_crypto/ETHUSD_1h_2016_2025.csv
ETH,UTC,8,8-8-8,08:00-20:00,20:00-08:00,1,25,Night Reversal / Day Reversal,reversal,reversal,100.0,3082.1590583472434,29.821590583472435,0.8345622087550053,-0.5692466947677179,-0.8393456294058521,-0.7463264272938177,-0.7915694280517886,-0.6566321267666553,-0.24804103613688278,-0.449861687513497,-0.7650059744928059,-0.6573157987071857,-0.23975185268357624,-0.5541798349960245,-0.5837827810349463,0.955193931159725,3691,7369.0,3652,7304,4,data_hourly_crypto/ETHUSD_1h_2016_2025.csv
ETH,UTC,8,8-8-8,08:00-20:00,20:00-08:00,2,1,Night Cash / Day Cash,cash,cash,100.0,100.0,0.0,0.0,0.0,0.0,0.0,0.0,0.0,0.0,0.0,0.0,0.0,0.0,0.0,0.0,0.0,0,0.0,3652,7304,6,data_hourly_crypto/ETHUSD_1h_2016_2025.csv
ETH,UTC,8,8-8-8,08:00-20:00,20:00-08:00,2,2,Night Cash / Day Long,cash,long,100.0,78.82170374024012,-0.21178296259759877,0.31825243998347313,-0.5664581587616205,-0.9028462943284182,-0.7664537263629064,-0.6126261292609136,-0.7883204904723864,-0.5114741770826869,-0.3688888815213983,-0.6706037147390802,-0.6112988464156585,-0.2912103664683996,-0.5183352045989775,-0.5253700506937984,0.7052003596413879,7303,7303.0,3652,7304,8,data_hourly_crypto/ETHUSD_1h_2016_2025.csv
ETH,UTC,8,8-8-8,08:00-20:00,20:00-08:00,2,3,Night Cash / Day Short,cash,short,100.0,0.04527893809288737,-0.9995472106190711,-0.7322204733402901,-0.6095408097344406,-0.9997204355438912,-0.876132853781441,-0.9179327098557889,-0.45337906047895116,-0.4857008380811202,-0.8390563438637177,-0.8279297049603624,-0.5411148617712866,-0.42883816782790585,-0.29203061345048364,-0.4332929432733468,0.7052009385628238,7303,7303.0,3652,7304,16,data_hourly_crypto/ETHUSD_1h_2016_2025.csv
ETH,UTC,8,8-8-8,08:00-20:00,20:00-08:00,2,4,Night Cash / Day Trend,cash,trend,100.0,0.0027486078139499974,-0.9999725139218605,-1.1308445777990175,-0.7022296909605179,-0.9999798453686749,-0.7854326510510655,-0.8733241565203393,-0.706583993722434,-0.9241284667387802,-0.6900070139631274,-0.598785292698354,-0.45805625977120146,-0.6677850606675497,-0.533711120977735,-0.7844828934945928,0.7040881000996327,7295,7295.0,3652,7304,19,data_hourly_crypto/ETHUSD_1h_2016_2025.csv
ETH,UTC,8,8-8-8,08:00-20:00,20:00-08:00,2,5,Night Cash / Day Reversal,cash,reversal,100.0,1312.9303754449943,12.129303754449943,0.7166761049963917,-0.4511026693897766,-0.7467677264657301,-0.5627885563524655,-0.4745333659810216,-0.5022869197702373,-0.1823779190750452,-0.4041567513783989,-0.6592230812424394,-0.6519578763349925,-0.24157067237385033,-0.3383166296429234,-0.4938149217463924,0.7040881447775588,7295,7295.0,3652,7304,5,data_hourly_crypto/ETHUSD_1h_2016_2025.csv
ETH,UTC,8,8-8-8,08:00-20:00,20:00-08:00,2,6,Night Long / Day Cash,long,cash,100.0,21719.80250866442,216.19802508664418,1.1657011195836533,-0.42647564671699956,-0.8277449465380754,-0.3262378535038196,-0.32438573210549637,-0.8134258370525723,-0.4997441691551243,-0.4269913481456771,-0.35135420037744414,-0.5663064471742421,-0.1947611098725216,-0.3108381162956786,-0.45071165348741926,0.6295704192591628,7304,7304.0,3652,7304,3,data_hourly_crypto/ETHUSD_1h_2016_2025.csv
ETH,UTC,8,8-8-8,08:00-20:00,20:00-08:00,2,7,Night Long / Day Long,long,long,100.0,317899.3306900948,3177.993306900948,1.3114209972523803,-0.6213944611894673,-0.9398163840789275,-0.6806326034063269,-0.6333664298989279,-0.9398163840789275,-0.651861155514956,-0.6227255197559862,-0.5935184068711579,-0.7605641185582025,-0.2765424632161855,-0.4503920132254948,-0.6045255173685076,0.9729637329421906,1,1.0,3652,7304,2,data_hourly_crypto/ETHUSD_1h_2016_2025.csv
ETH,UTC,8,8-8-8,08:00-20:00,20:00-08:00,2,8,Night Long / Day Short,long,short,100.0,9.831622349204446,-0.9016837765079555,0.2088919521976795,-0.6083773327434832,-0.99581676369822,-0.6230197301651446,-0.5608673707805104,-0.7847719621823375,-0.5826733477416514,-0.7781588747238282,-0.8155412791460726,-0.6622016310061007,-0.41114296348777923,-0.39051709672505175,-0.4748790714763559,0.9199157535819485,7304,14607.0,3652,7304,11,data_hourly_crypto/ETHUSD_1h_2016_2025.csv
ETH,UTC,8,8-8-8,08:00-20:00,20:00-08:00,2,9,Night Long / Day Trend,long,trend,100.0,2.545041384695097,-0.974549586153049,0.0781225926441411,-0.680086468430314,-0.9994809707266316,-0.6402528110107106,-0.7201785308911139,-0.9135859674841734,-0.9152671178990276,-0.5384343989839848,-0.5806547824689869,-0.6911261446835315,-0.6035531350216927,-0.3815737075676404,-0.8162380882922767,0.9346686503183984,3679,7349.0,3652,7304,12,data_hourly_crypto/ETHUSD_1h_2016_2025.csv
ETH,UTC,8,8-8-8,08:00-20:00,20:00-08:00,2,10,Night Long / Day Reversal,long,reversal,100.0,1237777.6387279704,12376.776387279704,1.457498077760899,-0.5270828590616405,-0.8331321712052643,-0.5546172728262373,-0.4621568876400943,-0.8331321712052647,-0.4154929076571442,-0.6267742131185493,-0.5930633237016727,-0.7424312493582028,-0.2285263066361839,-0.41098638178798197,-0.4036478766850743,0.9570991191062349,3634,7259.0,3652,7304,1,data_hourly_crypto/ETHUSD_1h_2016_2025.csv
ETH,UTC,8,8-8-8,08:00-20:00,20:00-08:00,2,11,Night Short / Day Cash,short,cash,100.0,0.00044722670878751366,-0.9999955277329121,-1.6294630611684242,-0.6823780702110985,-0.9999955277329121,-0.95111976217188,-0.9865325706271386,-0.6352921428295006,-0.6659926023976184,-0.69518493219489,-0.7846616625623715,-0.2887223302134224,-0.46225622588132387,-0.6645393613662964,-0.6894791118665443,0.6295704192591629,7304,7304.0,3652,7304,21,data_hourly_crypto/ETHUSD_1h_2016_2025.csv
ETH,UTC,8,8-8-8,08:00-20:00,20:00-08:00,2,12,Night Short / Day Long,short,long,100.0,0.00035240870957307203,-0.9999964759129043,-0.8987784012645501,-0.7708787974082171,-0.9999964849723534,-0.95518742838238,-0.9658387397706549,-0.8328251081805775,-0.7972327029286868,-0.6222937069885265,-0.8488769951198023,-0.6043815792247056,-0.4643395097479125,-0.791695057509702,-0.8261171462292238,0.9194577534512237,7304,14607.0,3652,7304,22,data_hourly_crypto/ETHUSD_1h_2016_2025.csv
ETH,UTC,8,8-8-8,08:00-20:00,20:00-08:00,2,13,Night Short / Day Short,short,short,100.0,3.7602081696201174e-06,-0.9999999623979183,-1.2625516186746042,-0.7778174462081944,-0.9999999730704114,-0.9860944487289622,-0.9984065723636563,-0.5761135043693606,-0.7770815219332861,-0.9110118098611052,-0.9477011164004575,-0.6154862276697515,-0.5886473518129225,-0.619769154547687,-0.7578627543947544,0.9707184609379574,1,1.0,3652,7304,24,data_hourly_crypto/ETHUSD_1h_2016_2025.csv
ETH,UTC,8,8-8-8,08:00-20:00,20:00-08:00,2,14,Night Short / Day Trend,short,trend,100.0,5.3356283739677774e-08,-0.9999999994664371,-1.7511572315345403,-0.8457872659086011,-0.9999999995340112,-0.9824902226296952,-0.9972448741978645,-0.7554910707318097,-0.9585002177320788,-0.8832012426997023,-0.8858534755534901,-0.5283300779553353,-0.7739251489870953,-0.8086271679607134,-0.8842091606382267,0.9510108452446276,3634,7259.0,3652,7304,25,data_hourly_crypto/ETHUSD_1h_2016_2025.csv
ETH,UTC,8,8-8-8,08:00-20:00,20:00-08:00,2,15,Night Short / Day Reversal,short,reversal,100.0,0.025032004496095498,-0.999749679955039,-0.41204086707222765,-0.6886824366728379,-0.9998014527608476,-0.9526041044010521,-0.9815401195266245,-0.6500148487358155,-0.35990518984520414,-0.5835640769535004,-0.8758504838318859,-0.642496624219047,-0.4068904899930281,-0.6821838421739485,-0.7517745870482722,0.938163965628693,3679,7349.0,3652,7304,17,data_hourly_crypto/ETHUSD_1h_2016_2025.csv
ETH,UTC,8,8-8-8,08:00-20:00,20:00-08:00,2,16,Night Trend / Day Cash,trend,cash,100.0,0.36872152461195956,-0.9963127847538804,-0.5691125131854681,-0.5705198320805116,-0.9988435817754145,-0.8081735087624015,-0.8867108761445073,-0.7326732329816271,-0.3565142140388643,-0.39897138056077064,-0.568549064462786,-0.6063758895403013,-0.6060958507179468,-0.2919244438201598,-0.4492098597757519,0.6309511341847741,7296,7296.0,3652,7304,14,data_hourly_crypto/ETHUSD_1h_2016_2025.csv
ETH,UTC,8,8-8-8,08:00-20:00,20:00-08:00,2,17,Night Trend / Day Long,trend,long,100.0,1.3524533651720971,-0.986475466348279,0.022388594259442847,-0.7044188769210658,-0.9982044217867563,-0.9194944414715244,-0.8996530445421402,-0.9270684255211098,-0.5951607766430695,-0.452993601022015,-0.7362674657289763,-0.7702421436749258,-0.5642280867760271,-0.5443554407726652,-0.6347253430582049,0.9511291210922452,3459,6911.0,3652,7304,13,data_hourly_crypto/ETHUSD_1h_2016_2025.csv
ETH,UTC,8,8-8-8,08:00-20:00,20:00-08:00,2,18,Night Trend / Day Short,trend,short,100.0,0.0006641431780256291,-0.9999933585682197,-0.7826453340351557,-0.711458930721484,-0.9999965605041506,-0.9226823691845744,-0.9825794363577454,-0.612037956606558,-0.5632965049016553,-0.8605829546337517,-0.8842056387412608,-0.716674985323805,-0.7312953457336265,-0.3125022172179367,-0.528731898513926,0.9449465233125496,3851,7695.0,3652,7304,20,data_hourly_crypto/ETHUSD_1h_2016_2025.csv
ETH,UTC,8,8-8-8,08:00-20:00,20:00-08:00,2,19,Night Trend / Day Trend,trend,trend,100.0,4.2964032479427985e-05,-0.9999995703596752,-1.0547020520037855,-0.798129178859766,-0.9999998173354344,-0.9076866952012926,-0.965704318785538,-0.8724190317009002,-0.9285474696268244,-0.7419048147429751,-0.7488881921039996,-0.6809751893340938,-0.8236518634108304,-0.5180943829668199,-0.7934198307243859,0.9516141078056594,3691,7369.0,3652,7304,23,data_hourly_crypto/ETHUSD_1h_2016_2025.csv
ETH,UTC,8,8-8-8,08:00-20:00,20:00-08:00,2,20,Night Trend / Day Reversal,trend,reversal,100.0,21.08023150768688,-0.7891976849231312,0.3027078868733646,-0.646685022044794,-0.9842050539755601,-0.8495593585560519,-0.8791802649654243,-0.7828235810590825,-0.272550908819014,-0.5286960099828919,-0.7564695994182011,-0.8106170440453825,-0.544398149278826,-0.4423111718535927,-0.6002441324694735,0.9422875089796542,3624,7235.0,3652,7304,10,data_hourly_crypto/ETHUSD_1h_2016_2025.csv
ETH,UTC,8,8-8-8,08:00-20:00,20:00-08:00,2,21,Night Reversal / Day Cash,reversal,cash,100.0,26.49671437420036,-0.7350328562579964,0.10687231775588489,-0.49395972937861704,-0.8560334616788685,-0.7408679188965697,-0.7599984484963015,-0.5933490333751881,-0.360242961223988,-0.44565410281105544,-0.5968614487803713,-0.2657449405553649,-0.23907978238013294,-0.4612484690373726,-0.4765501882298263,0.6309508379733949,7296,7296.0,3652,7304,9,data_hourly_crypto/ETHUSD_1h_2016_2025.csv
ETH,UTC,8,8-8-8,08:00-20:00,20:00-08:00,2,22,Night Reversal / Day Long,reversal,long,100.0,83.08159668283061,-0.16918403317169395,0.45333995285063833,-0.6273555066376872,-0.8726673227969413,-0.6951493487335494,-0.8123717456985942,-0.8228170789409108,-0.5654163150053899,-0.5292662699135635,-0.7293683285193694,-0.6012088840181011,-0.23964459868586796,-0.636530107642868,-0.6417823892186595,0.9448241009197744,3851,7695.0,3652,7304,7,data_hourly_crypto/ETHUSD_1h_2016_2025.csv
ETH,UTC,8,8-8-8,08:00-20:00,20:00-08:00,2,23,Night Reversal / Day Short,reversal,short,100.0,0.05582982251539047,-0.9994417017748461,-0.3101291195784479,-0.6830454637583522,-0.999717384325043,-0.9456893631313646,-0.9524892661108713,-0.6294791349460824,-0.5827558073514285,-0.8579403031540886,-0.8854103324406909,-0.5615475599081696,-0.36652510348399747,-0.43811951361546386,-0.6104982534413657,0.9474288165799476,3459,6911.0,3652,7304,15,data_hourly_crypto/ETHUSD_1h_2016_2025.csv
ETH,UTC,8,8-8-8,08:00-20:00,20:00-08:00,2,24,Night Reversal / Day Trend,reversal,trend,100.0,0.0031713194427232193,-0.9999682868055728,-0.6289444687291991,-0.7546256783307557,-0.9999777917869113,-0.9004120054759513,-0.9334256362002316,-0.7188970498135596,-0.9389905768673025,-0.7391937070253355,-0.7032493131624272,-0.45478414917118404,-0.6551731532700558,-0.6572387631333858,-0.8448924291881252,0.9358615751768525,3624,7235.0,3652,7304,18,data_hourly_crypto/ETHUSD_1h_2016_2025.csv
ETH,UTC,8,8-8-8,08:00-20:00,20:00-08:00,2,25,Night Reversal / Day Reversal,reversal,reversal,100.0,1474.780847322071,13.74780847322071,0.7573997597262558,-0.5776967214318975,-0.8509274747837619,-0.7483986644807002,-0.796798437494455,-0.6645760121484916,-0.25049818927089995,-0.4641995476322799,-0.7719531506055815,-0.6682440513744083,-0.2406638767467022,-0.5814079795566096,-0.5902273050088478,0.9549171941533846,3691,7369.0,3652,7304,4,data_hourly_crypto/ETHUSD_1h_2016_2025.csv
ETH,UTC,9,9-9-9,09:00-21:00,21:00-09:00,0,1,Night Cash / Day Cash,cash,cash,100.0,100.0,0.0,0.0,0.0,0.0,0.0,0.0,0.0,0.0,0.0,0.0,0.0,0.0,0.0,0.0,0.0,0,0.0,3652,7304,8,data_hourly_crypto/ETHUSD_1h_2016_2025.csv
ETH,UTC,9,9-9-9,09:00-21:00,21:00-09:00,0,2,Night Cash / Day Long,cash,long,100.0,1516.2431518147605,14.162431518147605,0.7351860411947635,-0.5124342328808693,-0.8306370147983598,-0.48879916818665303,-0.5824757575161674,-0.8157663833947809,-0.43094890327011104,-0.46057179574594753,-0.5268121728848959,-0.4917304637734533,-0.2763666022974778,-0.4995376145653493,-0.5513334671738579,0.7049856731555124,7303,7303.0,3652,7304,4,data_hourly_crypto/ETHUSD_1h_2016_2025.csv
ETH,UTC,9,9-9-9,09:00-21:00,21:00-09:00,0,3,Night Cash / Day Short,cash,short,100.0,0.043893882304272325,-0.9995610611769573,-0.7351860411947639,-0.5923816700984715,-0.9997892066749101,-0.8561261500551418,-0.9490228006613932,-0.4203638513607356,-0.45164446578761586,-0.8540081630998169,-0.7846932657973729,-0.6106917823772199,-0.3361904774565869,-0.2623119563888481,-0.39876378799998524,0.7049856731555124,7303,7303.0,3652,7304,18,data_hourly_crypto/ETHUSD_1h_2016_2025.csv
ETH,UTC,9,9-9-9,09:00-21:00,21:00-09:00,0,4,Night Cash / Day Trend,cash,trend,100.0,0.4418523856948233,-0.9955814761430518,-0.41266940658184076,-0.6399677648608675,-0.9967057791680203,-0.8891618140883086,-0.5608907796637874,-0.5983486765832455,-0.7754640023070878,-0.6065133329891212,-0.4635219083833071,-0.6000924380331247,-0.4762180977810476,-0.6652977618403453,-0.7641688369392994,0.7052971675817784,7297,7297.0,3652,7304,15,data_hourly_crypto/ETHUSD_1h_2016_2025.csv
ETH,UTC,9,9-9-9,09:00-21:00,21:00-09:00,0,5,Night Cash / Day Reversal,cash,reversal,100.0,150.72207749374112,0.5072207749374114,0.4126694065818405,-0.5014446068407468,-0.9686457362697956,-0.4138115611430391,-0.8984027094591319,-0.5725392969332046,-0.26319586247060056,-0.6392148781203,-0.765447050608465,-0.46712754938913204,-0.26688776988672414,-0.4360745382872122,-0.29174485210965884,0.7052971675817784,7297,7297.0,3652,7304,6,data_hourly_crypto/ETHUSD_1h_2016_2025.csv
ETH,UTC,9,9-9-9,09:00-21:00,21:00-09:00,0,6,Night Long / Day Cash,long,cash,100.0,21070.75808237868,209.7075808237868,1.1638672611176157,-0.4027238902691897,-0.7516993407413113,-0.42403662032405454,-0.2834532967211594,-0.7249881738438047,-0.46810949777201327,-0.31871131273991304,-0.30100712340799296,-0.6910572530712722,-0.17382590861555436,-0.25210402680758726,-0.389945689388545,0.6288950371865958,7304,7304.0,3652,7304,3,data_hourly_crypto/ETHUSD_1h_2016_2025.csv
ETH,UTC,9,9-9-9,09:00-21:00,21:00-09:00,0,7,Night Long / Day Long,long,long,100.0,319483.9264595206,3193.839264595206,1.3134363226800532,-0.6198922009202502,-0.9411516290462218,-0.6800975609756104,-0.6208628690907237,-0.9411516290462218,-0.639194248024243,-0.6145331880951541,-0.5979620463002668,-0.7637338483035815,-0.2765477452019307,-0.466533016837416,-0.598305857327354,0.9687619927535536,1,1.0,3652,7304,1,data_hourly_crypto/ETHUSD_1h_2016_2025.csv
ETH,UTC,9,9-9-9,09:00-21:00,21:00-09:00,0,8,Night Long / Day Short,long,short,100.0,9.248773753297284,-0.9075122624670271,0.20753873963084613,-0.6013377510687528,-0.9960307697617952,-0.7322642685039491,-0.7807855101858723,-0.5881838110481196,-0.5067970419294405,-0.8217890671965361,-0.6926259378436748,-0.8279833037633824,-0.3318688633100553,-0.2717894124583542,-0.4592902944481433,0.9226879759790144,7304,14607.0,3652,7304,13,data_hourly_crypto/ETHUSD_1h_2016_2025.csv
ETH,UTC,9,9-9-9,09:00-21:00,21:00-09:00,0,9,Night Long / Day Trend,long,trend,100.0,93.10164727097558,-0.06898352729024426,0.47520111878023846,-0.6542347191208074,-0.9892912187913461,-0.8121136093306494,-0.5905448109963005,-0.8327578182536511,-0.7551766833840728,-0.44077093274703594,-0.5529558679623761,-0.8739631255433278,-0.3782026174248815,-0.5486954378766142,-0.7571662876891647,0.9547400095265718,3632,7257.0,3652,7304,9,data_hourly_crypto/ETHUSD_1h_2016_2025.csv
ETH,UTC,9,9-9-9,09:00-21:00,21:00-09:00,0,10,Night Long / Day Reversal,long,reversal,100.0,31758.28432544136,316.5828432544136,1.0772716738125396,-0.5573067673960184,-0.862665334852835,-0.517660224153212,-0.7359128438575427,-0.8259301935449781,-0.4439944993083228,-0.7130697816744784,-0.6237352213799863,-0.7251619479130467,-0.2512458420515422,-0.44292105979506513,-0.2934360602820092,0.9377459677141353,3679,7351.0,3652,7304,2,data_hourly_crypto/ETHUSD_1h_2016_2025.csv
ETH,UTC,9,9-9-9,09:00-21:00,21:00-09:00,0,11,Night Short / Day Cash,short,cash,100.0,0.008713567304114192,-0.9999128643269588,-1.1638672611176153,-0.6363441949151261,-0.9999128643269588,-0.9321856023318292,-0.9667426287232781,-0.561673869917212,-0.6177019512236054,-0.5649100015751882,-0.7635973831608275,-0.19573427981174973,-0.4340380512349451,-0.647358950434283,-0.6794992307383423,0.6288950371865958,7304,7304.0,3652,7304,22,data_hourly_crypto/ETHUSD_1h_2016_2025.csv
ETH,UTC,9,9-9-9,09:00-21:00,21:00-09:00,0,12,Night Short / Day Long,short,long,100.0,0.13211886752740012,-0.998678811324726,-0.2553018628144319,-0.7090462455877964,-0.9986813189653034,-0.8613071784593085,-0.9101601345372823,-0.8377245943163757,-0.6652284726680289,-0.4874540036868136,-0.7235923406956597,-0.4964006401404215,-0.5017954115817216,-0.7684043546490305,-0.8383953251433209,0.9236749564705645,7304,14607.0,3652,7304,16,data_hourly_crypto/ETHUSD_1h_2016_2025.csv
ETH,UTC,9,9-9-9,09:00-21:00,21:00-09:00,0,13,Night Short / Day Short,short,short,100.0,3.824722976971452e-06,-0.9999999617527703,-1.2700211436439468,-0.778621834472318,-0.9999999723003167,-0.9871911363431727,-0.9982307733369333,-0.5822841552326438,-0.762747681183715,-0.9134361657047214,-0.9436532974453978,-0.6250626564900564,-0.5898845405499099,-0.6282335298118953,-0.7554944086247346,0.9669797688375897,1,1.0,3652,7304,25,data_hourly_crypto/ETHUSD_1h_2016_2025.csv
ETH,UTC,9,9-9-9,09:00-21:00,21:00-09:00,0,14,Night Short / Day Trend,short,trend,100.0,3.8501105012353e-05,-0.9999996149889498,-1.1188803820306878,-0.7876230751737874,-0.9999996557738617,-0.9900324039767776,-0.9261895221646297,-0.712887935839711,-0.8743827088252405,-0.7832699726088608,-0.6921473025122129,-0.5113473266748465,-0.6702535629256128,-0.8359706939868355,-0.8797493222231475,0.9257492262139994,3679,7351.0,3652,7304,24,data_hourly_crypto/ETHUSD_1h_2016_2025.csv
ETH,UTC,9,9-9-9,09:00-21:00,21:00-09:00,0,15,Night Short / Day Reversal,short,reversal,100.0,0.013133269664576189,-0.9998686673033542,-0.4434567961757444,-0.6932476809942323,-0.9999561044419729,-0.8407020567591676,-0.9959331200738253,-0.6602541552369334,-0.40992244687124313,-0.7763439824230386,-0.9251254876175072,-0.49820369538528586,-0.4732928332878571,-0.6636363673160325,-0.6890626649714316,0.9653658365877388,3632,7257.0,3652,7304,20,data_hourly_crypto/ETHUSD_1h_2016_2025.csv
ETH,UTC,9,9-9-9,09:00-21:00,21:00-09:00,0,16,Night Trend / Day Cash,trend,cash,100.0,6.69914876143608,-0.9330085123856392,-0.11421267603242735,-0.5596288892087078,-0.9879405021796447,-0.7606910340951912,-0.8425476279058843,-0.46595456488153064,-0.46598680003415405,-0.632728132780614,-0.6384376376737886,-0.6626468196069845,-0.572494303531944,-0.20705318862912692,-0.34774878294786016,0.6299563762010117,7296,7296.0,3652,7304,14,data_hourly_crypto/ETHUSD_1h_2016_2025.csv
ETH,UTC,9,9-9-9,09:00-21:00,21:00-09:00,0,17,Night Trend / Day Long,trend,long,100.0,101.57538432515827,0.01575384325158269,0.4690265768178516,-0.6784408997940053,-0.9730022958341803,-0.7386551695975057,-0.8364652371673342,-0.8670398154739232,-0.6714238703988603,-0.5811902670637721,-0.7446569006130495,-0.7605378266468289,-0.551385914225822,-0.38950478620634343,-0.6435492105466138,0.9513650372571081,3521,7035.0,3652,7304,7,data_hourly_crypto/ETHUSD_1h_2016_2025.csv
ETH,UTC,9,9-9-9,09:00-21:00,21:00-09:00,0,18,Night Trend / Day Short,trend,short,100.0,0.0029405164727328774,-0.9999705948352726,-0.621209897285099,-0.7005062565843584,-0.9999942301099526,-0.927702109744987,-0.9754397141140904,-0.5646177082065057,-0.5391988947961823,-0.928347493441539,-0.8180636928275369,-0.8098677251424016,-0.6983210281171115,-0.3189042060872983,-0.42459999336593135,0.9499421955881654,3789,7571.0,3652,7304,23,data_hourly_crypto/ETHUSD_1h_2016_2025.csv
ETH,UTC,9,9-9-9,09:00-21:00,21:00-09:00,0,19,Night Trend / Day Trend,trend,trend,100.0,0.029600348623651202,-0.9997039965137635,-0.3872218671746707,-0.7549533515516799,-0.99982350827144,-0.9366662578154015,-0.874051787926854,-0.673953597246013,-0.8167330134520052,-0.7402517959724497,-0.5979817716296076,-0.8597785490641675,-0.6981335859838953,-0.5643720814961369,-0.7876110749302685,0.942954993136187,3695,7379.0,3652,7304,19,data_hourly_crypto/ETHUSD_1h_2016_2025.csv
ETH,UTC,9,9-9-9,09:00-21:00,21:00-09:00,0,20,Night Trend / Day Reversal,trend,reversal,100.0,10.097096187632726,-0.8990290381236727,0.23075460465430775,-0.6418359397778023,-0.998383116295216,-0.7274928961069662,-0.9397019760455083,-0.6370609062591936,-0.49138032256926023,-0.83251444415628,-0.8090506177139801,-0.5765046732164631,-0.601541749646519,-0.3313073003843383,-0.4718045116795134,0.9587448381196432,3618,7225.0,3652,7304,12,data_hourly_crypto/ETHUSD_1h_2016_2025.csv
ETH,UTC,9,9-9-9,09:00-21:00,21:00-09:00,0,21,Night Reversal / Day Cash,reversal,cash,100.0,27.439055053083244,-0.7256094494691676,0.11421267603242749,-0.5209456133567912,-0.898080902652732,-0.7259876773087333,-0.8135316402625477,-0.6003388021383496,-0.40011336270646036,-0.3618230745974087,-0.6635391498612687,-0.47667579546461125,-0.16793629873232963,-0.6249820805450539,-0.37452825195115,0.6299563762010117,7296,7296.0,3652,7304,11,data_hourly_crypto/ETHUSD_1h_2016_2025.csv
ETH,UTC,9,9-9-9,09:00-21:00,21:00-09:00,0,22,Night Reversal / Day Long,reversal,long,100.0,416.0427931650577,3.1604279316505766,0.625994178974261,-0.6284563395989784,-0.9260437037682208,-0.652076304718384,-0.7935094306206916,-0.9146352944116257,-0.3721672562298062,-0.49657480848625724,-0.6548321851034821,-0.6327775993312232,-0.3104197753022063,-0.797087745993533,-0.6604829957925753,0.9431010469313622,3789,7571.0,3652,7304,5,data_hourly_crypto/ETHUSD_1h_2016_2025.csv
ETH,UTC,9,9-9-9,09:00-21:00,21:00-09:00,0,23,Night Reversal / Day Short,reversal,short,100.0,0.012044066530404946,-0.999879559334696,-0.4741981384812409,-0.7006327880980552,-0.999936163781974,-0.9451704845099009,-0.9779241316432901,-0.5803085140583609,-0.6450179795197567,-0.7960087865540268,-0.8958612998657145,-0.7487813364571486,-0.2977106728733969,-0.5817963813187803,-0.5377482941801766,0.9415426217705631,3521,7035.0,3652,7304,21,data_hourly_crypto/ETHUSD_1h_2016_2025.csv
ETH,UTC,9,9-9-9,09:00-21:00,21:00-09:00,0,24,Night Reversal / Day Trend,reversal,trend,100.0,0.12124011936416525,-0.9987875988063584,-0.2310155753248057,-0.7246489757680884,-0.9991942842687113,-0.9498516750939306,-0.7365109431170164,-0.8032606500610482,-0.7984926019171525,-0.5935860941900114,-0.6748434748460885,-0.5595704141771328,-0.486224390347186,-0.8142786696019648,-0.8298708443293523,0.9392281616107978,3618,7225.0,3652,7304,17,data_hourly_crypto/ETHUSD_1h_2016_2025.csv
ETH,UTC,9,9-9-9,09:00-21:00,21:00-09:00,0,25,Night Reversal / Day Reversal,reversal,reversal,100.0,41.356713820658435,-0.5864328617934156,0.3815243490125299,-0.6281097456657635,-0.9929849552291006,-0.663478379267791,-0.969862430765833,-0.8173787757674117,-0.3100096321065168,-0.6374394168426651,-0.8777891143584778,-0.6238779221172053,-0.3049301754861288,-0.6808118275548252,-0.3955197823907811,0.945874993480802,3695,7379.0,3652,7304,10,data_hourly_crypto/ETHUSD_1h_2016_2025.csv
ETH,UTC,9,9-9-9,09:00-21:00,21:00-09:00,1,1,Night Cash / Day Cash,cash,cash,100.0,100.0,0.0,0.0,0.0,0.0,0.0,0.0,0.0,0.0,0.0,0.0,0.0,0.0,0.0,0.0,0.0,0,0.0,3652,7304,6,data_hourly_crypto/ETHUSD_1h_2016_2025.csv
ETH,UTC,9,9-9-9,09:00-21:00,21:00-09:00,1,2,Night Cash / Day Long,cash,long,100.0,730.4453570607633,6.304453570607633,0.6316364643485498,-0.5262479311605915,-0.8511654669077706,-0.5061356891205587,-0.5852639584493442,-0.8264784823834646,-0.451292347262243,-0.46460257450460263,-0.5336242302125112,-0.4993480570797163,-0.2948689921451906,-0.5236132726483615,-0.5772517077999226,0.7048443870399744,7303,7303.0,3652,7304,4,data_hourly_crypto/ETHUSD_1h_2016_2025.csv
ETH,UTC,9,9-9-9,09:00-21:00,21:00-09:00,1,3,Night Cash / Day Short,cash,short,100.0,0.021145739384974948,-0.9997885426061502,-0.8387349498323092,-0.6030735566507514,-0.9998838888021009,-0.8622507920052217,-0.9525310935459609,-0.42204244498564036,-0.46480955979507665,-0.8642456403939187,-0.7986267126086243,-0.6214038884895872,-0.3615181177669171,-0.26811702198971366,-0.41519029492685433,0.7048449925877505,7303,7303.0,3652,7304,18,data_hourly_crypto/ETHUSD_1h_2016_2025.csv
ETH,UTC,9,9-9-9,09:00-21:00,21:00-09:00,1,4,Night Cash / Day Trend,cash,trend,100.0,0.21298875477857399,-0.9978701124522142,-0.516087978241015,-0.6556609518061942,-0.9983887119135842,-0.8967071840822697,-0.5675583471539927,-0.6241910012246304,-0.7904981488904798,-0.6161906522245113,-0.4712979739170108,-0.626167669133687,-0.5056852374935892,-0.6811442296128469,-0.777169074328925,0.7051562978988548,7297,7297.0,3652,7304,15,data_hourly_crypto/ETHUSD_1h_2016_2025.csv
ETH,UTC,9,9-9-9,09:00-21:00,21:00-09:00,1,5,Night Cash / Day Reversal,cash,reversal,100.0,72.65346672860062,-0.27346533271399376,0.30925059206136124,-0.5102671551489821,-0.9786973615551119,-0.4151583125332805,-0.9032708880231918,-0.5975546358913784,-0.2761231976505423,-0.6426611389003443,-0.7735827368104785,-0.4699444428624814,-0.28391589456932864,-0.44319145939205873,-0.29726884485673555,0.7051559643240392,7297,7297.0,3652,7304,7,data_hourly_crypto/ETHUSD_1h_2016_2025.csv
ETH,UTC,9,9-9-9,09:00-21:00,21:00-09:00,1,6,Night Long / Day Cash,long,cash,100.0,10149.756184464035,100.49756184464034,1.0477732436058962,-0.4137914462340679,-0.7691110838582179,-0.43948845913740175,-0.2860997528850854,-0.7366952976045843,-0.48737950265151353,-0.3232609162366612,-0.3037280224718366,-0.7097760548853866,-0.18331700948664242,-0.267280562093,-0.400888884888567,0.6287692644681089,7304,7304.0,3652,7304,3,data_hourly_crypto/ETHUSD_1h_2016_2025.csv
ETH,UTC,9,9-9-9,09:00-21:00,21:00-09:00,1,7,Night Long / Day Long,long,long,100.0,319451.9780668747,3193.5197806687474,1.3134259932046721,-0.6198922009202501,-0.9411516290462218,-0.6800975609756099,-0.6208628690907237,-0.9411516290462218,-0.639194248024243,-0.6145331880951541,-0.5979620463002668,-0.7637338483035815,-0.2765477452019307,-0.466533016837416,-0.598305857327354,0.9687619276522413,1,1.0,3652,7304,1,data_hourly_crypto/ETHUSD_1h_2016_2025.csv
ETH,UTC,9,9-9-9,09:00-21:00,21:00-09:00,1,8,Night Long / Day Short,long,short,100.0,2.146084225369587,-0.9785391577463042,0.04926927166296459,-0.62104623416215,-0.9986319591652626,-0.7490650012057853,-0.7917278713609853,-0.6028263915444663,-0.5331932930458145,-0.8452588466471971,-0.7076766862141765,-0.8471923865603912,-0.3704580272710457,-0.2927477761219467,-0.4703160616496923,0.9223195112349764,7304,14607.0,3652,7304,14,data_hourly_crypto/ETHUSD_1h_2016_2025.csv
ETH,UTC,9,9-9-9,09:00-21:00,21:00-09:00,1,9,Night Long / Day Trend,long,trend,100.0,45.05659350345288,-0.5494340649654712,0.39933498826972186,-0.6644265770938386,-0.9936566201763014,-0.8226311053259108,-0.5969639997781351,-0.8443148356021063,-0.7730501148808815,-0.4454220084204239,-0.5582888688570695,-0.8817775383614884,-0.3892959402272206,-0.5708796674897678,-0.7616416919953816,0.9547593445766447,3632,7257.0,3652,7304,9,data_hourly_crypto/ETHUSD_1h_2016_2025.csv
ETH,UTC,9,9-9-9,09:00-21:00,21:00-09:00,1,10,Night Long / Day Reversal,long,reversal,100.0,15225.629057443206,151.25629057443206,0.9989091394767041,-0.5651715016410386,-0.8919497091120183,-0.5252220530451164,-0.7403128842612392,-0.8358056865602062,-0.4534769592458876,-0.7157545560029412,-0.6381284938252274,-0.7284406210297134,-0.2575096585168011,-0.45743694264256374,-0.299627161280689,0.9375013728709153,3679,7351.0,3652,7304,2,data_hourly_crypto/ETHUSD_1h_2016_2025.csv
ETH,UTC,9,9-9-9,09:00-21:00,21:00-09:00,1,11,Night Short / Day Cash,short,cash,100.0,0.004197313798008969,-0.99995802686202,-1.2799612786293342,-0.6513068855396604,-0.99995802686202,-0.9357634850815133,-0.9690716634286403,-0.5724539604403479,-0.6279980219151337,-0.5864202475998195,-0.7781873359937135,-0.20521414722839582,-0.47098146323504486,-0.6709038529177295,-0.6960746775562652,0.6287692644681089,7304,7304.0,3652,7304,22,data_hourly_crypto/ETHUSD_1h_2016_2025.csv
ETH,UTC,9,9-9-9,09:00-21:00,21:00-09:00,1,12,Night Short / Day Long,short,long,100.0,0.03065684435984471,-0.9996934315564016,-0.4134034965410887,-0.732276577744841,-0.9996939522194298,-0.8771026463152678,-0.9181883665542437,-0.8524777342404393,-0.6874884556950053,-0.5190400055423812,-0.744283599101858,-0.5157617147225237,-0.5517123539555953,-0.7998677613876068,-0.8568431399334897,0.9233050200086692,7304,14607.0,3652,7304,17,data_hourly_crypto/ETHUSD_1h_2016_2025.csv
ETH,UTC,9,9-9-9,09:00-21:00,21:00-09:00,1,13,Night Short / Day Short,short,short,100.0,3.824340504673736e-06,-0.999999961756595,-1.2700312627395827,-0.778621834472318,-0.9999999723003167,-0.9871911363431727,-0.9982307733369333,-0.5822841552326438,-0.762747681183715,-0.9134361657047214,-0.9436532974453978,-0.6250626564900564,-0.5898845405499099,-0.6282335298118953,-0.7554944086247346,0.9669798473380845,1,1.0,3652,7304,25,data_hourly_crypto/ETHUSD_1h_2016_2025.csv
ETH,UTC,9,9-9-9,09:00-21:00,21:00-09:00,1,14,Night Short / Day Trend,short,trend,100.0,1.845828751996383e-05,-0.9999998154171248,-1.1980878352157691,-0.7965944126227795,-0.9999998335780925,-0.9906269992288173,-0.9304883268946493,-0.717728067265003,-0.8809153502770315,-0.7892969818277655,-0.7150785088612561,-0.5211200511278814,-0.6875268311245402,-0.847091747276357,-0.886071262344493,0.9256404263164428,3679,7351.0,3652,7304,24,data_hourly_crypto/ETHUSD_1h_2016_2025.csv
ETH,UTC,9,9-9-9,09:00-21:00,21:00-09:00,1,15,Night Short / Day Reversal,short,reversal,100.0,0.006355853091683378,-0.9999364414690831,-0.5189012926644895,-0.7043505511689073,-0.9999709571639427,-0.8430425380875343,-0.9961745733951289,-0.6815736074166212,-0.4287364031719222,-0.7872954284184629,-0.9292602348946923,-0.501006180665657,-0.49049411008921984,-0.6794541343091136,-0.7064683012407205,0.9649795808782156,3632,7257.0,3652,7304,20,data_hourly_crypto/ETHUSD_1h_2016_2025.csv
ETH,UTC,9,9-9-9,09:00-21:00,21:00-09:00,1,16,Night Trend / Day Cash,trend,cash,100.0,3.229553800271728,-0.9677044619972828,-0.22998414427693936,-0.575807993375314,-0.993101064100362,-0.7695454699684063,-0.8477351653421665,-0.487254877386033,-0.4851277907107382,-0.6533209336196992,-0.64149804561565,-0.6861777385315568,-0.5970289761832621,-0.2090331786398949,-0.38135775775573233,0.6298304289333183,7296,7296.0,3652,7304,13,data_hourly_crypto/ETHUSD_1h_2016_2025.csv
ETH,UTC,9,9-9-9,09:00-21:00,21:00-09:00,1,17,Night Trend / Day Long,trend,long,100.0,50.261074019215044,-0.49738925980784954,0.39519613978456064,-0.6876232424970978,-0.9851218715758355,-0.7401667330035048,-0.8420589118026607,-0.8756073545911753,-0.6825357797734775,-0.5867654379446549,-0.7456763347297928,-0.7681264351822165,-0.5774291858521717,-0.39883531608272293,-0.659030936008602,0.9513401652676838,3521,7035.0,3652,7304,8,data_hourly_crypto/ETHUSD_1h_2016_2025.csv
ETH,UTC,9,9-9-9,09:00-21:00,21:00-09:00,1,18,Night Trend / Day Short,trend,short,100.0,0.0013790702660041068,-0.99998620929734,-0.7011355099061078,-0.7102734181591644,-0.9999968253629639,-0.9303145692583905,-0.9773100334979243,-0.5678279655989398,-0.5655153452544479,-0.9332722428131746,-0.8238997553443561,-0.8196111582845802,-0.7094546470342442,-0.32352040625122913,-0.4520080582543582,0.9496082137887171,3789,7571.0,3652,7304,23,data_hourly_crypto/ETHUSD_1h_2016_2025.csv
ETH,UTC,9,9-9-9,09:00-21:00,21:00-09:00,1,19,Night Trend / Day Trend,trend,trend,100.0,0.014151383515514725,-0.9998584861648449,-0.46529647853189504,-0.7649020659956483,-0.9999141671352678,-0.9387958609625805,-0.8780918921312542,-0.6845385742834675,-0.8283019309732589,-0.7524263991232474,-0.6028570816955889,-0.8684197930526252,-0.7189936067470248,-0.5752987669187688,-0.8012967540686661,0.9428801390600585,3695,7379.0,3652,7304,19,data_hourly_crypto/ETHUSD_1h_2016_2025.csv
ETH,UTC,9,9-9-9,09:00-21:00,21:00-09:00,1,20,Night Trend / Day Reversal,trend,reversal,100.0,4.902158761707582,-0.9509784123829241,0.1552821023371549,-0.651472957028368,-0.9990801601497054,-0.7364837910398421,-0.9440861219150283,-0.6453849928686977,-0.4971403169397208,-0.841795039136567,-0.811101978894067,-0.6017275421796713,-0.6239970741122918,-0.33637060631256865,-0.4766421068852259,0.9583700185877999,3618,7225.0,3652,7304,12,data_hourly_crypto/ETHUSD_1h_2016_2025.csv
ETH,UTC,9,9-9-9,09:00-21:00,21:00-09:00,1,21,Night Reversal / Day Cash,reversal,cash,100.0,13.227935022531598,-0.867720649774684,-0.001558806011794236,-0.53440334714165,-0.908688764630604,-0.7285243051402179,-0.8185536157074529,-0.6278438152596559,-0.41545170455590763,-0.36583115093676555,-0.6734509056671807,-0.4847251792238869,-0.17942254414936876,-0.6466458418563652,-0.40358440891969827,0.6298303788837041,7296,7296.0,3652,7304,11,data_hourly_crypto/ETHUSD_1h_2016_2025.csv
ETH,UTC,9,9-9-9,09:00-21:00,21:00-09:00,1,22,Night Reversal / Day Long,reversal,long,100.0,195.11954813365733,0.9511954813365733,0.5458099770337167,-0.6406523901734892,-0.9348519973372926,-0.6595854470129863,-0.7972744888451126,-0.9206296041183368,-0.40338697807326385,-0.4988854768296829,-0.666571897203348,-0.6370131888332184,-0.32610066702784135,-0.8100488301306065,-0.6870273236604965,0.9430996338463018,3789,7571.0,3652,7304,5,data_hourly_crypto/ETHUSD_1h_2016_2025.csv
ETH,UTC,9,9-9-9,09:00-21:00,21:00-09:00,1,23,Night Reversal / Day Short,reversal,short,100.0,0.005959590735480032,-0.9999404040926452,-0.5490977086011496,-0.7086339275754392,-0.9999677585648625,-0.9467698112879499,-0.9786023316184734,-0.5847341888719297,-0.6537833824918224,-0.8104468271657119,-0.9012177053204622,-0.7530163774039298,-0.3062273967036827,-0.6053644664115503,-0.5461767884788806,0.9412317397015176,3521,7035.0,3652,7304,21,data_hourly_crypto/ETHUSD_1h_2016_2025.csv
ETH,UTC,9,9-9-9,09:00-21:00,21:00-09:00,1,24,Night Reversal / Day Trend,reversal,trend,100.0,0.05886230084046089,-0.9994113769915954,-0.30767253503417497,-0.7346852553163048,-0.9996035063086343,-0.9530924585378645,-0.742399592288016,-0.8162322127062541,-0.8108349744915946,-0.6026689340538078,-0.6808999142535639,-0.5613287892688775,-0.5154693200388513,-0.8262112144532631,-0.8377151430709555,0.9392168347273063,3618,7225.0,3652,7304,16,data_hourly_crypto/ETHUSD_1h_2016_2025.csv
ETH,UTC,9,9-9-9,09:00-21:00,21:00-09:00,1,25,Night Reversal / Day Reversal,reversal,reversal,100.0,19.771885988866643,-0.8022811401113336,0.30347617540508487,-0.6356800854084512,-0.9952365916175216,-0.6650899732918538,-0.9709165585377187,-0.8274980580444351,-0.3150972154521152,-0.6404005524979343,-0.8845211402496621,-0.6266512289414381,-0.3272262801639697,-0.692265017030865,-0.40713482987452143,0.9456165301114967,3695,7379.0,3652,7304,10,data_hourly_crypto/ETHUSD_1h_2016_2025.csv
ETH,UTC,9,9-9-9,09:00-21:00,21:00-09:00,2,1,Night Cash / Day Cash,cash,cash,100.0,100.0,0.0,0.0,0.0,0.0,0.0,0.0,0.0,0.0,0.0,0.0,0.0,0.0,0.0,0.0,0.0,0,0.0,3652,7304,5,data_hourly_crypto/ETHUSD_1h_2016_2025.csv
ETH,UTC,9,9-9-9,09:00-21:00,21:00-09:00,2,2,Night Cash / Day Long,cash,long,100.0,351.86404466518877,2.518640446651888,0.5280557254088745,-0.5405298736676839,-0.8697422506809761,-0.522885917327972,-0.5880338160226848,-0.8365687151019643,-0.4730742140202847,-0.46860363263213656,-0.5403388871521324,-0.5068522279532532,-0.3207332702983512,-0.5465329632252223,-0.6016750929428376,0.7047031164451174,7303,7303.0,3652,7304,4,data_hourly_crypto/ETHUSD_1h_2016_2025.csv
ETH,UTC,9,9-9-9,09:00-21:00,21:00-09:00,2,3,Night Cash / Day Short,cash,short,100.0,0.010186149197213942,-0.9998981385080279,-0.9423148394431025,-0.6133466218044228,-0.999937494270303,-0.8681152846500113,-0.9557982580445299,-0.423716344653708,-0.47765985158195134,-0.8737661465433545,-0.8116597249775128,-0.6318222704316028,-0.3858817718223404,-0.27387697972037495,-0.4311695856188421,0.7047043275325701,7303,7303.0,3652,7304,17,data_hourly_crypto/ETHUSD_1h_2016_2025.csv
ETH,UTC,9,9-9-9,09:00-21:00,21:00-09:00,2,4,Night Cash / Day Trend,cash,trend,100.0,0.10266075359777647,-0.9989733924640223,-0.619537525515665,-0.6705780875074112,-0.999211933946887,-0.9037395776702585,-0.5741253239976619,-0.6484776188291209,-0.8045270164040869,-0.6256309020963227,-0.4789620889217562,-0.6510610260772254,-0.5335615355084189,-0.696241920352541,-0.7894538652167196,0.7050154550470272,7297,7297.0,3652,7304,15,data_hourly_crypto/ETHUSD_1h_2016_2025.csv
ETH,UTC,9,9-9-9,09:00-21:00,21:00-09:00,2,5,Night Cash / Day Reversal,cash,reversal,100.0,35.0190302469407,-0.6498096975305929,0.20580068906488408,-0.5232023287358982,-0.9855271721260636,-0.4165021040315986,-0.9079062531646674,-0.6211083425783264,-0.28882497989736833,-0.6637094844761302,-0.781437000887526,-0.4727467250515164,-0.30208135615299514,-0.45235784137482715,-0.32534919974402754,0.705014787924617,7297,7297.0,3652,7304,7,data_hourly_crypto/ETHUSD_1h_2016_2025.csv
ETH,UTC,9,9-9-9,09:00-21:00,21:00-09:00,2,6,Night Long / Day Cash,long,cash,100.0,4888.766914279511,47.88766914279511,0.9316443891798091,-0.42686809774364587,-0.81967914136794,-0.47060160065239887,-0.28873669798617085,-0.7479051514615664,-0.5059531927125288,-0.3277805882413628,-0.3064386007094546,-0.7273623912052972,-0.2001153063687795,-0.2821506023403093,-0.4116368457585906,0.6286435043275227,7304,7304.0,3652,7304,3,data_hourly_crypto/ETHUSD_1h_2016_2025.csv
ETH,UTC,9,9-9-9,09:00-21:00,21:00-09:00,2,7,Night Long / Day Long,long,long,100.0,319420.0296742273,3193.2002967422727,1.313415662301687,-0.6198922009202501,-0.941151629046222,-0.6800975609756099,-0.6208628690907237,-0.9411516290462218,-0.639194248024243,-0.6145331880951541,-0.5979620463002668,-0.7637338483035815,-0.2765477452019307,-0.466533016837416,-0.598305857327354,0.9687618636028914,1,1.0,3652,7304,1,data_hourly_crypto/ETHUSD_1h_2016_2025.csv
ETH,UTC,9,9-9-9,09:00-21:00,21:00-09:00,2,8,Night Long / Day Short,long,short,100.0,0.49783158577863657,-0.9950216841422136,-0.10909501062469662,-0.6405710394946827,-0.9995303375675123,-0.7648145173726685,-0.8021260581551739,-0.6169511132749873,-0.5581816772340222,-0.8656415310698303,-0.7219932583219648,-0.8642596091582639,-0.4090250908144568,-0.3215984016370461,-0.4811191379084133,0.9219511212725656,7304,14607.0,3652,7304,14,data_hourly_crypto/ETHUSD_1h_2016_2025.csv
ETH,UTC,9,9-9-9,09:00-21:00,21:00-09:00,2,9,Night Long / Day Trend,long,trend,100.0,21.80199894502457,-0.7819800105497543,0.323476630696875,-0.6749609736365206,-0.9962715473977081,-0.8325617830707396,-0.6032838065592221,-0.8550752989598093,-0.7896218752487753,-0.45640665099349165,-0.5635592977397514,-0.8891088697190015,-0.40019351015995497,-0.5919775284349053,-0.7678211154795553,0.9547859717998054,3632,7257.0,3652,7304,9,data_hourly_crypto/ETHUSD_1h_2016_2025.csv
ETH,UTC,9,9-9-9,09:00-21:00,21:00-09:00,2,10,Night Long / Day Reversal,long,reversal,100.0,7298.432773632506,71.98432773632506,0.9205059055116659,-0.5728764576183247,-0.9149937474903853,-0.5326668095607243,-0.7446404725400794,-0.8451227234596372,-0.4627995481889845,-0.7184147387874693,-0.6519738955130283,-0.7316808255284886,-0.2637223115179518,-0.4719780145364867,-0.30576523655039745,0.9372642604936896,3679,7351.0,3652,7304,2,data_hourly_crypto/ETHUSD_1h_2016_2025.csv
ETH,UTC,9,9-9-9,09:00-21:00,21:00-09:00,2,11,Night Short / Day Cash,short,cash,100.0,0.0020216927827255643,-0.9999797830721727,-1.396090133055423,-0.6665321676365683,-0.9999797830721727,-0.9391529288523223,-0.9712378032193801,-0.5829699665473883,-0.6380177867122708,-0.6068690504747459,-0.7918781733457798,-0.22466745318792214,-0.5055167164135991,-0.69321738055242,-0.7117944170598538,0.6286435043275227,7304,7304.0,3652,7304,22,data_hourly_crypto/ETHUSD_1h_2016_2025.csv
ETH,UTC,9,9-9-9,09:00-21:00,21:00-09:00,2,12,Night Short / Day Long,short,long,100.0,0.007111531440478278,-0.9999288846855953,-0.5716002126550777,-0.754083222740843,-0.9999289912602833,-0.8911018308270415,-0.9255005783013515,-0.8683112479513773,-0.709066217149164,-0.5486852412241492,-0.7634296387748372,-0.5343820971305508,-0.6001054758225388,-0.8270617615656747,-0.8731881386617454,0.9229351586193708,7304,14607.0,3652,7304,18,data_hourly_crypto/ETHUSD_1h_2016_2025.csv
ETH,UTC,9,9-9-9,09:00-21:00,21:00-09:00,2,13,Night Short / Day Short,short,short,100.0,3.8239580323760525e-06,-0.9999999617604197,-1.2700413805057489,-0.778621834472318,-0.9999999723003167,-0.9871911363431727,-0.9982307733369333,-0.5822841552326438,-0.762747681183715,-0.9134361657047214,-0.9436532974453978,-0.6250626564900564,-0.5898845405499099,-0.6282335298118953,-0.7554944086247346,0.9669799268495557,1,1.0,3652,7304,25,data_hourly_crypto/ETHUSD_1h_2016_2025.csv
ETH,UTC,9,9-9-9,09:00-21:00,21:00-09:00,2,14,Night Short / Day Trend,short,trend,100.0,8.848013443160804e-06,-0.9999999115198656,-1.2772959756677518,-0.8050904539310849,-0.9999999195522261,-0.9911862333836907,-0.9345375503006919,-0.7224875477394768,-0.8871094700713815,-0.7951575427285633,-0.7363057085037517,-0.5306992244095236,-0.7038984526480376,-0.8574608042799118,-0.8920620052458217,0.9255391239804025,3679,7351.0,3652,7304,24,data_hourly_crypto/ETHUSD_1h_2016_2025.csv
ETH,UTC,9,9-9-9,09:00-21:00,21:00-09:00,2,15,Night Short / Day Reversal,short,reversal,100.0,0.0030754722366881,-0.9999692452776331,-0.594394651129452,-0.7151651143263862,-0.9999807858311649,-0.8453490898989288,-0.9964017354634573,-0.7015591082118573,-0.4469540718415428,-0.7977126623272655,-0.9331674111955692,-0.5037935703025702,-0.5071368991025409,-0.6966737958852676,-0.7229027990348618,0.9646005112788506,3632,7257.0,3652,7304,20,data_hourly_crypto/ETHUSD_1h_2016_2025.csv
ETH,UTC,9,9-9-9,09:00-21:00,21:00-09:00,2,16,Night Trend / Day Cash,trend,cash,100.0,1.5568032628772452,-0.9844319673712275,-0.3457903248451826,-0.5912232335411861,-0.9960544697171874,-0.7780731283945724,-0.8530994592451513,-0.5077076345377725,-0.5035845103965706,-0.6727609921115381,-0.6445328512525572,-0.7080694496602087,-0.6201578423651755,-0.21100842189843017,-0.41323804554988475,0.6297045196336715,7296,7296.0,3652,7304,13,data_hourly_crypto/ETHUSD_1h_2016_2025.csv
ETH,UTC,9,9-9-9,09:00-21:00,21:00-09:00,2,17,Night Trend / Day Long,trend,long,100.0,24.86645957737277,-0.7513354042262723,0.3213714154268179,-0.6969704817554621,-0.9918018095923496,-0.7470751696299993,-0.8474623179799333,-0.8836243789940729,-0.6932740136034397,-0.5922674856358838,-0.7466919015761257,-0.7754760055746882,-0.6019653369350638,-0.40802506641931446,-0.6738431412060988,0.9513306529517437,3521,7035.0,3652,7304,8,data_hourly_crypto/ETHUSD_1h_2016_2025.csv
ETH,UTC,9,9-9-9,09:00-21:00,21:00-09:00,2,18,Night Trend / Day Short,trend,short,100.0,0.0006466710457706264,-0.9999935332895423,-0.7810887722995276,-0.7195887848152583,-0.9999982534994141,-0.9328331229894885,-0.9790382561473996,-0.5710151875607566,-0.5903336771857602,-0.9378593944135154,-0.8295497233299113,-0.8288570849824682,-0.720179479071241,-0.32810623376271353,-0.4781156887093294,0.9492896061421496,3789,7571.0,3652,7304,23,data_hourly_crypto/ETHUSD_1h_2016_2025.csv
ETH,UTC,9,9-9-9,09:00-21:00,21:00-09:00,2,19,Night Trend / Day Trend,trend,trend,100.0,0.006764518747030467,-0.9999323548125297,-0.5433716852424069,-0.774379853991203,-0.999958263092272,-0.9408542607200792,-0.8820031695288804,-0.6947819291705648,-0.8391426438592692,-0.7640326352279319,-0.60798140632997,-0.8765300855737521,-0.7384158748197296,-0.5859534867496616,-0.8141030479321899,0.942812692300501,3695,7379.0,3652,7304,19,data_hourly_crypto/ETHUSD_1h_2016_2025.csv
ETH,UTC,9,9-9-9,09:00-21:00,21:00-09:00,2,20,Night Trend / Day Reversal,trend,reversal,100.0,2.379663329140325,-0.9762033667085968,0.07975707211045434,-0.6618324281100783,-0.9994767651137478,-0.7460585301687503,-0.9482311022990292,-0.6535197730668006,-0.505718096414048,-0.8505630884123474,-0.8131317061847647,-0.6254527689119043,-0.6451910344010428,-0.34139657463333106,-0.48906160660876496,0.9580024996778289,3618,7225.0,3652,7304,12,data_hourly_crypto/ETHUSD_1h_2016_2025.csv
ETH,UTC,9,9-9-9,09:00-21:00,21:00-09:00,2,21,Night Reversal / Day Cash,reversal,cash,100.0,6.376513189677327,-0.9362348681032268,-0.11736502799572136,-0.5476176781145161,-0.9459688746613091,-0.7310377007064703,-0.8234408211552894,-0.6534583820473656,-0.43295270006026343,-0.3698144516104286,-0.6830716201729707,-0.49265153989589694,-0.19075135246853048,-0.6670601282187757,-0.4319380848091706,0.6297044195394547,7296,7296.0,3652,7304,11,data_hourly_crypto/ETHUSD_1h_2016_2025.csv
ETH,UTC,9,9-9-9,09:00-21:00,21:00-09:00,2,22,Night Reversal / Day Long,reversal,long,100.0,91.4950930002219,-0.08504906999778106,0.4656339136186357,-0.6523934430255116,-0.9426126673319969,-0.6682583524269474,-0.8009716293726233,-0.9262040682983365,-0.4330600476482954,-0.5011859985427083,-0.6779145525587984,-0.6412007572597828,-0.3414280096230812,-0.8222099693318405,-0.711501045192702,0.9431137179352198,3789,7571.0,3652,7304,6,data_hourly_crypto/ETHUSD_1h_2016_2025.csv
ETH,UTC,9,9-9-9,09:00-21:00,21:00-09:00,2,23,Night Reversal / Day Short,reversal,short,100.0,0.0029484829963013553,-0.999970515170037,-0.6240215285058414,-0.71630811575303,-0.9999837182059015,-0.948322793220229,-0.9792598258611832,-0.5891140660759904,-0.6623340345277351,-0.8238655623491911,-0.9062995923223534,-0.7571808500026428,-0.31464251042584357,-0.6276086811544469,-0.5544532415906838,0.9409363847610102,3521,7035.0,3652,7304,21,data_hourly_crypto/ETHUSD_1h_2016_2025.csv
ETH,UTC,9,9-9-9,09:00-21:00,21:00-09:00,2,24,Night Reversal / Day Trend,reversal,trend,100.0,0.028573627576696566,-0.999714263724233,-0.3843211227640456,-0.7442650686177357,-0.9998049126291186,-0.9561243934980365,-0.7481577763379882,-0.8283508670473585,-0.8227061143745743,-0.6115505403634056,-0.6868447229800614,-0.5630804938834915,-0.5430549391138975,-0.8375816190266625,-0.8451992195518807,0.9392128774312153,3618,7225.0,3652,7304,16,data_hourly_crypto/ETHUSD_1h_2016_2025.csv
ETH,UTC,9,9-9-9,09:00-21:00,21:00-09:00,2,25,Night Reversal / Day Reversal,reversal,reversal,100.0,9.451181454392996,-0.90548818545607,0.2253910990198273,-0.6433435318172367,-0.9967675276023229,-0.6666941695323167,-0.97193401522104,-0.8370584758655932,-0.3201482789276676,-0.6433380888740998,-0.8909430399062734,-0.6294046357049836,-0.34881142892983186,-0.706574233208262,-0.4185289520022989,0.9453654198726359,3695,7379.0,3652,7304,10,data_hourly_crypto/ETHUSD_1h_2016_2025.csv
ETH,UTC,10,10-10-10,10:00-22:00,22:00-10:00,0,1,Night Cash / Day Cash,cash,cash,100.0,100.0,0.0,0.0,0.0,0.0,0.0,0.0,0.0,0.0,0.0,0.0,0.0,0.0,0.0,0.0,0.0,0,0.0,3652,7304,7,data_hourly_crypto/ETHUSD_1h_2016_2025.csv
ETH,UTC,10,10-10-10,10:00-22:00,22:00-10:00,0,2,Night Cash / Day Long,cash,long,100.0,61981.11835509232,618.8111835509233,1.2617676026831612,-0.44287458258310564,-0.7394103540365652,-0.3430646330819257,-0.5530751411588022,-0.7394103540365649,-0.37116180022570433,-0.4404123388874709,-0.3896988614790645,-0.4330647658103207,-0.28476286917397586,-0.3974966396294213,-0.47659842234780636,0.703914443724128,7303,7303.0,3652,7304,2,data_hourly_crypto/ETHUSD_1h_2016_2025.csv
ETH,UTC,10,10-10-10,10:00-22:00,22:00-10:00,0,3,Night Cash / Day Short,cash,short,100.0,0.001075843026902868,-0.999989241569731,-1.2617676026831615,-0.6312429331520224,-0.9999935008193225,-0.929983830597231,-0.9777965015322799,-0.42768916025062775,-0.46748073673438606,-0.8978820203097339,-0.8954664321764605,-0.6111216890867661,-0.30954993404559084,-0.3336328464884112,-0.46182618029873657,0.703914443724128,7303,7303.0,3652,7304,22,data_hourly_crypto/ETHUSD_1h_2016_2025.csv
ETH,UTC,10,10-10-10,10:00-22:00,22:00-10:00,0,4,Night Cash / Day Trend,cash,trend,100.0,7.854613542498469,-0.9214538645750153,-0.0026536988297597153,-0.5858607522433601,-0.9443803965657527,-0.8256981918349073,-0.5389673766263802,-0.5699409527063797,-0.6482241680165133,-0.5822439170881997,-0.40210307212497987,-0.4150491690151519,-0.44720051679736783,-0.6127306903586414,-0.8164494678650793,0.7053809934791563,7295,7295.0,3652,7304,12,data_hourly_crypto/ETHUSD_1h_2016_2025.csv
ETH,UTC,10,10-10-10,10:00-22:00,22:00-10:00,0,5,Night Cash / Day Reversal,cash,reversal,100.0,8.49760364693289,-0.9150239635306712,0.002653698829759337,-0.5790645845335317,-0.994840382601837,-0.5507587354929863,-0.7700546453062975,-0.7931553062769787,-0.396618262510813,-0.6661100498661849,-0.8614632418572362,-0.5880738971725442,-0.3708378133977853,-0.4396166659495927,-0.353957227504898,0.7053809934791564,7295,7295.0,3652,7304,11,data_hourly_crypto/ETHUSD_1h_2016_2025.csv
ETH,UTC,10,10-10-10,10:00-22:00,22:00-10:00,0,6,Night Long / Day Cash,long,cash,100.0,515.0531727320276,4.150531727320276,0.577639176780484,-0.47228520369169597,-0.9338648668310912,-0.6983661359504029,-0.3916539239792216,-0.8015777449861904,-0.5756474256153841,-0.3909211132711764,-0.3820783326626831,-0.6487407416911024,-0.18696224631992653,-0.32602319421660786,-0.32088117822426354,0.6378936144671011,7304,7304.0,3652,7304,5,data_hourly_crypto/ETHUSD_1h_2016_2025.csv
ETH,UTC,10,10-10-10,10:00-22:00,22:00-10:00,0,7,Night Long / Day Long,long,long,100.0,319235.71658269496,3191.3571658269498,1.310391991466442,-0.6186372463900255,-0.9407352857061145,-0.6989850169163851,-0.6181170483460562,-0.9407352857061144,-0.6300027225701079,-0.6179980987923805,-0.5969787153714039,-0.754436165860091,-0.27814690814836907,-0.45330189958792466,-0.5976706026014222,0.9732299408626293,1,1.0,3652,7304,1,data_hourly_crypto/ETHUSD_1h_2016_2025.csv
ETH,UTC,10,10-10-10,10:00-22:00,22:00-10:00,0,8,Night Long / Day Short,long,short,100.0,0.005541163643679485,-0.9999445883635633,-0.580631680541456,-0.6846032447345264,-0.9999931328127153,-0.9142772075100056,-0.874571645698528,-0.668906709764563,-0.6492749600021855,-0.919125914349647,-0.9027756498643443,-0.8085618163331129,-0.2589494654797788,-0.4883897899528016,-0.36119928839029714,0.9272109217173562,7304,14607.0,3652,7304,21,data_hourly_crypto/ETHUSD_1h_2016_2025.csv
ETH,UTC,10,10-10-10,10:00-22:00,22:00-10:00,0,9,Night Long / Day Trend,long,trend,100.0,40.455436256478166,-0.5954456374352184,0.3971830086358576,-0.6456997329755197,-0.9422178483230534,-0.8690470691972555,-0.6707923538036188,-0.7175518389771041,-0.70293143346871,-0.5123029444983145,-0.5347048089964461,-0.7464280899517978,-0.35304649711993275,-0.567002893585634,-0.7831894001563838,0.9700969200298193,3556,7103.0,3652,7304,10,data_hourly_crypto/ETHUSD_1h_2016_2025.csv
ETH,UTC,10,10-10-10,10:00-22:00,22:00-10:00,0,10,Night Long / Day Reversal,long,reversal,100.0,43.76717718972033,-0.5623282281027967,0.37697037629725827,-0.6602271259277676,-0.998523237575032,-0.7885403426049151,-0.6605489133846557,-0.9419330026048348,-0.6188260070174574,-0.7420594901307975,-0.8548888421182332,-0.8209037582830152,-0.3634656449515614,-0.47231281824345983,-0.3387924399387445,0.93280186829721,3757,7505.0,3652,7304,9,data_hourly_crypto/ETHUSD_1h_2016_2025.csv
ETH,UTC,10,10-10-10,10:00-22:00,22:00-10:00,0,11,Night Short / Day Cash,short,cash,100.0,0.32119473934160486,-0.996788052606584,-0.5776391767804843,-0.5870958398829458,-0.996989984634722,-0.8840615972725764,-0.9449312850737253,-0.45247501943760027,-0.6341156545559961,-0.4763449887032114,-0.5835435129497921,-0.26199834313073656,-0.4817283465035974,-0.5530191332380998,-0.5987405179641228,0.6378936144671011,7304,7304.0,3652,7304,16,data_hourly_crypto/ETHUSD_1h_2016_2025.csv
ETH,UTC,10,10-10-10,10:00-22:00,22:00-10:00,0,12,Night Short / Day Long,short,long,100.0,199.08009154164893,0.9908009154164892,0.5348000532810884,-0.5974287175466578,-0.959486605862029,-0.6996823266408314,-0.8564338491425757,-0.6491737409893018,-0.5801280946514936,-0.3402556786821369,-0.38920713757084646,-0.4428145766448639,-0.5588567318977689,-0.7027719878896017,-0.7549630513571588,0.9368738033363563,7304,14607.0,3652,7304,6,data_hourly_crypto/ETHUSD_1h_2016_2025.csv
ETH,UTC,10,10-10-10,10:00-22:00,22:00-10:00,0,13,Night Short / Day Short,short,short,100.0,3.4555512059855045e-06,-0.999999965444488,-1.2820404569320942,-0.7743634625830623,-0.9999999751833794,-0.9873417513430468,-0.9984088618563384,-0.5776005101840277,-0.7565751443755908,-0.9128753902871,-0.942297757400727,-0.6019715941433428,-0.589052458787048,-0.6226127209869843,-0.7548984364664175,0.9656363322363701,1,1.0,3652,7304,25,data_hourly_crypto/ETHUSD_1h_2016_2025.csv
ETH,UTC,10,10-10-10,10:00-22:00,22:00-10:00,0,14,Night Short / Day Trend,short,trend,100.0,0.025228605494118345,-0.9997477139450588,-0.41765635859645195,-0.7426790720517819,-0.9997586662301533,-0.972154829773298,-0.9513335199219991,-0.680454646522813,-0.8237137526893158,-0.7036098916631994,-0.4938730046301958,-0.4991793887922722,-0.6582154660310211,-0.7556675280286594,-0.8885886924650441,0.9315068304169909,3757,7505.0,3652,7304,20,data_hourly_crypto/ETHUSD_1h_2016_2025.csv
ETH,UTC,10,10-10-10,10:00-22:00,22:00-10:00,0,15,Night Short / Day Reversal,short,reversal,100.0,0.027293855884049017,-0.9997270614411595,-0.35760396030910363,-0.7106383153624314,-0.9999038055781273,-0.84599662525158,-0.9820087255103296,-0.7181460185138255,-0.5308194584190167,-0.6996801112841456,-0.9375152564922147,-0.5592419062221994,-0.5699475183193046,-0.6518496067896691,-0.611177926822029,0.9728497793151217,3556,7103.0,3652,7304,19,data_hourly_crypto/ETHUSD_1h_2016_2025.csv
ETH,UTC,10,10-10-10,10:00-22:00,22:00-10:00,0,16,Night Trend / Day Cash,trend,cash,100.0,2.531894849227184,-0.9746810515077282,-0.25460872706697646,-0.5400821459917073,-0.9905872649931968,-0.8531212521594522,-0.7885117919244737,-0.656435450249405,-0.3885257870657316,-0.3875159468180399,-0.5269048336936158,-0.661027237809339,-0.39275269688433323,-0.24125327275207664,-0.5047731905606054,0.637977272784415,7294,7294.0,3652,7304,15,data_hourly_crypto/ETHUSD_1h_2016_2025.csv
ETH,UTC,10,10-10-10,10:00-22:00,22:00-10:00,0,17,Night Trend / Day Long,trend,long,100.0,1569.296743125964,14.692967431259639,0.7607265065836175,-0.6187981323620879,-0.9355596276492764,-0.7558411077802107,-0.8157156459224331,-0.8724831549156278,-0.5315210990651953,-0.39647476026389084,-0.5610095808724629,-0.7524170469424695,-0.4344929375566917,-0.4219160404576964,-0.6461099498442006,0.9783056993848405,3593,7177.0,3652,7304,4,data_hourly_crypto/ETHUSD_1h_2016_2025.csv
ETH,UTC,10,10-10-10,10:00-22:00,22:00-10:00,0,18,Night Trend / Day Short,trend,short,100.0,2.723921418392353e-05,-0.9999997276078582,-1.1494387774790638,-0.7360549176771741,-0.999999904323695,-0.9876000295944972,-0.9759584304907001,-0.6369801160792152,-0.6455284553881603,-0.8972451992010856,-0.9390351881696046,-0.7927883689757159,-0.5412747469435949,-0.3343019537483638,-0.6098366881808032,0.9300993325205158,3719,7429.0,3652,7304,24,data_hourly_crypto/ETHUSD_1h_2016_2025.csv
ETH,UTC,10,10-10-10,10:00-22:00,22:00-10:00,0,19,Night Trend / Day Trend,trend,trend,100.0,0.19887055570922035,-0.9980112944429078,-0.19019102835660756,-0.6972064147704662,-0.9986278287943762,-0.9651754607402286,-0.8230968202287479,-0.6683811882881583,-0.7454465807768872,-0.6607012565868478,-0.5375317809270564,-0.7485938032045927,-0.43165957241883357,-0.5243618703485542,-0.8671158141847566,0.939450430316305,3757,7499.0,3652,7304,18,data_hourly_crypto/ETHUSD_1h_2016_2025.csv
ETH,UTC,10,10-10-10,10:00-22:00,22:00-10:00,0,20,Night Trend / Day Reversal,trend,reversal,100.0,0.2151503890444363,-0.9978484961095556,-0.15047522999888396,-0.6963877010435272,-0.9999018290229369,-0.86015232019165,-0.9109422942808018,-0.8942753862095503,-0.48223920927752995,-0.6864475938734906,-0.9119831052384244,-0.816523996702371,-0.5704002294479453,-0.3735647846326592,-0.4573480905808487,0.9715493986071406,3560,7105.0,3652,7304,17,data_hourly_crypto/ETHUSD_1h_2016_2025.csv
ETH,UTC,10,10-10-10,10:00-22:00,22:00-10:00,0,21,Night Reversal / Day Cash,reversal,cash,100.0,65.46567947195511,-0.3453432052804488,0.2546087270669761,-0.4938096630678631,-0.8716056566843626,-0.5381823577062964,-0.8716056566843626,-0.5253097502973718,-0.3192890399512184,-0.4293099472717896,-0.572795491632644,-0.45766062180014855,-0.2692471293540586,-0.5905542301525659,-0.3641424058281756,0.6379772727844149,7294,7294.0,3652,7304,8,data_hourly_crypto/ETHUSD_1h_2016_2025.csv
ETH,UTC,10,10-10-10,10:00-22:00,22:00-10:00,0,22,Night Reversal / Day Long,reversal,long,100.0,40576.36027547787,404.7636027547787,1.1077423123196322,-0.5668935474737793,-0.87993613659151,-0.5345802327739408,-0.6605884210791176,-0.8314529384011313,-0.37240438960365396,-0.573942815624628,-0.5431493054019271,-0.5654613085717777,-0.34204615124385385,-0.7360394175618243,-0.5092704944759383,0.9317417884656921,3719,7429.0,3652,7304,3,data_hourly_crypto/ETHUSD_1h_2016_2025.csv
ETH,UTC,10,10-10-10,10:00-22:00,22:00-10:00,0,23,Night Reversal / Day Short,reversal,short,100.0,0.0007043079476136161,-0.9999929569205238,-0.7345021738475779,-0.7162099586338693,-0.999996359583068,-0.8873627505707105,-0.9941168924505397,-0.5513070918382854,-0.5444805843976772,-0.930474433092922,-0.91329176543379,-0.739858501564883,-0.3740178197897105,-0.6362465448378737,-0.5909432023623018,0.9629115689233924,3593,7177.0,3652,7304,23,data_hourly_crypto/ETHUSD_1h_2016_2025.csv
ETH,UTC,10,10-10-10,10:00-22:00,22:00-10:00,0,24,Night Reversal / Day Trend,reversal,trend,100.0,5.142076125492857,-0.9485792387450714,0.1817402220951862,-0.6957638294472841,-0.97779794063648,-0.8091757023147694,-0.8986992068956005,-0.7023728060254055,-0.6517424137975921,-0.5712353388075693,-0.5897293433254323,-0.5761338450270983,-0.5552969187358692,-0.7704773966721838,-0.8327753228713208,0.9625348972360942,3560,7105.0,3652,7304,14,data_hourly_crypto/ETHUSD_1h_2016_2025.csv
ETH,UTC,10,10-10-10,10:00-22:00,22:00-10:00,0,25,Night Reversal / Day Reversal,reversal,reversal,100.0,5.563013966298293,-0.9443698603370171,0.16048965724246148,-0.648382506658352,-0.9976140930571137,-0.5074356402891664,-0.9467660691253199,-0.8266981140854037,-0.4009106279359732,-0.7815674517410913,-0.8995366855259571,-0.6971532015024111,-0.2754941867279176,-0.6687669054859201,-0.47949618416435946,0.9342524572659936,3757,7499.0,3652,7304,13,data_hourly_crypto/ETHUSD_1h_2016_2025.csv
ETH,UTC,10,10-10-10,10:00-22:00,22:00-10:00,1,1,Night Cash / Day Cash,cash,cash,100.0,100.0,0.0,0.0,0.0,0.0,0.0,0.0,0.0,0.0,0.0,0.0,0.0,0.0,0.0,0.0,0.0,0,0.0,3652,7304,6,data_hourly_crypto/ETHUSD_1h_2016_2025.csv
ETH,UTC,10,10-10-10,10:00-22:00,22:00-10:00,1,2,Night Cash / Day Long,cash,long,100.0,29859.2083161094,297.592083161094,1.158060751870006,-0.45813347079136346,-0.7557283612183648,-0.35205589417694627,-0.5560596775801312,-0.7557283612183647,-0.3828123846136485,-0.4435930738881948,-0.395227683987586,-0.4513046131129941,-0.30204617497783415,-0.43360588478483497,-0.5089009595731,0.7037732489248725,7303,7303.0,3652,7304,2,data_hourly_crypto/ETHUSD_1h_2016_2025.csv
ETH,UTC,10,10-10-10,10:00-22:00,22:00-10:00,1,3,Night Cash / Day Short,cash,short,100.0,0.0005182839856436258,-0.9999948171601436,-1.3654734862076923,-0.6427722273818763,-0.999996536008067,-0.9346261493080138,-0.9793038777901644,-0.431738377943373,-0.5027386978198474,-0.9049098638590454,-0.9027383628281392,-0.6157221440146041,-0.33296539285808013,-0.3462403049812268,-0.47673910241626916,0.7037741123898745,7303,7303.0,3652,7304,22,data_hourly_crypto/ETHUSD_1h_2016_2025.csv
ETH,UTC,10,10-10-10,10:00-22:00,22:00-10:00,1,4,Night Cash / Day Trend,cash,trend,100.0,3.7869638162504202,-0.9621303618374958,-0.10603257114802597,-0.5991987802174191,-0.9727241937452665,-0.8357183197082207,-0.5457861774350072,-0.5728982934428393,-0.6698024979285495,-0.5904754988249623,-0.4109461340875721,-0.4297775664439003,-0.47809140750349066,-0.631508422059213,-0.8269834847404363,0.7052393423706466,7295,7295.0,3652,7304,12,data_hourly_crypto/ETHUSD_1h_2016_2025.csv
ETH,UTC,10,10-10-10,10:00-22:00,22:00-10:00,1,5,Night Cash / Day Reversal,cash,reversal,100.0,4.096970189769057,-0.9590302981023094,-0.10072374616227266,-0.5908339269823643,-0.9970970319701508,-0.5591700783803581,-0.7804589178862393,-0.804875853337748,-0.4103973088801147,-0.6874050844419237,-0.8679694563632518,-0.6027593945911676,-0.37965795457837626,-0.4509881370463976,-0.3646570843180651,0.7052405865306163,7295,7295.0,3652,7304,11,data_hourly_crypto/ETHUSD_1h_2016_2025.csv
ETH,UTC,10,10-10-10,10:00-22:00,22:00-10:00,1,6,Night Long / Day Cash,long,cash,100.0,248.1004292691553,1.4810042926915532,0.4631828633697141,-0.4845772544138279,-0.9530359223140127,-0.7152216848623514,-0.39836956047183414,-0.8142328392153576,-0.5913484781995019,-0.39365594701423856,-0.3967068750700008,-0.6664402554787573,-0.1969018537734566,-0.33983179245432593,-0.333063257598455,0.6377660421231438,7304,7304.0,3652,7304,5,data_hourly_crypto/ETHUSD_1h_2016_2025.csv
ETH,UTC,10,10-10-10,10:00-22:00,22:00-10:00,1,7,Night Long / Day Long,long,long,100.0,319203.79301103647,3191.037930110365,1.310381680988138,-0.6186372463900255,-0.9407352857061146,-0.698985016916385,-0.6181170483460562,-0.9407352857061144,-0.6300027225701079,-0.6179980987923805,-0.5969787153714039,-0.754436165860091,-0.27814690814836907,-0.45330189958792466,-0.5976706026014222,0.9732299541751762,1,1.0,3652,7304,1,data_hourly_crypto/ETHUSD_1h_2016_2025.csv
ETH,UTC,10,10-10-10,10:00-22:00,22:00-10:00,1,8,Night Long / Day Short,long,short,100.0,0.0012857708711549556,-0.9999871422912885,-0.7381284208097875,-0.7041457424582884,-0.9999973831970448,-0.9238803179570878,-0.890083442281901,-0.7097371135005714,-0.6742288393553239,-0.9297767589618623,-0.9158326756590605,-0.8230694867892847,-0.3050343639237988,-0.5032711535294552,-0.36654327262453923,0.9268407765406661,7304,14607.0,3652,7304,21,data_hourly_crypto/ETHUSD_1h_2016_2025.csv
ETH,UTC,10,10-10-10,10:00-22:00,22:00-10:00,1,9,Night Long / Day Trend,long,trend,100.0,19.88230289852378,-0.8011769710147623,0.32413342636279285,-0.6572027957189861,-0.9660996070296599,-0.8760308801577337,-0.6751747469012441,-0.7380149314312595,-0.7236810719715117,-0.5215783268955985,-0.5383203540943262,-0.7554930311045427,-0.3656045704435851,-0.5886164772961935,-0.7895135668938653,0.9701073150525528,3556,7103.0,3652,7304,10,data_hourly_crypto/ETHUSD_1h_2016_2025.csv
ETH,UTC,10,10-10-10,10:00-22:00,22:00-10:00,1,10,Night Long / Day Reversal,long,reversal,100.0,20.66226608283674,-0.7933773391716326,0.2965464083605507,-0.6689224088916073,-0.9991285533098654,-0.7980076804783083,-0.6661378438584964,-0.9452492213442284,-0.6315693329076211,-0.7618451730982613,-0.8638858796685358,-0.8269939335865197,-0.37181351608082824,-0.4811047828136308,-0.34261672507964147,0.9326305129955358,3757,7505.0,3652,7304,9,data_hourly_crypto/ETHUSD_1h_2016_2025.csv
ETH,UTC,10,10-10-10,10:00-22:00,22:00-10:00,1,11,Night Short / Day Cash,short,cash,100.0,0.1547190793660209,-0.9984528092063398,-0.6920954901912522,-0.6024883825401592,-0.9985184190292241,-0.8878701730707842,-0.9481435791285032,-0.4542789639266157,-0.6443966720397024,-0.49380022835438364,-0.6088547994043363,-0.2788516192887769,-0.5155587537683778,-0.5819452332773707,-0.6111838031427415,0.6377660421231438,7304,7304.0,3652,7304,16,data_hourly_crypto/ETHUSD_1h_2016_2025.csv
ETH,UTC,10,10-10-10,10:00-22:00,22:00-10:00,1,12,Night Short / Day Long,short,long,100.0,46.194517828956066,-0.5380548217104393,0.3789261569307704,-0.6206711944130638,-0.9748920433851281,-0.7137584528108161,-0.8605936610804548,-0.6897327710277656,-0.603448613681227,-0.34760432074870096,-0.3964935745205046,-0.4666948894430907,-0.6092931431595638,-0.7373329658719311,-0.7817595517865833,0.9364984933564315,7304,14607.0,3652,7304,7,data_hourly_crypto/ETHUSD_1h_2016_2025.csv
ETH,UTC,10,10-10-10,10:00-22:00,22:00-10:00,1,13,Night Short / Day Short,short,short,100.0,3.4552056508649235e-06,-0.9999999654479435,-1.2820507569638657,-0.7743634625830623,-0.9999999751833794,-0.9873417513430468,-0.9984088618563384,-0.5776005101840277,-0.7565751443755908,-0.9128753902871,-0.942297757400727,-0.6019715941433428,-0.589052458787048,-0.6226127209869843,-0.7548984364664175,0.9656363389158416,1,1.0,3652,7304,25,data_hourly_crypto/ETHUSD_1h_2016_2025.csv
ETH,UTC,10,10-10-10,10:00-22:00,22:00-10:00,1,14,Night Short / Day Trend,short,trend,100.0,0.011910298837842925,-0.9998808970116215,-0.49820113205075245,-0.7505986700648049,-0.999884367726768,-0.972907503705943,-0.9544147609921948,-0.6823663689193615,-0.8300158090078004,-0.7099438978691099,-0.5085379733909243,-0.5122293405948471,-0.6754564670239289,-0.7651324621786574,-0.8949821169652807,0.9313192667195542,3757,7505.0,3652,7304,20,data_hourly_crypto/ETHUSD_1h_2016_2025.csv
ETH,UTC,10,10-10-10,10:00-22:00,22:00-10:00,1,15,Night Short / Day Reversal,short,reversal,100.0,0.013413888470141497,-0.9998658611152986,-0.4308947073020891,-0.7213684573728354,-0.999946127861217,-0.8478794496435667,-0.9829648061754898,-0.7362845603197974,-0.5425877312190767,-0.7140996619796944,-0.9408949208509672,-0.5712416710606001,-0.5970950287500005,-0.6596303303939586,-0.6210064133352026,0.9724378043617691,3556,7103.0,3652,7304,19,data_hourly_crypto/ETHUSD_1h_2016_2025.csv
ETH,UTC,10,10-10-10,10:00-22:00,22:00-10:00,1,16,Night Trend / Day Cash,trend,cash,100.0,1.2208306677343679,-0.9877916933226564,-0.36889329931977494,-0.5602898083283727,-0.9945797823932264,-0.8617167128336685,-0.7967437988308785,-0.6705340808323373,-0.4191668513086676,-0.41288495346307685,-0.553520417973675,-0.6837869227647,-0.4245033301855322,-0.24684661808085973,-0.5331943970103314,0.637849769093205,7294,7294.0,3652,7304,15,data_hourly_crypto/ETHUSD_1h_2016_2025.csv
ETH,UTC,10,10-10-10,10:00-22:00,22:00-10:00,1,17,Night Trend / Day Long,trend,long,100.0,765.5627077473259,6.655627077473259,0.6874166707833004,-0.6290841548683,-0.9442414827786022,-0.7706124364795619,-0.8191481682243866,-0.8804371668839236,-0.5393265755696285,-0.40032537177064065,-0.5653780432054365,-0.7605026458786406,-0.46304322185975466,-0.427554155201085,-0.6645137636099425,0.9782043060287492,3593,7177.0,3652,7304,4,data_hourly_crypto/ETHUSD_1h_2016_2025.csv
ETH,UTC,10,10-10-10,10:00-22:00,22:00-10:00,1,18,Night Trend / Day Short,trend,short,100.0,1.2957611525840044e-05,-0.9999998704238847,-1.2294161738741298,-0.7471281105705697,-0.9999999442923977,-0.9883734919812838,-0.9777002181937401,-0.6513552244113126,-0.6702875758030442,-0.9037894523578431,-0.9436327113684345,-0.802663128501168,-0.5582042403163652,-0.34066271060095255,-0.6346123521715532,0.9298599412501756,3719,7429.0,3652,7304,24,data_hourly_crypto/ETHUSD_1h_2016_2025.csv
ETH,UTC,10,10-10-10,10:00-22:00,22:00-10:00,1,19,Night Trend / Day Trend,trend,trend,100.0,0.09394215441344518,-0.9990605784558656,-0.26991666839223843,-0.7095761595398572,-0.9993468051831468,-0.9676467338599214,-0.8291477589555043,-0.6737106607095755,-0.7617539193557584,-0.6680294258323997,-0.542408539254986,-0.7645903829080436,-0.4629372595619542,-0.5486459374521142,-0.8768909775083148,0.9393236252179543,3757,7499.0,3652,7304,18,data_hourly_crypto/ETHUSD_1h_2016_2025.csv
ETH,UTC,10,10-10-10,10:00-22:00,22:00-10:00,1,20,Night Trend / Day Reversal,trend,reversal,100.0,0.10571706032021018,-0.9989428293967979,-0.22377365348874556,-0.7035390683121583,-0.9999413457998957,-0.8651247552175418,-0.9143318888313879,-0.9010681638255459,-0.4936079754831162,-0.7042954984830907,-0.9176711081726902,-0.8264478160896445,-0.5768814123140726,-0.37569125996275965,-0.4602708047417342,0.9711862580712198,3560,7105.0,3652,7304,17,data_hourly_crypto/ETHUSD_1h_2016_2025.csv
ETH,UTC,10,10-10-10,10:00-22:00,22:00-10:00,1,21,Night Reversal / Day Cash,reversal,cash,100.0,31.566282939366612,-0.6843371706063339,0.14032411733152522,-0.5069302654487515,-0.8934970992263713,-0.5403479158565061,-0.8757364516594737,-0.5380941324912148,-0.33403528650576075,-0.46302947633993485,-0.5915536401117784,-0.4585818615301954,-0.2829293385511137,-0.6167322693579416,-0.36826228208359557,0.6378496296267626,7294,7294.0,3652,7304,8,data_hourly_crypto/ETHUSD_1h_2016_2025.csv
ETH,UTC,10,10-10-10,10:00-22:00,22:00-10:00,1,22,Night Reversal / Day Long,reversal,long,100.0,19302.051448036236,192.02051448036235,1.0280125158607278,-0.578926638563985,-0.9006949846596256,-0.5372721225943136,-0.6674429488443758,-0.8415864834821217,-0.38434046592729465,-0.5752191992874977,-0.5524650793796919,-0.5701295394514478,-0.36544597286005653,-0.7530976036237855,-0.5422669701892643,0.9316555703154563,3719,7429.0,3652,7304,3,data_hourly_crypto/ETHUSD_1h_2016_2025.csv
ETH,UTC,10,10-10-10,10:00-22:00,22:00-10:00,1,23,Night Reversal / Day Short,reversal,short,100.0,0.0003435882358291188,-0.9999965641176417,-0.809135958457327,-0.7223452265650592,-0.9999981792855708,-0.8908667827525952,-0.9945058807320345,-0.5530090593052948,-0.5522492928076806,-0.935571090232484,-0.9170245769277149,-0.7439880539839472,-0.3817328383719475,-0.6567460623004076,-0.5977586282364848,0.962654518227549,3593,7177.0,3652,7304,23,data_hourly_crypto/ETHUSD_1h_2016_2025.csv
ETH,UTC,10,10-10-10,10:00-22:00,22:00-10:00,1,24,Night Reversal / Day Trend,reversal,trend,100.0,2.5266288122656952,-0.974733711877343,0.10809419545026631,-0.7045463801203351,-0.9851422565624677,-0.8142595244011503,-0.9008640549801052,-0.7041534001299722,-0.6726806841898576,-0.5788848158335813,-0.5947047313081368,-0.5774036647961132,-0.5784234030352535,-0.7829351985070494,-0.8411543240221315,0.9624909566045016,3560,7105.0,3652,7304,14,data_hourly_crypto/ETHUSD_1h_2016_2025.csv
ETH,UTC,10,10-10-10,10:00-22:00,22:00-10:00,1,25,Night Reversal / Day Reversal,reversal,reversal,100.0,2.627847622602665,-0.9737215237739734,0.080206580687061,-0.6564321689651063,-0.9984453814225214,-0.5105782992310637,-0.9487921863412828,-0.8359404292253092,-0.4079390362207753,-0.795887669428866,-0.9053309912069896,-0.7056339026562066,-0.2811447583086216,-0.6842920618242172,-0.48878235520773106,0.9340270193752044,3757,7499.0,3652,7304,13,data_hourly_crypto/ETHUSD_1h_2016_2025.csv
ETH,UTC,10,10-10-10,10:00-22:00,22:00-10:00,2,1,Night Cash / Day Cash,cash,cash,100.0,100.0,0.0,0.0,0.0,0.0,0.0,0.0,0.0,0.0,0.0,0.0,0.0,0.0,0.0,0.0,0.0,0,0.0,3652,7304,6,data_hourly_crypto/ETHUSD_1h_2016_2025.csv
ETH,UTC,10,10-10-10,10:00-22:00,22:00-10:00,2,2,Night Cash / Day Long,cash,long,100.0,14383.528770561705,142.83528770561705,1.0543226542411002,-0.47457384506919353,-0.8039581793790787,-0.3695080797149407,-0.5590245789655246,-0.7714920793973943,-0.3942482497727471,-0.4467560447832275,-0.40070696541236794,-0.46895937180866676,-0.32827592821533524,-0.46755432101751293,-0.5392128316042183,0.7036320696291366,7303,7303.0,3652,7304,2,data_hourly_crypto/ETHUSD_1h_2016_2025.csv
ETH,UTC,10,10-10-10,10:00-22:00,22:00-10:00,2,3,Night Cash / Day Short,cash,short,100.0,0.0002496634384912541,-0.9999975033656151,-1.4692103566339656,-0.6545141855044295,-0.9999982860234812,-0.9391560998529441,-0.9807090552239233,-0.4357593472736613,-0.5356654198662162,-0.9114546768781662,-0.9095050705379533,-0.6202686272416887,-0.355588979227325,-0.36579436505718554,-0.491240213885232,0.7036337965452385,7303,7303.0,3652,7304,22,data_hourly_crypto/ETHUSD_1h_2016_2025.csv
ETH,UTC,10,10-10-10,10:00-22:00,22:00-10:00,2,4,Night Cash / Day Trend,cash,trend,100.0,1.8256848047361856,-0.9817431519526382,-0.20944264083344183,-0.6124331325994683,-0.9866249209925343,-0.8459198532065113,-0.5566249923638409,-0.5758355904848274,-0.6900591508483684,-0.5985456822465656,-0.4196592695839505,-0.4441365372938121,-0.5072589236145935,-0.6493774109053774,-0.8369139154468362,0.7050977209266606,7295,7295.0,3652,7304,12,data_hourly_crypto/ETHUSD_1h_2016_2025.csv
ETH,UTC,10,10-10-10,10:00-22:00,22:00-10:00,2,5,Night Cash / Day Reversal,cash,reversal,100.0,1.9751380218690235,-0.9802486197813097,-0.20413202338225592,-0.6023426128817313,-0.9983667900157277,-0.5674247497061892,-0.7903934019554659,-0.8172852581422853,-0.4238630230435939,-0.7073438804575304,-0.8741707195843973,-0.6169227330471642,-0.38871163311020196,-0.462129957606925,-0.3751807721635596,0.7051002092460223,7295,7295.0,3652,7304,11,data_hourly_crypto/ETHUSD_1h_2016_2025.csv
ETH,UTC,10,10-10-10,10:00-22:00,22:00-10:00,2,6,Night Long / Day Cash,long,cash,100.0,119.50091686794889,0.1950091686794888,0.34869220447866817,-0.4984674770965512,-0.9666508711047277,-0.7311368780863942,-0.405011722472837,-0.8260819555666918,-0.6064700754741144,-0.4011444985694309,-0.426472351774287,-0.6832495508813545,-0.20672092275416787,-0.35335881564010607,-0.3450279997461282,0.6376384825370588,7304,7304.0,3652,7304,5,data_hourly_crypto/ETHUSD_1h_2016_2025.csv
ETH,UTC,10,10-10-10,10:00-22:00,22:00-10:00,2,7,Night Long / Day Long,long,long,100.0,319171.86943937815,3190.7186943937813,1.3103713691211922,-0.6186372463900255,-0.9407352857061145,-0.6989850169163847,-0.6181170483460562,-0.9407352857061144,-0.6300027225701079,-0.6179980987923805,-0.5969787153714039,-0.754436165860091,-0.27814690814836907,-0.45330189958792466,-0.5976706026014222,0.9732299685192952,1,1.0,3652,7304,1,data_hourly_crypto/ETHUSD_1h_2016_2025.csv
ETH,UTC,10,10-10-10,10:00-22:00,22:00-10:00,2,8,Night Long / Day Short,long,short,100.0,0.00029826292191529675,-0.9999970173707808,-0.8957194688163996,-0.7221302175008318,-0.9999991003657553,-0.9324092449367494,-0.9042722090228228,-0.7455390145961096,-0.6974117329605976,-0.9390266458226089,-0.9271382725472362,-0.8364803073533658,-0.3482616785774365,-0.5189194625172987,-0.3718436066740929,0.9264707064706219,7304,14607.0,3652,7304,21,data_hourly_crypto/ETHUSD_1h_2016_2025.csv
ETH,UTC,10,10-10-10,10:00-22:00,22:00-10:00,2,9,Night Long / Day Trend,long,trend,100.0,9.770005345929695,-0.9022999465407031,0.2510904795195705,-0.6681993341846918,-0.9801433239544325,-0.8826435193210826,-0.6794996611218165,-0.7569991491145754,-0.7429851132860821,-0.5306791061444152,-0.5419085197505504,-0.7642356267715733,-0.3779213173920217,-0.6091551962360627,-0.7959661327087384,0.9701251064299519,3556,7103.0,3652,7304,9,data_hourly_crypto/ETHUSD_1h_2016_2025.csv
ETH,UTC,10,10-10-10,10:00-22:00,22:00-10:00,2,10,Night Long / Day Reversal,long,reversal,100.0,9.753089018302525,-0.9024691098169748,0.2160992447540169,-0.6772535778711326,-0.9994858081300526,-0.8070529130836915,-0.6716358453669604,-0.9483766574535023,-0.6438890492345741,-0.780116678704181,-0.8723267267356326,-0.832912735708462,-0.38005354582784046,-0.48975197677800264,-0.3464196498184795,0.9324668862426728,3757,7505.0,3652,7304,10,data_hourly_crypto/ETHUSD_1h_2016_2025.csv
ETH,UTC,10,10-10-10,10:00-22:00,22:00-10:00,2,11,Night Short / Day Cash,short,cash,100.0,0.07452253063676181,-0.9992547746936323,-0.806586149082301,-0.6173298346670848,-0.999270792240713,-0.8915539994607481,-0.9511687856781038,-0.45607714444428693,-0.65438978746607,-0.510675283408997,-0.632630026805764,-0.2953216559937789,-0.5471839236368152,-0.6110553377928858,-0.623242401983398,0.6376384825370589,7304,7304.0,3652,7304,16,data_hourly_crypto/ETHUSD_1h_2016_2025.csv
ETH,UTC,10,10-10-10,10:00-22:00,22:00-10:00,2,12,Night Short / Day Long,short,long,100.0,10.715837614019149,-0.8928416238598085,0.22295848796979084,-0.642023053955534,-0.9844409692162458,-0.7271774400044532,-0.8646337392426608,-0.725816699252996,-0.6269967000114822,-0.3548725547404791,-0.40369451982496485,-0.4895561933801744,-0.6539715072296046,-0.767881014526658,-0.8056301713418664,0.9361232595117109,7304,14607.0,3652,7304,8,data_hourly_crypto/ETHUSD_1h_2016_2025.csv
ETH,UTC,10,10-10-10,10:00-22:00,22:00-10:00,2,13,Night Short / Day Short,short,short,100.0,3.4548600957443094e-06,-0.999999965451399,-1.2820610556322587,-0.7743634625830623,-0.9999999751833794,-0.9873417513430468,-0.9984088618563384,-0.5776005101840277,-0.7565751443755908,-0.9128753902871,-0.942297757400727,-0.6019715941433428,-0.589052458787048,-0.6226127209869843,-0.7548984364664175,0.9656363466220896,1,1.0,3652,7304,25,data_hourly_crypto/ETHUSD_1h_2016_2025.csv
ETH,UTC,10,10-10-10,10:00-22:00,22:00-10:00,2,14,Night Short / Day Trend,short,trend,100.0,0.0056219489350472105,-0.9999437805106496,-0.5787653569620695,-0.7588784742162534,-0.9999447397717484,-0.9736399763327153,-0.9573014768903192,-0.6842670332148841,-0.836093766860476,-0.717010129174414,-0.5227808336270194,-0.5249417573196304,-0.6918446199895195,-0.7796532282948428,-0.9012519204587129,0.9311394692104165,3757,7505.0,3652,7304,20,data_hourly_crypto/ETHUSD_1h_2016_2025.csv
ETH,UTC,10,10-10-10,10:00-22:00,22:00-10:00,2,15,Night Short / Day Reversal,short,reversal,100.0,0.006591477995877218,-0.9999340852200412,-0.504236715225586,-0.7316646679326462,-0.9999698332715676,-0.8497396201580316,-0.983870255628958,-0.7537739404038458,-0.5540630912874145,-0.7278295520154784,-0.9440924084336403,-0.582917042103624,-0.6225337484958937,-0.6672386692938372,-0.630588351505737,0.9720332278647196,3556,7103.0,3652,7304,19,data_hourly_crypto/ETHUSD_1h_2016_2025.csv
ETH,UTC,10,10-10-10,10:00-22:00,22:00-10:00,2,16,Night Trend / Day Cash,trend,cash,100.0,0.588617963408869,-0.9941138203659113,-0.4832121111842732,-0.5807983996474204,-0.9968790009290326,-0.8698099455457339,-0.8046561572192938,-0.6840554793370929,-0.4596847911310281,-0.43860872406274454,-0.5786410918265303,-0.7050205022480697,-0.4545967740120047,-0.25292342769208187,-0.5599871033996247,0.6377223094615223,7294,7294.0,3652,7304,15,data_hourly_crypto/ETHUSD_1h_2016_2025.csv
ETH,UTC,10,10-10-10,10:00-22:00,22:00-10:00,2,17,Night Trend / Day Long,trend,long,100.0,373.41704836275176,2.7341704836275174,0.6140968808195684,-0.6389351712472571,-0.951971941125094,-0.7844927989884914,-0.8225174231878499,-0.887896482557229,-0.547003525218311,-0.4041521785981903,-0.5697038952237945,-0.7683257231243003,-0.4901573958362919,-0.43313839230221685,-0.681963897435896,0.9781179251145904,3593,7177.0,3652,7304,4,data_hourly_crypto/ETHUSD_1h_2016_2025.csv
ETH,UTC,10,10-10-10,10:00-22:00,22:00-10:00,2,18,Night Trend / Day Short,trend,short,100.0,6.162980905929356e-06,-0.999999938370191,-1.3093967580269148,-0.7576663639933987,-0.9999999682422568,-0.9890988487915122,-0.9793161255014715,-0.6651638039940169,-0.6933217642462219,-0.9099181007353745,-0.9478843402755597,-0.812665334746769,-0.5745121429171076,-0.34696394463909574,-0.6578192340868572,0.9296362199888114,3719,7429.0,3652,7304,24,data_hourly_crypto/ETHUSD_1h_2016_2025.csv
ETH,UTC,10,10-10-10,10:00-22:00,22:00-10:00,2,19,Night Trend / Day Trend,trend,trend,100.0,0.04436959330500814,-0.99955630406695,-0.3496528845385283,-0.721500853490274,-0.9996891057236795,-0.9699430762634448,-0.8349928754175817,-0.6789555233558613,-0.7770195218684608,-0.6771338017910167,-0.5472348320871493,-0.7795860648078278,-0.4924993775183709,-0.5716946534670447,-0.8859488083259824,0.9392045124630581,3757,7499.0,3652,7304,18,data_hourly_crypto/ETHUSD_1h_2016_2025.csv
ETH,UTC,10,10-10-10,10:00-22:00,22:00-10:00,2,20,Night Trend / Day Reversal,trend,reversal,100.0,0.05193813463990361,-0.9994806186536009,-0.29711759398631044,-0.7104199172332407,-0.99996495948906,-0.8699213242956889,-0.9175931129313566,-0.9074257372176999,-0.5050436125688158,-0.7211307414821008,-0.9229925588996993,-0.83583670382973,-0.5832660838036889,-0.37781094009120286,-0.4631783572124242,0.9708305545135106,3560,7105.0,3652,7304,17,data_hourly_crypto/ETHUSD_1h_2016_2025.csv
ETH,UTC,10,10-10-10,10:00-22:00,22:00-10:00,2,21,Night Reversal / Day Cash,reversal,cash,100.0,15.219539996189981,-0.8478046000381002,0.026005192974106386,-0.5197342580810715,-0.9412798515033405,-0.5425035343244196,-0.8797347410802518,-0.5505354323323668,-0.3484635121641877,-0.4947597464139504,-0.609489889665019,-0.4595016283080724,-0.29677954161780495,-0.6432186821971169,-0.3723558727075267,0.6377220305426056,7294,7294.0,3652,7304,7,data_hourly_crypto/ETHUSD_1h_2016_2025.csv
ETH,UTC,10,10-10-10,10:00-22:00,22:00-10:00,2,22,Night Reversal / Day Long,reversal,long,100.0,9180.563430404289,90.80563430404288,0.9482678576848557,-0.5913030270987927,-0.9190485253659065,-0.5399489769644666,-0.674160377141501,-0.8511126169813812,-0.39605185323896885,-0.5764920133620924,-0.5615926996941003,-0.5747485386348798,-0.39681596639216343,-0.769056508299101,-0.5730507202792707,0.9315851315001488,3719,7429.0,3652,7304,3,data_hourly_crypto/ETHUSD_1h_2016_2025.csv
ETH,UTC,10,10-10-10,10:00-22:00,22:00-10:00,2,23,Night Reversal / Day Short,reversal,short,100.0,0.00016759137243375406,-0.9999983240862756,-0.8837807947471829,-0.7293448464144741,-0.9999990895158765,-0.8965274139354649,-0.9948692193050974,-0.5633048159253218,-0.5598870234811676,-0.9402995490065114,-0.9205973889655485,-0.7480528593906244,-0.38935428696960417,-0.6760940774983921,-0.6044618296670072,0.96241264112286,3593,7177.0,3652,7304,23,data_hourly_crypto/ETHUSD_1h_2016_2025.csv
ETH,UTC,10,10-10-10,10:00-22:00,22:00-10:00,2,24,Night Reversal / Day Trend,reversal,trend,100.0,1.2413170309411958,-0.9875868296905881,0.03444823243097833,-0.7130254345837782,-0.9925879077221165,-0.8192088795132231,-0.9030155149083416,-0.7059236946274774,-0.6923639004193368,-0.5863993101221849,-0.5996207596449304,-0.5786699333337159,-0.6003514800678155,-0.7955858366117541,-0.849115036589002,0.9624544963980325,3560,7105.0,3652,7304,13,data_hourly_crypto/ETHUSD_1h_2016_2025.csv
ETH,UTC,10,10-10-10,10:00-22:00,22:00-10:00,2,25,Night Reversal / Day Reversal,reversal,reversal,100.0,1.2411523986267727,-0.9875884760137322,-0.00010711902474507193,-0.6660583428688145,-0.9991123145524955,-0.5141421879518686,-0.9507415686776232,-0.8446915478734616,-0.4148863699116324,-0.8092716554083256,-0.9107921656814534,-0.7138787422558284,-0.305182096806182,-0.699092431724784,-0.49790466239698417,0.9338092874833838,3757,7499.0,3652,7304,14,data_hourly_crypto/ETHUSD_1h_2016_2025.csv
