Asset,Cutoff_Hour,Local_Robustness_Range,Daytime_Session,Nighttime_Session,Strategy_ID,Legacy_Strategy_ID,Strategy_Name,Night_Strategy,Day_Strategy,Transaction_Cost,Transaction_Cost_Unit,Initial_Wealth,Buy_and_Hold_Terminal_Wealth,Terminal_Wealth,Mean_Return,Volatility,Sharpe_Ratio,Maximum_Drawdown,Number_of_Trades,Total_Turnover,N_Trading_Dates,Excess_Wealth_over_Buy_and_Hold
BTC,0,False,00:00-12:00,12:00-00:00,0,1,Night Cash / Day Cash,Cash,Cash,0,bps,100.0,20276.894027153514,100.0,0.0,0.0,0.0,0.0,0,0.0,3652,-20176.894027153514
BTC,0,False,00:00-12:00,12:00-00:00,1,2,Night Cash / Day Long,Cash,Long,0,bps,100.0,20276.894027153514,168.43613632558146,0.00041576637481021154,0.44437242991808107,0.34150347003684,-0.8582957488702135,7303,7303.0,3652,-20108.457890827933
BTC,0,False,00:00-12:00,12:00-00:00,2,3,Night Cash / Day Short,Cash,Short,0,bps,100.0,20276.894027153514,8.177850908183737,-0.0004157663748102107,0.44437242991808107,-0.3415034700368393,-0.9362711333252267,7303,7303.0,3652,-20268.71617624533
BTC,0,False,00:00-12:00,12:00-00:00,3,4,Night Cash / Day Momentum,Cash,Momentum,0,bps,100.0,20276.894027153514,20.356859610626007,-0.0001667854428958813,0.4444312081358656,-0.1369766243741962,-0.9531575705325845,7301,7301.0,3652,-20256.537167542887
BTC,0,False,00:00-12:00,12:00-00:00,4,5,Night Cash / Day Reversal,Cash,Reversal,0,bps,100.0,20276.894027153514,67.66541921844465,0.0001667854428958822,0.4444312081358656,0.13697662437419694,-0.8646601601282233,7301,7301.0,3652,-20209.22860793507
BTC,0,False,00:00-12:00,12:00-00:00,5,6,Night Long / Day Cash,Long,Cash,0,bps,100.0,20276.894027153514,12256.76082735333,0.0016623414205784537,0.5024581577845052,1.207572429884522,-0.5872648654453025,7304,7304.0,3652,-8020.133199800184
BTC,0,False,00:00-12:00,12:00-00:00,6,7,Night Long / Day Long,Long,Long,0,bps,100.0,20276.894027153514,20644.814376261438,0.0020978487141219983,0.6812228561185293,1.1240297852268464,-0.8379049104545747,1,1.0,3652,367.92034910792427
BTC,0,False,00:00-12:00,12:00-00:00,7,8,Night Long / Day Short,Long,Short,0,bps,100.0,20276.894027153514,1002.3396266336183,0.0012268341270349097,0.6581552527586868,0.6803781546843116,-0.7614869210481243,7304,14607.0,3652,-19274.554400519897
BTC,0,False,00:00-12:00,12:00-00:00,8,9,Night Long / Day Momentum,Long,Momentum,0,bps,100.0,20276.894027153514,2495.0915944345284,0.0015007763689199372,0.6718425171568995,0.815344906978922,-0.9012091405043392,3631,7259.0,3652,-17781.802432718985
BTC,0,False,00:00-12:00,12:00-00:00,9,10,Night Long / Day Reversal,Long,Reversal,0,bps,100.0,20276.894027153514,8293.588596430809,0.0018239064722369708,0.6678162413527455,0.9968698290685221,-0.719219988075766,3676,7349.0,3652,-11983.305430722705
BTC,0,False,00:00-12:00,12:00-00:00,10,11,Night Short / Day Cash,Short,Cash,0,bps,100.0,20276.894027153514,0.06403612001984692,-0.0016623414205784535,0.5024581577845052,-1.207572429884522,-0.9995341563179084,7304,7304.0,3652,-20276.829991033494
BTC,0,False,00:00-12:00,12:00-00:00,11,12,Night Short / Day Long,Short,Long,0,bps,100.0,20276.894027153514,0.10785996641424185,-0.0012663159645015774,0.6630623216882815,-0.6970767481798905,-0.9992149771227951,7304,14607.0,3652,-20276.7861671871
BTC,0,False,00:00-12:00,12:00-00:00,12,13,Night Short / Day Short,Short,Short,0,bps,100.0,20276.894027153514,0.005236778422608677,-0.00205836687665533,0.6814660464606866,-1.102481794773524,-0.9999658869400351,1,1.0,3652,-20276.88879037509
BTC,0,False,00:00-12:00,12:00-00:00,13,14,Night Short / Day Momentum,Short,Momentum,0,bps,100.0,20276.894027153514,0.013035743052532177,-0.0018343472547117001,0.6683844115491474,-1.0017240623819341,-0.999906973134853,3676,7349.0,3652,-20276.88099141046
BTC,0,False,00:00-12:00,12:00-00:00,14,15,Night Short / Day Reversal,Short,Reversal,0,bps,100.0,20276.894027153514,0.04333030906265557,-0.0014903355864452072,0.6763145776810168,-0.8043187401308164,-0.999732672988859,3631,7259.0,3652,-20276.850696844453
BTC,0,False,00:00-12:00,12:00-00:00,15,16,Night Momentum / Day Cash,Momentum,Cash,0,bps,100.0,20276.894027153514,1.9491226532777972,-0.0007265005014090596,0.5032630085183649,-0.5269067635131585,-0.9918852419055095,7302,7302.0,3652,-20274.944904500237
BTC,0,False,00:00-12:00,12:00-00:00,16,17,Night Momentum / Day Long,Momentum,Long,0,bps,100.0,20276.894027153514,3.283026889427791,-0.0003362451200035024,0.6586830872947032,-0.18632552006966538,-0.9960236657017241,3291,6581.0,3652,-20273.611000264085
BTC,0,False,00:00-12:00,12:00-00:00,17,18,Night Momentum / Day Short,Momentum,Short,0,bps,100.0,20276.894027153514,0.15939634460269375,-0.0011167558828146169,0.6837994256333406,-0.5961044744221566,-0.9992006433787686,4013,8025.0,3652,-20276.73463080891
BTC,0,False,00:00-12:00,12:00-00:00,18,19,Night Momentum / Day Momentum,Momentum,Momentum,0,bps,100.0,20276.894027153514,0.39678016216667233,-0.0009093660355149927,0.6615250547597826,-0.5017475915307559,-0.9992292736891211,3791,7581.0,3652,-20276.49724699135
BTC,0,False,00:00-12:00,12:00-00:00,19,20,Night Momentum / Day Reversal,Momentum,Reversal,0,bps,100.0,20276.894027153514,1.3188820144220916,-0.0005436349673031264,0.6811130818975194,-0.2913271941758072,-0.9949769300861793,3512,7023.0,3652,-20275.575145139093
BTC,0,False,00:00-12:00,12:00-00:00,20,21,Night Reversal / Day Cash,Reversal,Cash,0,bps,100.0,20276.894027153514,402.7085875612949,0.0007265005014090595,0.5032630085183649,0.5269067635131583,-0.7722394959962536,7302,7302.0,3652,-19874.18543959222
BTC,0,False,00:00-12:00,12:00-00:00,21,22,Night Reversal / Day Long,Reversal,Long,0,bps,100.0,20276.894027153514,678.3067855395625,0.001167777869623923,0.686653087741696,0.6207485701616384,-0.8731291951670617,4013,8025.0,3652,-19598.58724161395
BTC,0,False,00:00-12:00,12:00-00:00,22,23,Night Reversal / Day Short,Reversal,Short,0,bps,100.0,20276.894027153514,32.932907885215265,0.0002852231331941962,0.656947824888355,0.15846988097353693,-0.9349017683944908,3291,6581.0,3652,-20243.961119268297
BTC,0,False,00:00-12:00,12:00-00:00,23,24,Night Reversal / Day Momentum,Reversal,Momentum,0,bps,100.0,20276.894027153514,81.97882180978822,0.0005757951497232296,0.6797860296428484,0.309163796377806,-0.9449506520840069,3512,7023.0,3652,-20194.915205343725
BTC,0,False,00:00-12:00,12:00-00:00,24,25,Night Reversal / Day Reversal,Reversal,Reversal,0,bps,100.0,20276.894027153514,272.49445400203,0.0008772058530948898,0.6641445919492602,0.48209402027939136,-0.9084652901691601,3791,7581.0,3652,-20004.399573151484
BTC,0,False,00:00-12:00,12:00-00:00,0,1,Night Cash / Day Cash,Cash,Cash,1,bps,100.0,20276.894027153514,100.0,0.0,0.0,0.0,0.0,0,0.0,3652,-20176.894027153514
BTC,0,False,00:00-12:00,12:00-00:00,1,2,Night Cash / Day Long,Cash,Long,1,bps,100.0,20276.894027153514,81.143577527799,0.00021572053207285873,0.44428349173623144,0.17722466774286477,-0.8987871908936593,7303,7303.0,3652,-20195.750449625713
BTC,0,False,00:00-12:00,12:00-00:00,2,3,Night Cash / Day Short,Cash,Short,1,bps,100.0,20276.894027153514,3.9396538869563806,-0.0006156457730366694,0.44428363063555526,-0.505782098784355,-0.9683004429179468,7303,7303.0,3652,-20272.95437326656
BTC,0,False,00:00-12:00,12:00-00:00,3,4,Night Cash / Day Momentum,Cash,Momentum,1,bps,100.0,20276.894027153514,9.808814588862685,-0.0003666597301682242,0.44434252211754943,-0.30118837349533994,-0.9738915196859516,7301,7301.0,3652,-20267.085212564652
BTC,0,False,00:00-12:00,12:00-00:00,4,5,Night Cash / Day Reversal,Cash,Reversal,1,bps,100.0,20276.894027153514,32.604122830661964,-3.3155987246846065e-05,0.44434214466153815,-0.027235623472801646,-0.8838733632061445,7301,7301.0,3652,-20244.289904322854
BTC,0,False,00:00-12:00,12:00-00:00,5,6,Night Long / Day Cash,Long,Cash,1,bps,100.0,20276.894027153514,5904.065412481017,0.0014620189689177746,0.5023576711775298,1.0622649046129604,-0.6109150692636185,7304,7304.0,3652,-14372.828614672497
BTC,0,False,00:00-12:00,12:00-00:00,6,7,Night Long / Day Long,Long,Long,1,bps,100.0,20276.894027153514,20642.749894823675,0.0020978211805579294,0.6812228062760661,1.1240151149510131,-0.8379049104545753,1,1.0,3652,365.8558676701614
BTC,0,False,00:00-12:00,12:00-00:00,7,8,Night Long / Day Short,Long,Short,1,bps,100.0,20276.894027153514,232.58275297461785,0.000826411117978648,0.6578921664545777,0.4584946795882428,-0.7932330457647411,7304,14607.0,3652,-20044.311274178897
BTC,0,False,00:00-12:00,12:00-00:00,8,9,Night Long / Day Momentum,Long,Momentum,1,bps,100.0,20276.894027153514,1207.2594277868236,0.0013018880948906413,0.6718058688962568,0.7073310559429852,-0.9137722989930761,3631,7259.0,3652,-19069.63459936669
BTC,0,False,00:00-12:00,12:00-00:00,9,10,Night Long / Day Reversal,Long,Reversal,1,bps,100.0,20276.894027153514,3976.9264540945073,0.0016222724265956238,0.667665886808622,0.8868648936636911,-0.7281723443393644,3676,7349.0,3652,-16299.967573059006
BTC,0,False,00:00-12:00,12:00-00:00,10,11,Night Short / Day Cash,Short,Cash,1,bps,100.0,20276.894027153514,0.03084611396796751,-0.0018619989689177302,0.5023576711775298,-1.3528799551560842,-0.9997681442886451,7304,7304.0,3652,-20276.863181039545
BTC,0,False,00:00-12:00,12:00-00:00,11,12,Night Short / Day Long,Short,Long,1,bps,100.0,20276.894027153514,0.025027812188396874,-0.0016657424095277013,0.6627969808484371,-0.9173185712151612,-0.9998053168390064,7304,14607.0,3652,-20276.868999341325
BTC,0,False,00:00-12:00,12:00-00:00,12,13,Night Short / Day Short,Short,Short,1,bps,100.0,20276.894027153514,0.0052362547447664266,-0.002058394106401494,0.6814660984105589,-1.1024962952506339,-0.9999658869400351,1,1.0,3652,-20276.88879089877
BTC,0,False,00:00-12:00,12:00-00:00,13,14,Night Short / Day Momentum,Short,Momentum,1,bps,100.0,20276.894027153514,0.006250875696523593,-0.002035153686487756,0.6682838506947957,-1.1115502713341503,-0.9999542302775419,3676,7349.0,3652,-20276.887776277817
BTC,0,False,00:00-12:00,12:00-00:00,14,15,Night Short / Day Reversal,Short,Reversal,1,bps,100.0,20276.894027153514,0.020965532584651655,-0.0016889636528439164,0.6760950427765844,-0.9118122368658492,-0.9998603250425163,3631,7259.0,3652,-20276.87306162093
BTC,0,False,00:00-12:00,12:00-00:00,15,16,Night Momentum / Day Cash,Momentum,Cash,1,bps,100.0,20276.894027153514,0.9390775996069691,-0.00092629044679939,0.5031623937838285,-0.671942134902538,-0.9954416735302111,7302,7302.0,3652,-20275.954949553907
BTC,0,False,00:00-12:00,12:00-00:00,16,17,Night Momentum / Day Long,Momentum,Long,1,bps,100.0,20276.894027153514,1.6999519997391126,-0.0005159080155034774,0.6588235178848301,-0.2858222582328753,-0.9974697574738699,3291,6581.0,3652,-20275.194075153773
BTC,0,False,00:00-12:00,12:00-00:00,17,18,Night Momentum / Day Short,Momentum,Short,1,bps,100.0,20276.894027153514,0.07143683110585812,-0.001336462539553894,0.6835527034146197,-0.7136374774035281,-0.9995986406308703,4013,8025.0,3652,-20276.82259032241
BTC,0,False,00:00-12:00,12:00-00:00,18,19,Night Momentum / Day Momentum,Momentum,Momentum,1,bps,100.0,20276.894027153514,0.18589956681362543,-0.0011166092333913208,0.6614849779345385,-0.6161324652608589,-0.9995585443315865,3791,7581.0,3652,-20276.7081275867
BTC,0,False,00:00-12:00,12:00-00:00,19,20,Night Momentum / Day Reversal,Momentum,Reversal,1,bps,100.0,20276.894027153514,0.6533869088738615,-0.0007358905294450905,0.6809431831891214,-0.39445294391449764,-0.9969899328597192,3512,7023.0,3652,-20276.24064024464
BTC,0,False,00:00-12:00,12:00-00:00,20,21,Night Reversal / Day Cash,Reversal,Cash,1,bps,100.0,20276.894027153514,194.0229944545565,0.0005264199703481746,0.5031623360593243,0.3818713671653466,-0.8165403427729803,7302,7302.0,3652,-20082.871032698957
BTC,0,False,00:00-12:00,12:00-00:00,21,22,Night Reversal / Day Long,Reversal,Long,1,bps,100.0,20276.894027153514,303.99748123037375,0.0009480409504319764,0.686656045933266,0.5039421832183233,-0.8891524557402993,4013,8025.0,3652,-19972.89654592314
BTC,0,False,00:00-12:00,12:00-00:00,22,23,Night Reversal / Day Short,Reversal,Short,1,bps,100.0,20276.894027153514,17.05266648804497,0.00010453490770955293,0.656582720199358,0.058111857257531464,-0.9419046281085875,3291,6581.0,3652,-20259.84136066547
BTC,0,False,00:00-12:00,12:00-00:00,23,24,Night Reversal / Day Momentum,Reversal,Momentum,1,bps,100.0,20276.894027153514,40.613101391703346,0.00038345316534294644,0.6796857007866701,0.20591930238959694,-0.9568838336320675,3512,7023.0,3652,-20236.28092576181
BTC,0,False,00:00-12:00,12:00-00:00,24,25,Night Reversal / Day Reversal,Reversal,Reversal,1,bps,100.0,20276.894027153514,127.66918759616297,0.0006693088267455383,0.6639474282037264,0.3679473876765448,-0.9202972251865443,3791,7581.0,3652,-20149.22483955735
BTC,0,False,00:00-12:00,12:00-00:00,0,1,Night Cash / Day Cash,Cash,Cash,2,bps,100.0,20276.894027153514,100.0,0.0,0.0,0.0,0.0,0,0.0,3652,-20176.894027153514
BTC,0,False,00:00-12:00,12:00-00:00,1,2,Night Cash / Day Long,Cash,Long,2,bps,100.0,20276.894027153514,39.08780733773606,1.5694692189012494e-05,0.4441945646928058,0.01289651676163866,-0.9281896682887262,7303,7303.0,3652,-20237.80621981578
BTC,0,False,00:00-12:00,12:00-00:00,2,3,Night Cash / Day Short,Cash,Short,2,bps,100.0,20276.894027153514,1.8977772092678151,-0.000815505185069535,0.44419484248770336,-0.6701099699477495,-0.9844539442362167,7303,7303.0,3652,-20274.996249944244
BTC,0,False,00:00-12:00,12:00-00:00,3,4,Night Cash / Day Momentum,Cash,Momentum,2,bps,100.0,20276.894027153514,4.725965587547423,-0.0005665140317723829,0.4442538562304943,-0.4654492441583587,-0.9854488141915178,7301,7301.0,3652,-20272.168061565968
BTC,0,False,00:00-12:00,12:00-00:00,4,5,Night Cash / Day Reversal,Cash,Reversal,2,bps,100.0,20276.894027153514,15.708928037525805,-0.00023307742496356148,0.44425310132156265,-0.19149727904796676,-0.9003605347494101,7301,7301.0,3652,-20261.185099115988
BTC,0,False,00:00-12:00,12:00-00:00,5,6,Night Long / Day Cash,Long,Cash,2,bps,100.0,20276.894027153514,2843.77270977796,0.001261716550503923,0.5022571946197177,0.9169137761831722,-0.6584554574093511,7304,7304.0,3652,-17433.121317375553
BTC,0,False,00:00-12:00,12:00-00:00,6,7,Night Long / Day Long,Long,Long,2,bps,100.0,20276.894027153514,20640.685413386287,0.002097793646993861,0.6812227579170028,1.1240004422254608,-0.8379049104545748,1,1.0,3652,363.7913862327732
BTC,0,False,00:00-12:00,12:00-00:00,7,8,Night Long / Day Short,Long,Short,2,bps,100.0,20276.894027153514,53.95270109595791,0.00042606819599669965,0.6576291342952534,0.23647810510319392,-0.8949835577302527,7304,14607.0,3652,-20222.941326057557
BTC,0,False,00:00-12:00,12:00-00:00,8,9,Night Long / Day Momentum,Long,Momentum,2,bps,100.0,20276.894027153514,584.0521876672663,0.0011030184638465715,0.6717794944393242,0.5993063834733675,-0.9247398580917447,3631,7259.0,3652,-19692.84183948625
BTC,0,False,00:00-12:00,12:00-00:00,9,10,Night Long / Day Reversal,Long,Reversal,2,bps,100.0,20276.894027153514,1906.728182310864,0.0014206575729062976,0.6675259264016318,0.7768088003802978,-0.7368409707067061,3676,7349.0,3652,-18370.16584484265
BTC,0,False,00:00-12:00,12:00-00:00,10,11,Night Short / Day Cash,Short,Cash,2,bps,100.0,20276.894027153514,0.01485744668739122,-0.002061636550503836,0.5022571946197176,-1.4982310835858725,-0.9998846108218183,7304,7304.0,3652,-20276.879169706826
BTC,0,False,00:00-12:00,12:00-00:00,11,12,Night Short / Day Long,Short,Long,2,bps,100.0,20276.894027153514,0.005805753233274843,-0.0020650889666929645,0.6625316945855703,-1.13769270059514,-0.999952229171424,7304,14607.0,3652,-20276.88822140028
BTC,0,False,00:00-12:00,12:00-00:00,12,13,Night Short / Day Short,Short,Short,2,bps,100.0,20276.894027153514,0.005235731066924129,-0.002058421336147658,0.6814661518107563,-1.1025107933791234,-0.9999658869400351,1,1.0,3652,-20276.888791422447
BTC,0,False,00:00-12:00,12:00-00:00,13,14,Night Short / Day Momentum,Short,Momentum,2,bps,100.0,20276.894027153514,0.0029969678826754077,-0.002235941008502424,0.6681935967443037,-1.2213802587750435,-0.9999776546252249,3676,7349.0,3652,-20276.89103018563
BTC,0,False,00:00-12:00,12:00-00:00,14,15,Night Short / Day Reversal,Short,Reversal,2,bps,100.0,20276.894027153514,0.010142778668643724,-0.001887573046176916,0.6758857300549459,-1.0193500635063935,-0.9999305182293091,3631,7259.0,3652,-20276.883884374845
BTC,0,False,00:00-12:00,12:00-00:00,15,16,Night Momentum / Day Cash,Momentum,Cash,2,bps,100.0,20276.894027153514,0.45240987382825615,-0.0011260604121961833,0.5030617970578246,-0.8170209959401131,-0.9975464758436804,7302,7302.0,3652,-20276.441617279685
BTC,0,False,00:00-12:00,12:00-00:00,16,17,Night Momentum / Day Long,Momentum,Long,2,bps,100.0,20276.894027153514,0.8801196091835207,-0.0006955349802931036,0.6589857427899553,-0.38524394584345545,-0.9983900880048974,3291,6581.0,3652,-20276.01390754433
BTC,0,False,00:00-12:00,12:00-00:00,17,18,Night Momentum / Day Short,Momentum,Short,2,bps,100.0,20276.894027153514,0.03201078151015844,-0.0015561252560588785,0.6833271412765202,-0.8312061443958442,-0.999810150316709,4013,8025.0,3652,-20276.862016372004
BTC,0,False,00:00-12:00,12:00-00:00,18,19,Night Momentum / Day Momentum,Momentum,Momentum,2,bps,100.0,20276.894027153514,0.08708451455102457,-0.001323832063574334,0.6614552601429607,-0.7305085201079176,-0.9997486001764975,3791,7581.0,3652,-20276.806942638963
BTC,0,False,00:00-12:00,12:00-00:00,19,20,Night Momentum / Day Reversal,Momentum,Reversal,2,bps,100.0,20276.894027153514,0.32364871770745735,-0.0009281287240102548,0.6807833996789355,-0.49761346181988125,-0.9984000768542557,3512,7023.0,3652,-20276.570378435805
BTC,0,False,00:00-12:00,12:00-00:00,20,21,Night Reversal / Day Cash,Reversal,Cash,2,bps,100.0,20276.894027153514,93.47248670153084,0.00032635944834084863,0.5030616816145912,0.2367924312225228,-0.8551557045195703,7302,7302.0,3652,-20183.421540451982
BTC,0,False,00:00-12:00,12:00-00:00,21,22,Night Reversal / Day Long,Reversal,Long,2,bps,100.0,20276.894027153514,136.22100533664337,0.000728347977556678,0.6866801065374872,0.3871482649303666,-0.9122142472492721,4013,8025.0,3652,-20140.67302181687
BTC,0,False,00:00-12:00,12:00-00:00,22,23,Night Reversal / Day Short,Reversal,Short,2,bps,100.0,20276.894027153514,8.828711732624333,-7.611718200749363e-05,0.6562396791815372,-0.04233631752865946,-0.9481553445392017,3291,6581.0,3652,-20268.06531542089
BTC,0,False,00:00-12:00,12:00-00:00,23,24,Night Reversal / Day Momentum,Reversal,Momentum,2,bps,100.0,20276.894027153514,20.117296519152177,0.00019112855506305947,0.6795955325982171,0.10265212063902804,-0.9670820845756787,3512,7023.0,3652,-20256.776730634363
BTC,0,False,00:00-12:00,12:00-00:00,24,25,Night Reversal / Day Reversal,Reversal,Reversal,2,bps,100.0,20276.894027153514,59.806536483658675,0.0004614322868842154,0.6637607030109438,0.25374021684131204,-0.9306016655464895,3791,7581.0,3652,-20217.087490669855
BTC,1,False,01:00-13:00,13:00-01:00,0,1,Night Cash / Day Cash,Cash,Cash,0,bps,100.0,20276.894027153514,100.0,0.0,0.0,0.0,0.0,0,0.0,3652,-20176.894027153514
BTC,1,False,01:00-13:00,13:00-01:00,1,2,Night Cash / Day Long,Cash,Long,0,bps,100.0,20276.894027153514,165.99426104891302,0.00042045826916476656,0.452047156920654,0.3394939353021465,-0.8370363245188456,7303,7303.0,3652,-20110.8997661046
BTC,1,False,01:00-13:00,13:00-01:00,2,3,Night Cash / Day Short,Cash,Short,0,bps,100.0,20276.894027153514,7.737219791696703,-0.00042045826916476705,0.452047156920654,-0.33949393530214694,-0.9346120661919464,7303,7303.0,3652,-20269.15680736182
BTC,1,False,01:00-13:00,13:00-01:00,3,4,Night Cash / Day Momentum,Cash,Momentum,0,bps,100.0,20276.894027153514,9.65966622405388,-0.00036011328620733513,0.4520589834760026,-0.29076150296801884,-0.9718287619702017,7299,7299.0,3652,-20267.23436092946
BTC,1,False,01:00-13:00,13:00-01:00,4,5,Night Cash / Day Reversal,Cash,Reversal,0,bps,100.0,20276.894027153514,132.96708456910076,0.00036011328620733465,0.4520589834760027,0.2907615029680184,-0.7026950360163267,7299,7299.0,3652,-20143.926942584414
BTC,1,False,01:00-13:00,13:00-01:00,5,6,Night Long / Day Cash,Long,Cash,0,bps,100.0,20276.894027153514,12369.722844426198,0.0016621228444504755,0.49970275391093466,1.214071432419112,-0.5935479602487133,7304,7304.0,3652,-7907.171182727316
BTC,1,False,01:00-13:00,13:00-01:00,6,7,Night Long / Day Long,Long,Long,0,bps,100.0,20276.894027153514,20533.030029403893,0.0020932449897159452,0.6802618957595901,1.1231474613070724,-0.836713697600022,1,1.0,3652,256.13600225037953
BTC,1,False,01:00-13:00,13:00-01:00,7,8,Night Long / Day Short,Long,Short,0,bps,100.0,20276.894027153514,957.0726440969717,0.0012310006991850043,0.665757433123765,0.6748933362926469,-0.6836996374127005,7304,14607.0,3652,-19319.821383056544
BTC,1,False,01:00-13:00,13:00-01:00,8,9,Night Long / Day Momentum,Long,Momentum,0,bps,100.0,20276.894027153514,1194.8739396121096,0.0013051855326800454,0.672863161613697,0.7080083241378613,-0.8945875100048153,3655,7305.0,3652,-19082.020087541405
BTC,1,False,01:00-13:00,13:00-01:00,9,10,Night Long / Day Reversal,Long,Reversal,0,bps,100.0,20276.894027153514,16447.659835511593,0.0020190601562209043,0.6732562026272869,1.0946159190880973,-0.5859615604354205,3654,7303.0,3652,-3829.234191641921
BTC,1,False,01:00-13:00,13:00-01:00,10,11,Night Short / Day Cash,Short,Cash,0,bps,100.0,20276.894027153514,0.06531933990696696,-0.0016621228444504753,0.49970275391093466,-1.2140714324191118,-0.999537471230583,7304,7304.0,3652,-20276.828707813605
BTC,1,False,01:00-13:00,13:00-01:00,11,12,Night Short / Day Long,Short,Long,0,bps,100.0,20276.894027153514,0.10842635560059825,-0.0012523284513864124,0.6717887949257727,-0.6804220138958204,-0.9993418777585382,7304,14607.0,3652,-20276.785600797914
BTC,1,False,01:00-13:00,13:00-01:00,12,13,Night Short / Day Short,Short,Short,0,bps,100.0,20276.894027153514,0.005053900895087539,-0.002071917237514539,0.6788834468112421,-1.1139611596732237,-0.9999675589650835,1,1.0,3652,-20276.88897325262
BTC,1,False,01:00-13:00,13:00-01:00,13,14,Night Short / Day Momentum,Short,Momentum,0,bps,100.0,20276.894027153514,0.006309630214768197,-0.002025412105094715,0.6710598258278248,-1.1016535186674226,-0.9999666491567076,3654,7303.0,3652,-20276.8877175233
BTC,1,False,01:00-13:00,13:00-01:00,14,15,Night Short / Day Reversal,Short,Reversal,0,bps,100.0,20276.894027153514,0.08685322193407499,-0.0012988335838062365,0.6796138664468836,-0.6975641338335294,-0.9993006181807249,3655,7305.0,3652,-20276.80717393158
BTC,1,False,01:00-13:00,13:00-01:00,15,16,Night Momentum / Day Cash,Momentum,Cash,0,bps,100.0,20276.894027153514,14.513561754585902,-0.0001819974178822391,0.5006926453216247,-0.1326743225563977,-0.9822475022353918,7302,7302.0,3652,-20262.38046539893
BTC,1,False,01:00-13:00,13:00-01:00,16,17,Night Momentum / Day Long,Momentum,Long,0,bps,100.0,20276.894027153514,24.09167958640255,0.00022517070903012697,0.6684643670305421,0.12294942385798285,-0.9961975718089959,3287,6573.0,3652,-20252.80234756711
BTC,1,False,01:00-13:00,13:00-01:00,17,18,Night Momentum / Day Short,Momentum,Short,0,bps,100.0,20276.894027153514,1.1229461725559478,-0.0005891655447946049,0.6790794408800951,-0.3166719692932087,-0.9960327721674485,4017,8033.0,3652,-20275.771080980958
BTC,1,False,01:00-13:00,13:00-01:00,18,19,Night Momentum / Day Momentum,Momentum,Momentum,0,bps,100.0,20276.894027153514,1.4019616227149239,-0.0005319115552152027,0.6770451502409524,-0.2867574157860138,-0.9993110114592749,3749,7495.0,3652,-20275.492065530798
BTC,1,False,01:00-13:00,13:00-01:00,19,20,Night Momentum / Day Reversal,Momentum,Reversal,0,bps,100.0,20276.894027153514,19.298259932208982,0.00016791671945072474,0.6705385839196074,0.09140354346389512,-0.9576486557519348,3556,7109.0,3652,-20257.595767221304
BTC,1,False,01:00-13:00,13:00-01:00,20,21,Night Reversal / Day Cash,Reversal,Cash,0,bps,100.0,20276.894027153514,55.674327786246,0.00018199741788223916,0.5006926453216248,0.13267432255639772,-0.8686972636324019,7302,7302.0,3652,-20221.21969936727
BTC,1,False,01:00-13:00,13:00-01:00,21,22,Night Reversal / Day Long,Reversal,Long,0,bps,100.0,20276.894027153514,92.41618900272883,0.0006157458292994062,0.6849926015282417,0.3281016863435671,-0.8941162387978563,4017,8033.0,3652,-20184.477838150786
BTC,1,False,01:00-13:00,13:00-01:00,22,23,Night Reversal / Day Short,Reversal,Short,0,bps,100.0,20276.894027153514,4.307645108371565,-0.00025175099353492997,0.6670268382754132,-0.13775924350784327,-0.9757941987036193,3287,6573.0,3652,-20272.58638204514
BTC,1,False,01:00-13:00,13:00-01:00,23,24,Night Reversal / Day Momentum,Reversal,Momentum,0,bps,100.0,20276.894027153514,5.377954236637047,-0.00018831501719946683,0.6683314340459091,-0.10284565078991008,-0.9749084956387438,3556,7109.0,3652,-20271.51607291688
BTC,1,False,01:00-13:00,13:00-01:00,24,25,Night Reversal / Day Reversal,Reversal,Reversal,0,bps,100.0,20276.894027153514,74.02853051081625,0.000552309852963943,0.683737527333691,0.29483988851390597,-0.9540988857861928,3749,7495.0,3652,-20202.8654966427
BTC,1,False,01:00-13:00,13:00-01:00,0,1,Night Cash / Day Cash,Cash,Cash,1,bps,100.0,20276.894027153514,100.0,0.0,0.0,0.0,0.0,0,0.0,3652,-20176.894027153514
BTC,1,False,01:00-13:00,13:00-01:00,1,2,Night Cash / Day Long,Cash,Long,1,bps,100.0,20276.894027153514,79.96721181348111,0.000220411375068234,0.4519565945299002,0.17800415542909628,-0.8835559942594027,7303,7303.0,3652,-20196.926815340033
BTC,1,False,01:00-13:00,13:00-01:00,2,3,Night Cash / Day Short,Cash,Short,1,bps,100.0,20276.894027153514,3.7273812360763507,-0.0006203366160320465,0.4519569138717165,-0.5009832970847412,-0.967972271099732,7303,7303.0,3652,-20273.166645917438
BTC,1,False,01:00-13:00,13:00-01:00,3,4,Night Cash / Day Momentum,Cash,Momentum,1,bps,100.0,20276.894027153514,4.655375613557214,-0.0005598941585349416,0.4519687933690283,-0.4521581376048556,-0.9818680978309282,7299,7299.0,3652,-20272.238651539956
BTC,1,False,01:00-13:00,13:00-01:00,4,5,Night Cash / Day Reversal,Cash,Reversal,1,bps,100.0,20276.894027153514,64.08210268874129,0.00016018795919215875,0.45196837726089406,0.12936437159493472,-0.7433659676882325,7299,7299.0,3652,-20212.81192446477
BTC,1,False,01:00-13:00,13:00-01:00,5,6,Night Long / Day Cash,Long,Cash,1,bps,100.0,20276.894027153514,5958.479066081543,0.0014618004365028368,0.49960281835717996,1.0679626689817439,-0.6212477946715314,7304,7304.0,3652,-14318.41496107197
BTC,1,False,01:00-13:00,13:00-01:00,6,7,Night Long / Day Long,Long,Long,1,bps,100.0,20276.894027153514,20530.97672640086,0.0020932175782965396,0.6802619116226064,1.1231327272988643,-0.8367136976000223,1,1.0,3652,254.08269924734486
BTC,1,False,01:00-13:00,13:00-01:00,7,8,Night Long / Day Short,Long,Short,1,bps,100.0,20276.894027153514,222.07900839795417,0.0008305761293239779,0.6654913638465936,0.45554353320373847,-0.8006339406158529,7304,14607.0,3652,-20054.81501875556
BTC,1,False,01:00-13:00,13:00-01:00,8,9,Night Long / Day Momentum,Long,Momentum,1,bps,100.0,20276.894027153514,575.4906229015538,0.0011051104974165158,0.6728402809571965,0.5994964079486924,-0.9138103530191141,3655,7305.0,3652,-19701.40340425196
BTC,1,False,01:00-13:00,13:00-01:00,9,10,Night Long / Day Reversal,Long,Reversal,1,bps,100.0,20276.894027153514,7923.319074629936,0.0018186209315157334,0.6730933853076179,0.9861880305061587,-0.6053033083955017,3654,7303.0,3652,-12353.574952523577
BTC,1,False,01:00-13:00,13:00-01:00,10,11,Night Short / Day Cash,Short,Cash,1,bps,100.0,20276.894027153514,0.03146423928336471,-0.001861780436502791,0.49960281835717996,-1.3601801958564803,-0.999772722160457,7304,7304.0,3652,-20276.86256291423
BTC,1,False,01:00-13:00,13:00-01:00,11,12,Night Short / Day Long,Short,Long,1,bps,100.0,20276.894027153514,0.02515923705948555,-0.0016517605947698982,0.6715199103823205,-0.8978030401924557,-0.9998188253117705,7304,14607.0,3652,-20276.868867916455
BTC,1,False,01:00-13:00,13:00-01:00,12,13,Night Short / Day Short,Short,Short,1,bps,100.0,20276.894027153514,0.005053395504997971,-0.0020719445876592013,0.6788834343194906,-1.1139758849082528,-0.9999675589650835,1,1.0,3652,-20276.88897375801
BTC,1,False,01:00-13:00,13:00-01:00,13,14,Night Short / Day Momentum,Short,Momentum,1,bps,100.0,20276.894027153514,0.003039533522367489,-0.002224897070553164,0.6709764598876846,-1.2103068874992138,-0.9999832398263783,3654,7303.0,3652,-20276.89098761999
BTC,1,False,01:00-13:00,13:00-01:00,14,15,Night Short / Day Reversal,Short,Reversal,1,bps,100.0,20276.894027153514,0.04183137077043786,-0.0014987947970456384,0.6793672877474196,-0.8052494001227921,-0.9996537076531006,3655,7305.0,3652,-20276.852195782743
BTC,1,False,01:00-13:00,13:00-01:00,15,16,Night Momentum / Day Cash,Momentum,Cash,1,bps,100.0,20276.894027153514,6.992561864346287,-0.00038189625844424507,0.5005925230596363,-0.27845428749151224,-0.9871850824097724,7302,7302.0,3652,-20269.901465289167
BTC,1,False,01:00-13:00,13:00-01:00,16,17,Night Momentum / Day Long,Momentum,Long,1,bps,100.0,20276.894027153514,12.484661386574592,4.5634564951191166e-05,0.6686078840546266,0.024912383781917676,-0.99717358196956,3287,6573.0,3652,-20264.40936576694
BTC,1,False,01:00-13:00,13:00-01:00,17,18,Night Momentum / Day Short,Momentum,Short,1,bps,100.0,20276.894027153514,0.5028694964552163,-0.0008091764774556483,0.6788422130447574,-0.4350781501147433,-0.9978834677959986,4017,8033.0,3652,-20276.391157657057
BTC,1,False,01:00-13:00,13:00-01:00,18,19,Night Momentum / Day Momentum,Momentum,Momentum,1,bps,100.0,20276.894027153514,0.6625213269641818,-0.0007368444465971293,0.6770177132784535,-0.3972543372692161,-0.999503365848052,3749,7495.0,3652,-20276.23150582655
BTC,1,False,01:00-13:00,13:00-01:00,19,20,Night Momentum / Day Reversal,Momentum,Reversal,1,bps,100.0,20276.894027153514,9.47866845829811,-2.6863817618155522e-05,0.6703515782200266,-0.014627090841887175,-0.9699145622429336,3556,7109.0,3652,-20267.415358695216
BTC,1,False,01:00-13:00,13:00-01:00,20,21,Night Reversal / Day Cash,Reversal,Cash,1,bps,100.0,20276.894027153514,26.82361420884242,-1.7974218006969276e-05,0.5005925085246938,-0.01310564872790172,-0.8859543763033919,7302,7302.0,3652,-20250.07041294467
BTC,1,False,01:00-13:00,13:00-01:00,21,22,Night Reversal / Day Long,Reversal,Long,1,bps,100.0,20276.894027153514,41.385138098234734,0.00039587637462970484,0.6849698113658159,0.21095072270662907,-0.9118778837199539,4017,8033.0,3652,-20235.50888905528
BTC,1,False,01:00-13:00,13:00-01:00,22,23,Night Reversal / Day Short,Reversal,Short,1,bps,100.0,20276.894027153514,2.232284816784112,-0.00043213641296507523,0.6666592818774915,-0.23659730693022532,-0.983371055300557,3287,6573.0,3652,-20274.66174233673
BTC,1,False,01:00-13:00,13:00-01:00,23,24,Night Reversal / Day Momentum,Reversal,Momentum,1,bps,100.0,20276.894027153514,2.6414736547259023,-0.00038283260299077824,0.6682509890513546,-0.2091039181101692,-0.9858788758980351,3556,7109.0,3652,-20274.252553498787
BTC,1,False,01:00-13:00,13:00-01:00,24,25,Night Reversal / Day Reversal,Reversal,Reversal,1,bps,100.0,20276.894027153514,34.983468500554864,0.0003467994756369909,0.683516163380214,0.18519212183880573,-0.9602792016009405,3749,7495.0,3652,-20241.91055865296
BTC,1,False,01:00-13:00,13:00-01:00,0,1,Night Cash / Day Cash,Cash,Cash,2,bps,100.0,20276.894027153514,100.0,0.0,0.0,0.0,0.0,0,0.0,3652,-20176.894027153514
BTC,1,False,01:00-13:00,13:00-01:00,1,2,Night Cash / Day Long,Cash,Long,2,bps,100.0,20276.894027153514,38.52113825805159,2.0384483941654376e-05,0.45186604339273645,0.016465801640768846,-0.9195439572318144,7303,7303.0,3652,-20238.37288889546
BTC,1,False,01:00-13:00,13:00-01:00,2,3,Night Cash / Day Short,Cash,Short,2,bps,100.0,20276.894027153514,1.7955229984791987,-0.0008201949768221779,0.4518666820726269,-0.6625210010327296,-0.9843135860524761,7303,7303.0,3652,-20275.098504155034
BTC,1,False,01:00-13:00,13:00-01:00,3,4,Night Cash / Day Momentum,Cash,Momentum,2,bps,100.0,20276.894027153514,2.2434460430188157,-0.0007596550600122811,0.4518786277645302,-0.6136030337973133,-0.9884935848154485,7299,7299.0,3652,-20274.650581110494
BTC,1,False,01:00-13:00,13:00-01:00,4,5,Night Cash / Day Reversal,Cash,Reversal,2,bps,100.0,20276.894027153514,30.881447951636204,-3.97173824848909e-05,0.45187779556114144,-0.03208133869242902,-0.7784764281909355,7299,7299.0,3652,-20246.012579201877
BTC,1,False,01:00-13:00,13:00-01:00,5,6,Night Long / Day Cash,Long,Cash,2,bps,100.0,20276.894027153514,2869.9817796878856,0.0012614980617976519,0.49950289279748045,0.921810061954591,-0.6472457944669012,7304,7304.0,3652,-17406.91224746563
BTC,1,False,01:00-13:00,13:00-01:00,6,7,Night Long / Day Long,Long,Long,2,bps,100.0,20276.894027153514,20528.92342339789,0.002093190166877134,0.6802619289579706,1.123117990860485,-0.8367136976000225,1,1.0,3652,252.02939624437568
BTC,1,False,01:00-13:00,13:00-01:00,7,8,Night Long / Day Short,Long,Short,2,bps,100.0,20276.894027153514,51.516125794113584,0.00043023164682831475,0.6652253492933224,0.2360621874364149,-0.8891429533296651,7304,14607.0,3652,-20225.3779013594
BTC,1,False,01:00-13:00,13:00-01:00,8,9,Night Long / Day Momentum,Long,Momentum,2,bps,100.0,20276.894027153514,277.1347336592321,0.0009050546930098395,0.6728278065150444,0.49097995021881563,-0.939669181914802,3655,7305.0,3652,-19999.75929349428
BTC,1,False,01:00-13:00,13:00-01:00,9,10,Night Long / Day Reversal,Long,Reversal,2,bps,100.0,20276.894027153514,3816.337182858223,0.0016182010192973568,0.6729410708147117,0.877704449408117,-0.6562905307107341,3654,7303.0,3652,-16460.55684429529
BTC,1,False,01:00-13:00,13:00-01:00,10,11,Night Short / Day Cash,Short,Cash,2,bps,100.0,20276.894027153514,0.01515517507966704,-0.002061418061797567,0.49950289279748045,-1.5063328028836334,-0.9998883279288646,7304,7304.0,3652,-20276.878871978435
BTC,1,False,01:00-13:00,13:00-01:00,11,12,Night Short / Day Long,Short,Long,2,bps,100.0,20276.894027153514,0.00583624013179053,-0.002051112849131949,0.6712510811050144,-1.1153146877629196,-0.9999532276942349,7304,14607.0,3652,-20276.88819091338
BTC,1,False,01:00-13:00,13:00-01:00,12,13,Night Short / Day Short,Short,Short,2,bps,100.0,20276.894027153514,0.005052890114908514,-0.0020719719378038642,0.6788834232964881,-1.1139906077337307,-0.9999675589650835,1,1.0,3652,-20276.8889742634
BTC,1,False,01:00-13:00,13:00-01:00,13,14,Night Short / Day Momentum,Short,Momentum,2,bps,100.0,20276.894027153514,0.001464018385564849,-0.0024243628058476887,0.6709035652237015,-1.3189562107027315,-0.9999917534682492,3654,7303.0,3652,-20276.892563135127
BTC,1,False,01:00-13:00,13:00-01:00,14,15,Night Short / Day Reversal,Short,Reversal,2,bps,100.0,20276.894027153514,0.020144421708585998,-0.0016987366755603212,0.6791311277311861,-0.9129884660874227,-0.9998287760873178,3655,7305.0,3652,-20276.873882731805
BTC,1,False,01:00-13:00,13:00-01:00,15,16,Night Momentum / Day Cash,Momentum,Cash,2,bps,100.0,20276.894027153514,3.368735482679217,-0.000581775108122652,0.5004924187977273,-0.4242779840199494,-0.9922865867866493,7302,7302.0,3652,-20273.525291670834
BTC,1,False,01:00-13:00,13:00-01:00,16,17,Night Momentum / Day Long,Momentum,Long,2,bps,100.0,20276.894027153514,6.468883742256269,-0.000133865673747603,0.6687728912872565,-0.0730606332200866,-0.997899193773052,3287,6573.0,3652,-20270.42514341126
BTC,1,False,01:00-13:00,13:00-01:00,17,18,Night Momentum / Day Short,Momentum,Short,2,bps,100.0,20276.894027153514,0.22515513107164822,-0.0010291434090437417,0.6786263102603346,-0.5535260549460036,-0.9988879713982675,4017,8033.0,3652,-20276.66887202244
BTC,1,False,01:00-13:00,13:00-01:00,18,19,Night Momentum / Day Momentum,Momentum,Momentum,2,bps,100.0,20276.894027153514,0.3130390283658515,-0.0009417570699758417,0.6770006105355492,-0.5077415369969337,-0.9996426863508798,3749,7495.0,3652,-20276.580988125148
BTC,1,False,01:00-13:00,13:00-01:00,19,20,Night Momentum / Day Reversal,Momentum,Reversal,2,bps,100.0,20276.894027153514,4.654947148995993,-0.00022162610892084475,0.670175106829884,-0.12070506488782817,-0.9829411173213721,3556,7109.0,3652,-20272.239080004518
BTC,1,False,01:00-13:00,13:00-01:00,20,21,Night Reversal / Day Cash,Reversal,Cash,2,bps,100.0,20276.894027153514,12.922540080733915,-0.00021792585573268466,0.5004923897292965,-0.15892936431151852,-0.915799156107913,7302,7302.0,3652,-20263.97148707278
BTC,1,False,01:00-13:00,13:00-01:00,21,22,Night Reversal / Day Long,Reversal,Long,2,bps,100.0,20276.894027153514,18.529809937986926,0.00017605089280900608,0.68496816247118,0.09381250019484065,-0.9266627664977053,4017,8033.0,3652,-20258.364217215527
BTC,1,False,01:00-13:00,13:00-01:00,22,23,Night Reversal / Day Short,Reversal,Short,2,bps,100.0,20276.894027153514,1.1566505900519433,-0.0006124857572175017,0.6663134299080552,-0.3355137257480114,-0.9913518217439267,3287,6573.0,3652,-20275.737376563462
BTC,1,False,01:00-13:00,13:00-01:00,23,24,Night Reversal / Day Momentum,Reversal,Momentum,2,bps,100.0,20276.894027153514,1.2972202068582679,-0.000577332006717429,0.6681810489297316,-0.31537288103186284,-0.9920537559072605,3556,7109.0,3652,-20275.596806946654
BTC,1,False,01:00-13:00,13:00-01:00,24,25,Night Reversal / Day Reversal,Reversal,Reversal,2,bps,100.0,20276.894027153514,16.529567490999682,0.00014130948880245858,0.6833051517864314,0.07548305947650485,-0.9656283678912085,3749,7495.0,3652,-20260.364459662513
BTC,2,False,02:00-14:00,14:00-02:00,0,1,Night Cash / Day Cash,Cash,Cash,0,bps,100.0,20276.894027153514,100.0,0.0,0.0,0.0,0.0,0,0.0,3652,-20176.894027153514
BTC,2,False,02:00-14:00,14:00-02:00,1,2,Night Cash / Day Long,Cash,Long,0,bps,100.0,20276.894027153514,256.1885660321379,0.0005561453728715477,0.4667053700637285,0.4349490580543272,-0.7168531903122219,7303,7303.0,3652,-20020.705461121375
BTC,2,False,02:00-14:00,14:00-02:00,2,3,Night Cash / Day Short,Cash,Short,0,bps,100.0,20276.894027153514,4.35253751532005,-0.0005561453728715485,0.46670537006372853,-0.4349490580543277,-0.9720496683511631,7303,7303.0,3652,-20272.541489638195
BTC,2,False,02:00-14:00,14:00-02:00,3,4,Night Cash / Day Momentum,Cash,Momentum,0,bps,100.0,20276.894027153514,5.971858925999006,-0.0004698900928551373,0.46673875744113025,-0.3674644137813167,-0.9823600001240963,7301,7301.0,3652,-20270.922168227517
BTC,2,False,02:00-14:00,14:00-02:00,4,5,Night Cash / Day Reversal,Cash,Reversal,0,bps,100.0,20276.894027153514,186.72295274748382,0.0004698900928551367,0.46673875744113036,0.36746441378131617,-0.8641773101184973,7301,7301.0,3652,-20090.17107440603
BTC,2,False,02:00-14:00,14:00-02:00,5,6,Night Long / Day Cash,Long,Cash,0,bps,100.0,20276.894027153514,8026.2298412376385,0.001557118133860493,0.5095001861030951,1.115501297862288,-0.6910666174742965,7304,7304.0,3652,-12250.664185915875
BTC,2,False,02:00-14:00,14:00-02:00,6,7,Night Long / Day Long,Long,Long,0,bps,100.0,20276.894027153514,20562.283136710208,0.0020927092799867494,0.6791340217858775,1.1247248152677476,-0.8384500671124624,1,1.0,3652,285.38910955669417
BTC,2,False,02:00-14:00,14:00-02:00,7,8,Night Long / Day Short,Long,Short,0,bps,100.0,20276.894027153514,349.34466490567877,0.0010215269877342367,0.6942058435522788,0.5370991241085936,-0.8033880686168929,7304,14607.0,3652,-19927.549362247835
BTC,2,False,02:00-14:00,14:00-02:00,8,9,Night Long / Day Momentum,Long,Momentum,0,bps,100.0,20276.894027153514,479.3151231951425,0.0011331776055681913,0.704775944206794,0.5868671163257371,-0.9632564053927809,3611,7219.0,3652,-19797.578903958372
BTC,2,False,02:00-14:00,14:00-02:00,9,10,Night Long / Day Reversal,Long,Reversal,0,bps,100.0,20276.894027153514,14986.813353858477,0.0019810586621527944,0.6682152028399448,1.0821160737029327,-0.6175625359925199,3696,7389.0,3652,-5290.080673295037
BTC,2,False,02:00-14:00,14:00-02:00,10,11,Night Short / Day Cash,Short,Cash,0,bps,100.0,20276.894027153514,0.09062623887792857,-0.0015571181338604938,0.5095001861030951,-1.1155012978622887,-0.9993884566573891,7304,7304.0,3652,-20276.803400914636
BTC,2,False,02:00-14:00,14:00-02:00,11,12,Night Short / Day Long,Short,Long,0,bps,100.0,20276.894027153514,0.23217406183022715,-0.000980418534243655,0.712023630855205,-0.5025855175187379,-0.9986714807916091,7304,14607.0,3652,-20276.661853091682
BTC,2,False,02:00-14:00,14:00-02:00,12,13,Night Short / Day Short,Short,Short,0,bps,100.0,20276.894027153514,0.003944541045885383,-0.002133817733477334,0.6819913764763448,-1.1420136670104089,-0.9999743257148012,1,1.0,3652,-20276.890082612466
BTC,2,False,02:00-14:00,14:00-02:00,13,14,Night Short / Day Momentum,Short,Momentum,0,bps,100.0,20276.894027153514,0.005412071135728793,-0.0020729577912784653,0.6655776395844182,-1.136801401995827,-0.9999623225415454,3696,7389.0,3652,-20276.88861508238
BTC,2,False,02:00-14:00,14:00-02:00,14,15,Night Short / Day Reversal,Short,Reversal,0,bps,100.0,20276.894027153514,0.16921998919685693,-0.0010412784764425242,0.7274218669914381,-0.5224844909783207,-0.9992002488856787,3611,7219.0,3652,-20276.724807164315
BTC,2,False,02:00-14:00,14:00-02:00,15,16,Night Momentum / Day Cash,Momentum,Cash,0,bps,100.0,20276.894027153514,4.137505240094536,-0.0005117449632243342,0.5102728091240656,-0.36605303719302706,-0.9904629706460263,7302,7302.0,3652,-20272.75652191342
BTC,2,False,02:00-14:00,14:00-02:00,16,17,Night Momentum / Day Long,Momentum,Long,0,bps,100.0,20276.894027153514,10.599815344102778,8.047863997254449e-05,0.7203433644018673,0.04077875224736725,-0.9920412995574198,3381,6761.0,3652,-20266.29421180941
BTC,2,False,02:00-14:00,14:00-02:00,17,18,Night Momentum / Day Short,Momentum,Short,0,bps,100.0,20276.894027153514,0.18008646777344542,-0.0011039685664212136,0.6747048961935066,-0.5972218802873138,-0.99955288043653,3923,7845.0,3652,-20276.71394068574
BTC,2,False,02:00-14:00,14:00-02:00,18,19,Night Momentum / Day Momentum,Momentum,Momentum,0,bps,100.0,20276.894027153514,0.24708597599426055,-0.0009952908697584762,0.684115778203758,-0.531022933597131,-0.9996674424721916,3665,7329.0,3652,-20276.646941177518
BTC,2,False,02:00-14:00,14:00-02:00,19,20,Night Momentum / Day Reversal,Momentum,Reversal,0,bps,100.0,20276.894027153514,7.725671954386347,-2.8199056690192873e-05,0.711470264972398,-0.014466740493110712,-0.9814308434658072,3638,7275.0,3652,-20269.168355199126
BTC,2,False,02:00-14:00,14:00-02:00,20,21,Night Reversal / Day Cash,Reversal,Cash,0,bps,100.0,20276.894027153514,175.80630159500416,0.0005117449632243339,0.5102728091240655,0.36605303719302695,-0.7084973966503768,7302,7302.0,3652,-20101.08772555851
BTC,2,False,02:00-14:00,14:00-02:00,21,22,Night Reversal / Day Long,Reversal,Long,0,bps,100.0,20276.894027153514,450.3956430503755,0.0010318121057705499,0.6714622191372399,0.5608825156092292,-0.8015316021367871,3923,7845.0,3652,-19826.49838410314
BTC,2,False,02:00-14:00,14:00-02:00,22,23,Night Reversal / Day Short,Reversal,Short,0,bps,100.0,20276.894027153514,7.652035231219188,-8.3221793218838e-06,0.702425943641915,-0.0043244351664153535,-0.9607767942824533,3381,6761.0,3652,-20269.241991922296
BTC,2,False,02:00-14:00,14:00-02:00,23,24,Night Reversal / Day Momentum,Reversal,Momentum,0,bps,100.0,20276.894027153514,10.498904314270002,5.551068404820247e-05,0.6880114954673243,0.029449216780646322,-0.9799468244194318,3638,7275.0,3652,-20266.395122839243
BTC,2,False,02:00-14:00,14:00-02:00,24,25,Night Reversal / Day Reversal,Reversal,Reversal,0,bps,100.0,20276.894027153514,328.27071745433625,0.0009679792424004638,0.686255865821286,0.5148406608566294,-0.9463490431424577,3665,7329.0,3652,-19948.62330969918
BTC,2,False,02:00-14:00,14:00-02:00,0,1,Night Cash / Day Cash,Cash,Cash,1,bps,100.0,20276.894027153514,100.0,0.0,0.0,0.0,0.0,0,0.0,3652,-20176.894027153514
BTC,2,False,02:00-14:00,14:00-02:00,1,2,Night Cash / Day Long,Cash,Long,1,bps,100.0,20276.894027153514,123.41803382014263,0.00035607143615867457,0.46661195056182875,0.27853138789400755,-0.7593707445824229,7303,7303.0,3652,-20153.47599333337
BTC,2,False,02:00-14:00,14:00-02:00,2,3,Night Cash / Day Short,Cash,Short,1,bps,100.0,20276.894027153514,2.096821222699752,-0.0007559966771224806,0.46661211946514974,-0.5913665240114164,-0.9852048820486362,7303,7303.0,3652,-20274.797205930816
BTC,2,False,02:00-14:00,14:00-02:00,3,4,Night Cash / Day Momentum,Cash,Momentum,1,bps,100.0,20276.894027153514,2.8774996770814774,-0.0006697038152545795,0.4666455782290172,-0.5238277270206039,-0.9898583118586651,7301,7301.0,3652,-20274.016527476433
BTC,2,False,02:00-14:00,14:00-02:00,4,5,Night Cash / Day Reversal,Cash,Reversal,1,bps,100.0,20276.894027153514,89.97118701103666,0.0002698880978395138,0.46664526282810054,0.21110073016579753,-0.8833191197935292,7301,7301.0,3652,-20186.922840142477
BTC,2,False,02:00-14:00,14:00-02:00,5,6,Night Long / Day Cash,Long,Cash,1,bps,100.0,20276.894027153514,3866.224254985832,0.0013568167258049255,0.5093982911608763,0.9722021324221393,-0.7103067953745508,7304,7304.0,3652,-16410.669772167683
BTC,2,False,02:00-14:00,14:00-02:00,6,7,Night Long / Day Long,Long,Long,1,bps,100.0,20276.894027153514,20560.22690839669,0.0020926818774613747,0.6791340424468896,1.1247100535873011,-0.8384500671124624,1,1.0,3652,283.3328812431755
BTC,2,False,02:00-14:00,14:00-02:00,7,8,Night Long / Day Short,Long,Short,1,bps,100.0,20276.894027153514,81.06188934547394,0.0006211860010300374,0.6939282842907425,0.3267382170589936,-0.9355734620523575,7304,14607.0,3652,-20195.83213780804
BTC,2,False,02:00-14:00,14:00-02:00,8,9,Night Long / Day Momentum,Long,Momentum,1,bps,100.0,20276.894027153514,232.84804506633932,0.0009356015865670139,0.7047932734948551,0.4845315526403827,-0.9741178221547533,3611,7219.0,3652,-20044.045982087173
BTC,2,False,02:00-14:00,14:00-02:00,9,10,Night Long / Day Reversal,Long,Reversal,1,bps,100.0,20276.894027153514,7157.758117526677,0.0017782213024016102,0.6680143067238892,0.9716120880100557,-0.6437696990814347,3696,7389.0,3652,-13119.135909626837
BTC,2,False,02:00-14:00,14:00-02:00,10,11,Night Short / Day Cash,Short,Cash,1,bps,100.0,20276.894027153514,0.043654538907891546,-0.0017567967258048818,0.5093982911608763,-1.2588004633024388,-0.9996925127323756,7304,7304.0,3652,-20276.850372614605
BTC,2,False,02:00-14:00,14:00-02:00,11,12,Night Short / Day Long,Short,Long,1,bps,100.0,20276.894027153514,0.05387363827082521,-0.001379959234948984,0.7117387595606628,-0.707682578741799,-0.9996625893496922,7304,14607.0,3652,-20276.840153515244
BTC,2,False,02:00-14:00,14:00-02:00,12,13,Night Short / Day Short,Short,Short,1,bps,100.0,20276.894027153514,0.003944146591780822,-0.0021338450946966556,0.6819913572058862,-1.1420283429327263,-0.9999743257148012,1,1.0,3652,-20276.89008300692
BTC,2,False,02:00-14:00,14:00-02:00,13,14,Night Short / Day Momentum,Short,Momentum,1,bps,100.0,20276.894027153514,0.0025848254188353616,-0.0022747550085548984,0.6654998587712219,-1.2476119523985716,-0.99998142192762,3696,7389.0,3652,-20276.891442328095
BTC,2,False,02:00-14:00,14:00-02:00,14,15,Night Short / Day Reversal,Short,Reversal,1,bps,100.0,20276.894027153514,0.08220592625572827,-0.00123906475527167,0.7271004598419244,-0.6220029564724564,-0.9995736297960796,3611,7219.0,3652,-20276.811821227257
BTC,2,False,02:00-14:00,14:00-02:00,15,16,Night Momentum / Day Cash,Momentum,Cash,1,bps,100.0,20276.894027153514,1.9934294451378294,-0.0007115778575747466,0.5101707836338898,-0.5090960249914422,-0.9935938263887503,7302,7302.0,3652,-20274.900597708376
BTC,2,False,02:00-14:00,14:00-02:00,16,17,Night Momentum / Day Long,Momentum,Long,1,bps,100.0,20276.894027153514,5.390666146323265,-0.00010428248599312319,0.7203858330870805,-0.052837112612802974,-0.994362553352379,3381,6761.0,3652,-20271.50336100719
BTC,2,False,02:00-14:00,14:00-02:00,17,18,Night Momentum / Day Short,Momentum,Short,1,bps,100.0,20276.894027153514,0.08217561935980618,-0.0013187943703013233,0.6744323241954575,-0.7137260891731515,-0.9997672509696849,3923,7845.0,3652,-20276.811851534156
BTC,2,False,02:00-14:00,14:00-02:00,18,19,Night Momentum / Day Momentum,Momentum,Momentum,1,bps,100.0,20276.894027153514,0.11871943997757266,-0.0011955684611768254,0.6841000759019885,-0.6378927640874316,-0.9998151482535507,3665,7329.0,3652,-20276.775307713535
BTC,2,False,02:00-14:00,14:00-02:00,19,20,Night Momentum / Day Reversal,Momentum,Reversal,1,bps,100.0,20276.894027153514,3.7321185514827917,-0.00022762881631914505,0.7111796606952685,-0.11682634156784272,-0.9872296830216498,3638,7275.0,3652,-20273.161908602033
BTC,2,False,02:00-14:00,14:00-02:00,20,21,Night Reversal / Day Cash,Reversal,Cash,1,bps,100.0,20276.894027153514,84.70260166540733,0.000311707381123531,0.5101707435314815,0.22301003252858637,-0.7727668310816109,7302,7302.0,3652,-20192.191425488105
BTC,2,False,02:00-14:00,14:00-02:00,21,22,Night Reversal / Day Long,Reversal,Long,1,bps,100.0,20276.894027153514,205.52094436759512,0.0008170594761361577,0.6714775414190783,0.4441350460648842,-0.8149505879088628,3923,7845.0,3652,-20071.373082785918
BTC,2,False,02:00-14:00,14:00-02:00,22,23,Night Reversal / Day Short,Reversal,Short,1,bps,100.0,20276.894027153514,3.8915364025048986,-0.0001938095513880031,0.7020976764752667,-0.10075590423793854,-0.9743991414368675,3381,6761.0,3652,-20273.00249075101
BTC,2,False,02:00-14:00,14:00-02:00,23,24,Night Reversal / Day Momentum,Reversal,Momentum,1,bps,100.0,20276.894027153514,5.071811978669737,-0.00014347543726231848,0.6879728861948454,-0.07612005596673266,-0.9875298221982819,3638,7275.0,3652,-20271.822215174845
BTC,2,False,02:00-14:00,14:00-02:00,24,25,Night Reversal / Day Reversal,Reversal,Reversal,1,bps,100.0,20276.894027153514,157.72694334590665,0.0007668948869978253,0.6860172071068563,0.40803150541179567,-0.9536841330013032,3665,7329.0,3652,-20119.167083807606
BTC,2,False,02:00-14:00,14:00-02:00,0,1,Night Cash / Day Cash,Cash,Cash,2,bps,100.0,20276.894027153514,100.0,0.0,0.0,0.0,0.0,0,0.0,3652,-20176.894027153514
BTC,2,False,02:00-14:00,14:00-02:00,1,2,Night Cash / Day Long,Cash,Long,2,bps,100.0,20276.894027153514,59.45190580623761,0.00015601750511079696,0.46651854253788233,0.1220667222692798,-0.7955071562585905,7303,7303.0,3652,-20217.442121347278
BTC,2,False,02:00-14:00,14:00-02:00,2,3,Night Cash / Day Short,Cash,Short,2,bps,100.0,20276.894027153514,1.0100632295449825,-0.0009558279979913248,0.4665188803397483,-0.7478308680942543,-0.9921689090613027,7303,7303.0,3652,-20275.88396392397
BTC,2,False,02:00-14:00,14:00-02:00,3,4,Night Cash / Day Momentum,Cash,Momentum,2,bps,100.0,20276.894027153514,1.386402437202409,-0.0008694975580373306,0.4665524190544673,-0.6802378376406508,-0.9941941223075877,7301,7301.0,3652,-20275.507624716312
BTC,2,False,02:00-14:00,14:00-02:00,4,5,Night Cash / Day Reversal,Cash,Reversal,2,bps,100.0,20276.894027153514,43.348839947259,6.99061013013811e-05,0.46655178826075056,0.0546900207372984,-0.8997647523055287,7301,7301.0,3652,-20233.545187206255
BTC,2,False,02:00-14:00,14:00-02:00,5,6,Night Long / Day Cash,Long,Cash,2,bps,100.0,20276.894027153514,1862.2190402850379,0.001156535348891717,0.5092964064086614,0.8288599664823741,-0.72836870461358,7304,7304.0,3652,-18414.674986868475
BTC,2,False,02:00-14:00,14:00-02:00,6,7,Night Long / Day Long,Long,Long,2,bps,100.0,20276.894027153514,20558.170680082974,0.0020926544749359996,0.6791340645817375,1.124695289466974,-0.8384500671124623,1,1.0,3652,281.2766529294604
BTC,2,False,02:00-14:00,14:00-02:00,7,8,Night Long / Day Short,Long,Short,2,bps,100.0,20276.894027153514,18.80409372661981,0.0002209250850124998,0.6936507819893236,0.11625108501759544,-0.9797333098258013,7304,14607.0,3652,-20258.089933426894
BTC,2,False,02:00-14:00,14:00-02:00,8,9,Night Long / Day Momentum,Long,Momentum,2,bps,100.0,20276.894027153514,113.09967180859104,0.0007380440062470531,0.7048203650618049,0.38220527617210975,-0.9823511673750909,3611,7219.0,3652,-20163.794355344922
BTC,2,False,02:00-14:00,14:00-02:00,9,10,Night Long / Day Reversal,Long,Reversal,2,bps,100.0,20276.894027153514,3418.0667924980485,0.0015754034545052045,0.6678238689190096,0.8610387972882344,-0.6697153866896264,3696,7389.0,3652,-16858.827234655466
BTC,2,False,02:00-14:00,14:00-02:00,10,11,Night Short / Day Cash,Short,Cash,2,bps,100.0,20276.894027153514,0.02102679725427313,-0.00195645534889163,0.5092964064086613,-1.4021426292422012,-0.9998467869879065,7304,7304.0,3652,-20276.87300035626
BTC,2,False,02:00-14:00,14:00-02:00,11,12,Night Short / Day Long,Short,Long,2,bps,100.0,20276.894027153514,0.01249717902726338,-0.0017794200249584106,0.7114539466470791,-0.9129028128534682,-0.9999148096804592,7304,14607.0,3652,-20276.881529974486
BTC,2,False,02:00-14:00,14:00-02:00,12,13,Night Short / Day Short,Short,Short,2,bps,100.0,20276.894027153514,0.003943752137676205,-0.002133872455915976,0.6819913393986676,-1.1420430164055728,-0.9999743257148012,1,1.0,3652,-20276.890083401377
BTC,2,False,02:00-14:00,14:00-02:00,13,14,Night Short / Day Momentum,Short,Momentum,2,bps,100.0,20276.894027153514,0.0012343398286807253,-0.002476532865057514,0.66543242045559,-1.3584166745694648,-0.9999908608338107,3696,7389.0,3652,-20276.892792813684
BTC,2,False,02:00-14:00,14:00-02:00,14,15,Night Short / Day Reversal,Short,Reversal,2,bps,100.0,20276.894027153514,0.0399293164672917,-0.0014368324567381407,0.7267886179772818,-0.721590616222081,-0.9997727344327528,3611,7219.0,3652,-20276.854097837047
BTC,2,False,02:00-14:00,14:00-02:00,15,16,Night Momentum / Day Cash,Momentum,Cash,2,bps,100.0,20276.894027153514,0.9603542498913973,-0.0009113907676365097,0.5100687761841655,-0.652181912948964,-0.9962056441507444,7302,7302.0,3652,-20275.933672903622
BTC,2,False,02:00-14:00,14:00-02:00,16,17,Night Momentum / Day Long,Momentum,Long,2,bps,100.0,20276.894027153514,2.741118608780501,-0.00028900666149646076,0.7204484202255544,-0.14641913075912177,-0.9960070601314333,3381,6761.0,3652,-20274.152908544733
BTC,2,False,02:00-14:00,14:00-02:00,17,18,Night Momentum / Day Short,Momentum,Short,2,bps,100.0,20276.894027153514,0.03749183771564142,-0.0015335772102192582,0.6741812860913184,-0.8302747247336226,-0.9998788578258275,3923,7845.0,3652,-20276.856535315797
BTC,2,False,02:00-14:00,14:00-02:00,18,19,Night Momentum / Day Momentum,Momentum,Momentum,2,bps,100.0,20276.894027153514,0.05703374663195368,-0.001395827023222748,0.6840944175579844,-0.7447464127758641,-0.9998972624253132,3665,7329.0,3652,-20276.836993406883
BTC,2,False,02:00-14:00,14:00-02:00,19,20,Night Momentum / Day Reversal,Momentum,Reversal,2,bps,100.0,20276.894027153514,1.8026498941928648,-0.0004270396948421772,0.7108988548024545,-0.21925691336316455,-0.992981539331662,3638,7275.0,3652,-20275.09137725932
BTC,2,False,02:00-14:00,14:00-02:00,20,21,Night Reversal / Day Cash,Reversal,Cash,2,bps,100.0,20276.894027153514,40.80631179831285,0.00011168980378117482,0.510068695983361,0.07992409395274604,-0.8240597325756254,7302,7302.0,3652,-20236.087715355203
BTC,2,False,02:00-14:00,14:00-02:00,21,22,Night Reversal / Day Long,Reversal,Long,2,bps,100.0,20276.894027153514,93.7669585386057,0.0006023497958647239,0.6715145209549125,0.327405690614077,-0.8275496150046195,3923,7845.0,3652,-20183.127068614907
BTC,2,False,02:00-14:00,14:00-02:00,22,23,Night Reversal / Day Short,Reversal,Short,2,bps,100.0,20276.894027153514,1.9788209026686894,-0.0003792598277651343,0.7017901426419418,-0.19725246725915022,-0.9832918292085838,3381,6761.0,3652,-20274.915206250844
BTC,2,False,02:00-14:00,14:00-02:00,23,24,Night Reversal / Day Momentum,Reversal,Momentum,2,bps,100.0,20276.894027153514,2.4497349697218684,-0.0003424427994431351,0.6879443168475471,-0.18168857382165604,-0.9922460881287374,3638,7275.0,3652,-20274.44429218379
BTC,2,False,02:00-14:00,14:00-02:00,24,25,Night Reversal / Day Reversal,Reversal,Reversal,2,bps,100.0,20276.894027153514,75.77325605244106,0.0005658297287538193,0.685788734440812,0.30115375278590073,-0.960017554774683,3665,7329.0,3652,-20201.120771101072
BTC,3,False,03:00-15:00,15:00-03:00,0,1,Night Cash / Day Cash,Cash,Cash,0,bps,100.0,20276.894027153514,100.0,0.0,0.0,0.0,0.0,0,0.0,3652,-20176.894027153514
BTC,3,False,03:00-15:00,15:00-03:00,1,2,Night Cash / Day Long,Cash,Long,0,bps,100.0,20276.894027153514,354.44889769895696,0.0006313956030961586,0.4548116571455323,0.506713914450866,-0.7691007954514948,7303,7303.0,3652,-19922.445129454558
BTC,3,False,03:00-15:00,15:00-03:00,2,3,Night Cash / Day Short,Cash,Short,0,bps,100.0,20276.894027153514,3.5372209038607534,-0.0006313956030961586,0.45481165714553234,-0.506713914450866,-0.9728628220626635,7303,7303.0,3652,-20273.356806249652
BTC,3,False,03:00-15:00,15:00-03:00,3,4,Night Cash / Day Momentum,Cash,Momentum,0,bps,100.0,20276.894027153514,5.940057331626588,-0.0004905019055695071,0.45487506353486457,-0.3935876241304396,-0.9855503143956582,7301,7301.0,3652,-20270.953969821887
BTC,3,False,03:00-15:00,15:00-03:00,4,5,Night Cash / Day Reversal,Cash,Reversal,0,bps,100.0,20276.894027153514,211.0694167203782,0.000490501905569507,0.45487506353486457,0.39358762413043946,-0.8607940235457059,7301,7301.0,3652,-20065.824610433137
BTC,3,False,03:00-15:00,15:00-03:00,5,6,Night Long / Day Cash,Long,Cash,0,bps,100.0,20276.894027153514,5801.796489529931,0.0014337779711105138,0.484756316688087,1.0795712019407675,-0.7274910023790278,7304,7304.0,3652,-14475.097537623584
BTC,3,False,03:00-15:00,15:00-03:00,6,7,Night Long / Day Long,Long,Long,0,bps,100.0,20276.894027153514,20564.403703875618,0.0020740288191372727,0.669523399422597,1.1306856782570494,-0.8359804238422835,1,1.0,3652,287.5096767221039
BTC,3,False,03:00-15:00,15:00-03:00,7,8,Night Long / Day Short,Long,Short,0,bps,100.0,20276.894027153514,205.22235822711048,0.0007935271230837555,0.658886674841651,0.43958606386322613,-0.7643824610734102,7304,14607.0,3652,-20071.671668926403
BTC,3,False,03:00-15:00,15:00-03:00,8,9,Night Long / Day Momentum,Long,Momentum,0,bps,100.0,20276.894027153514,344.6300377423766,0.0009557134668481735,0.6705656340784231,0.5202106962713612,-0.9588258874352579,3577,7151.0,3652,-19932.263989411138
BTC,3,False,03:00-15:00,15:00-03:00,9,10,Night Long / Day Reversal,Long,Reversal,0,bps,100.0,20276.894027153514,12245.818009754297,0.001911842475372855,0.6579265468701173,1.060638922127048,-0.7716348106699488,3730,7457.0,3652,-8031.076017399217
BTC,3,False,03:00-15:00,15:00-03:00,10,11,Night Short / Day Cash,Short,Cash,0,bps,100.0,20276.894027153514,0.16146104530309086,-0.0014337779711105151,0.484756316688087,-1.0795712019407686,-0.9988209140446404,7304,7304.0,3652,-20276.73256610821
BTC,3,False,03:00-15:00,15:00-03:00,11,12,Night Short / Day Long,Short,Long,0,bps,100.0,20276.894027153514,0.5722968952900241,-0.000811237612944955,0.6623156837518128,-0.4470703865075098,-0.9961551921148292,7304,14607.0,3652,-20276.321730258223
BTC,3,False,03:00-15:00,15:00-03:00,12,13,Night Short / Day Short,Short,Short,0,bps,100.0,20276.894027153514,0.005711233846053059,-0.002056318329276076,0.6691430231630406,-1.1216678112220118,-0.9999629937263822,1,1.0,3652,-20276.888315919667
BTC,3,False,03:00-15:00,15:00-03:00,13,14,Night Short / Day Momentum,Short,Momentum,0,bps,100.0,20276.894027153514,0.009590878659247215,-0.0019367172779871876,0.6576177981979109,-1.0749432396788332,-0.9999467529824501,3730,7457.0,3652,-20276.884436274853
BTC,3,False,03:00-15:00,15:00-03:00,14,15,Night Short / Day Reversal,Short,Reversal,0,bps,100.0,20276.894027153514,0.3407948865518634,-0.0009308386642338429,0.6738334454939151,-0.5042137856429993,-0.9976359327839245,3577,7151.0,3652,-20276.55323226696
BTC,3,False,03:00-15:00,15:00-03:00,15,16,Night Momentum / Day Cash,Momentum,Cash,0,bps,100.0,20276.894027153514,33.62843403247899,2.823657149811532e-05,0.4855253911769268,0.021227208265728843,-0.9269327217313784,7302,7302.0,3652,-20243.265593121036
BTC,3,False,03:00-15:00,15:00-03:00,16,17,Night Momentum / Day Long,Momentum,Long,0,bps,100.0,20276.894027153514,119.19561374154304,0.0006464080827387333,0.6609438475452523,0.35697276111414866,-0.9495835386795102,3307,6613.0,3652,-20157.69841341197
BTC,3,False,03:00-15:00,15:00-03:00,17,18,Night Momentum / Day Short,Momentum,Short,0,bps,100.0,20276.894027153514,1.1895119982378741,-0.0005899349397425021,0.6735327509510083,-0.31969678193373513,-0.9964070873348247,3997,7993.0,3652,-20275.704515155277
BTC,3,False,03:00-15:00,15:00-03:00,18,19,Night Momentum / Day Momentum,Momentum,Momentum,0,bps,100.0,20276.894027153514,1.9975482612574935,-0.0004585488222246533,0.6684583322834712,-0.25038257738557473,-0.9979879243367445,3687,7373.0,3652,-20274.896478892257
BTC,3,False,03:00-15:00,15:00-03:00,19,20,Night Momentum / Day Reversal,Momentum,Reversal,0,bps,100.0,20276.894027153514,70.97933956455086,0.0005150219652208845,0.6661550421360787,0.28219108978420465,-0.9441650745949214,3616,7231.0,3652,-20205.914687588964
BTC,3,False,03:00-15:00,15:00-03:00,20,21,Night Reversal / Day Cash,Reversal,Cash,0,bps,100.0,20276.894027153514,27.857435077891264,-2.8236571498116597e-05,0.4855253911769268,-0.021227208265729804,-0.8747379504037481,7302,7302.0,3652,-20249.036592075623
BTC,3,False,03:00-15:00,15:00-03:00,21,22,Night Reversal / Day Long,Reversal,Long,0,bps,100.0,20276.894027153514,98.74037156078754,0.0006163831234535846,0.6720032300956131,0.3347898194307013,-0.8579971127635777,3997,7993.0,3652,-20178.153655592727
BTC,3,False,03:00-15:00,15:00-03:00,22,23,Night Reversal / Day Short,Reversal,Short,0,bps,100.0,20276.894027153514,0.9853790168546006,-0.0006728562664498179,0.6555234094494745,-0.3746510554984428,-0.9931049035387555,3307,6613.0,3652,-20275.908648136658
BTC,3,False,03:00-15:00,15:00-03:00,23,24,Night Reversal / Day Momentum,Reversal,Momentum,0,bps,100.0,20276.894027153514,1.6547476147473972,-0.0005224549889143609,0.6609094689010189,-0.28853584329913917,-0.9917097129274136,3616,7231.0,3652,-20275.239279538768
BTC,3,False,03:00-15:00,15:00-03:00,24,25,Night Reversal / Day Reversal,Reversal,Reversal,0,bps,100.0,20276.894027153514,58.79852573216281,0.0004659818459181275,0.6668005433267099,0.25507383798993305,-0.9663658299354472,3687,7373.0,3652,-20218.09550142135
BTC,3,False,03:00-15:00,15:00-03:00,0,1,Night Cash / Day Cash,Cash,Cash,1,bps,100.0,20276.894027153514,100.0,0.0,0.0,0.0,0.0,0,0.0,3652,-20176.894027153514
BTC,3,False,03:00-15:00,15:00-03:00,1,2,Night Cash / Day Long,Cash,Long,1,bps,100.0,20276.894027153514,170.7546387461875,0.00043130669461608823,0.45472067440186215,0.3462058190821233,-0.8037728070173767,7303,7303.0,3652,-20106.139388407326
BTC,3,False,03:00-15:00,15:00-03:00,2,3,Night Cash / Day Short,Cash,Short,1,bps,100.0,20276.894027153514,1.7040450161512424,-0.0008312319355798998,0.45472072654901735,-0.6672219645434568,-0.9864442730666005,7303,7303.0,3652,-20275.189982137363
BTC,3,False,03:00-15:00,15:00-03:00,3,4,Night Cash / Day Momentum,Cash,Momentum,1,bps,100.0,20276.894027153514,2.862176294752585,-0.0006903115239290489,0.4547842478654032,-0.5540290971306318,-0.9917637548864248,7301,7301.0,3652,-20274.031850858762
BTC,3,False,03:00-15:00,15:00-03:00,4,5,Night Cash / Day Reversal,Cash,Reversal,1,bps,100.0,20276.894027153514,101.70236537412234,0.00029049580651397793,0.454783950605508,0.23314580304874497,-0.8779101128445221,7301,7301.0,3652,-20175.19166177939
BTC,3,False,03:00-15:00,15:00-03:00,5,6,Night Long / Day Cash,Long,Cash,1,bps,100.0,20276.894027153514,2794.7176637111866,0.0012335012298540947,0.48465937027231265,0.928957483363579,-0.7473594197885651,7304,7304.0,3652,-17482.176363442326
BTC,3,False,03:00-15:00,15:00-03:00,6,7,Night Long / Day Long,Long,Long,1,bps,100.0,20276.894027153514,20562.34726350512,0.0020740012782522045,0.6695233443227847,1.130670757011112,-0.8359804238422834,1,1.0,3652,285.4532363516046
BTC,3,False,03:00-15:00,15:00-03:00,7,8,Night Long / Day Short,Long,Short,1,bps,100.0,20276.894027153514,47.6197685695729,0.0003932773099254662,0.6586232407217134,0.21794891107319334,-0.8925045890747394,7304,14607.0,3652,-20229.27425858394
BTC,3,False,03:00-15:00,15:00-03:00,8,9,Night Long / Day Momentum,Long,Momentum,1,bps,100.0,20276.894027153514,168.5613844309629,0.0007600628271561044,0.6706229527574219,0.41367944650759314,-0.9710035137634891,3577,7151.0,3652,-20108.33264272255
BTC,3,False,03:00-15:00,15:00-03:00,9,10,Night Long / Day Reversal,Long,Reversal,1,bps,100.0,20276.894027153514,5809.008642605461,0.001707273492219727,0.657797519656215,0.9473353213400378,-0.7865635149974233,3730,7457.0,3652,-14467.885384548052
BTC,3,False,03:00-15:00,15:00-03:00,10,11,Night Short / Day Cash,Short,Cash,1,bps,100.0,20276.894027153514,0.07777557108804765,-0.0016334812298540477,0.4846593702723125,-1.2301849205179558,-0.999412920681528,7304,7304.0,3652,-20276.816251582426
BTC,3,False,03:00-15:00,15:00-03:00,11,12,Night Short / Day Long,Short,Long,1,bps,100.0,20276.894027153514,0.1327956950803393,-0.0012108459625464025,0.6620506934192099,-0.667560325398812,-0.9990730156742208,7304,14607.0,3652,-20276.761231458433
BTC,3,False,03:00-15:00,15:00-03:00,12,13,Night Short / Day Short,Short,Short,1,bps,100.0,20276.894027153514,0.005710662722668453,-0.0020563455527106062,0.6691430795114216,-1.1216825664361665,-0.9999629937263822,1,1.0,3652,-20276.888316490793
BTC,3,False,03:00-15:00,15:00-03:00,13,14,Night Short / Day Momentum,Short,Momentum,1,bps,100.0,20276.894027153514,0.004549593745176499,-0.002140504523615446,0.6574865242380231,-1.1882892231518911,-0.9999742645585954,3730,7457.0,3652,-20276.88947755977
BTC,3,False,03:00-15:00,15:00-03:00,14,15,Night Short / Day Reversal,Short,Reversal,1,bps,100.0,20276.894027153514,0.16668558045749074,-0.0011267979374056357,0.6735195436843342,-0.6106448595436996,-0.998696146612348,3577,7151.0,3652,-20276.727341573056
BTC,3,False,03:00-15:00,15:00-03:00,15,16,Night Momentum / Day Cash,Momentum,Cash,1,bps,100.0,20276.894027153514,16.202012252360934,-0.00017170431375942513,0.48542829390859216,-0.12910676058365797,-0.9574340933261192,7302,7302.0,3652,-20260.692014901153
BTC,3,False,03:00-15:00,15:00-03:00,16,17,Night Momentum / Day Long,Momentum,Long,1,bps,100.0,20276.894027153514,61.52230688754115,0.0004657366543383977,0.6611077670557152,0.25713489888432794,-0.9557655165479703,3307,6613.0,3652,-20215.37172026597
BTC,3,False,03:00-15:00,15:00-03:00,17,18,Night Momentum / Day Short,Momentum,Short,1,bps,100.0,20276.894027153514,0.53481371009327,-0.00080871558705872,0.6733723726408787,-0.4383624889728852,-0.9981077964327848,3997,7993.0,3652,-20276.359213443422
BTC,3,False,03:00-15:00,15:00-03:00,18,19,Night Momentum / Day Momentum,Momentum,Momentum,1,bps,100.0,20276.894027153514,0.9555643452182369,-0.0006601081632113233,0.6684654904283518,-0.36043667627140974,-0.9988702516555857,3687,7373.0,3652,-20275.938462808295
BTC,3,False,03:00-15:00,15:00-03:00,19,20,Night Momentum / Day Reversal,Momentum,Reversal,1,bps,100.0,20276.894027153514,34.43992590052944,0.000316806817157356,0.6659472333289408,0.17363911504579813,-0.9516055433566365,3616,7231.0,3652,-20242.454101252984
BTC,3,False,03:00-15:00,15:00-03:00,20,21,Night Reversal / Day Cash,Reversal,Cash,1,bps,100.0,20276.894027153514,13.42157366041548,-0.0002281661626917873,0.4854282962341081,-0.17156117603481955,-0.9299105198030864,7302,7302.0,3652,-20263.472453493097
BTC,3,False,03:00-15:00,15:00-03:00,21,22,Night Reversal / Day Long,Reversal,Long,1,bps,100.0,20276.894027153514,44.394427738972894,0.0003974730424117239,0.6719149492521718,0.21591670291269424,-0.8756618330584005,3997,7993.0,3652,-20232.49959941454
BTC,3,False,03:00-15:00,15:00-03:00,22,23,Night Reversal / Day Short,Reversal,Short,1,bps,100.0,20276.894027153514,0.5085991704940052,-0.0008542975183124955,0.6551289580442048,-0.475965213192455,-0.9963732161906544,3307,6613.0,3652,-20276.38542798302
BTC,3,False,03:00-15:00,15:00-03:00,23,24,Night Reversal / Day Momentum,Reversal,Momentum,1,bps,100.0,20276.894027153514,0.8029010355069548,-0.0007202240096992777,0.660836389124415,-0.397801585788194,-0.9953447641695448,3616,7231.0,3652,-20276.091126118008
BTC,3,False,03:00-15:00,15:00-03:00,24,25,Night Reversal / Day Reversal,Reversal,Reversal,1,bps,100.0,20276.894027153514,28.127367849266577,0.00026377826120547575,0.6665568707529289,0.14444238678575735,-0.971172577785229,3687,7373.0,3652,-20248.76665930425
BTC,3,False,03:00-15:00,15:00-03:00,0,1,Night Cash / Day Cash,Cash,Cash,2,bps,100.0,20276.894027153514,100.0,0.0,0.0,0.0,0.0,0,0.0,3652,-20176.894027153514
BTC,3,False,03:00-15:00,15:00-03:00,1,2,Night Cash / Day Long,Cash,Long,2,bps,100.0,20276.894027153514,82.25450029053822,0.00023123779329051495,0.4546297029547063,0.18564953852002647,-0.8332411549760383,7303,7303.0,3652,-20194.639526862975
BTC,3,False,03:00-15:00,15:00-03:00,2,3,Night Cash / Day Short,Cash,Short,2,bps,100.0,20276.894027153514,0.820858351523007,-0.0010310482861710403,0.4546298072434632,-0.8277781580891728,-0.9933660399515138,7303,7303.0,3652,-20276.07316880199
BTC,3,False,03:00-15:00,15:00-03:00,3,4,Night Cash / Day Momentum,Cash,Momentum,2,bps,100.0,20276.894027153514,1.3790195086216686,-0.0008901011630805092,0.4546934522752179,-0.714518590269335,-0.9953056473527432,7301,7301.0,3652,-20275.51500764489
BTC,3,False,03:00-15:00,15:00-03:00,4,5,Night Cash / Day Reversal,Cash,Reversal,2,bps,100.0,20276.894027153514,49.00101582876374,9.0509706344562e-05,0.4546928577641124,0.07265573287914656,-0.8952439215968031,7301,7301.0,3652,-20227.89301132475
BTC,3,False,03:00-15:00,15:00-03:00,5,6,Night Long / Day Cash,Long,Cash,2,bps,100.0,20276.894027153514,1346.113443593541,0.001033244517273232,0.48456243355166445,0.7782985693721123,-0.765781019857755,7304,7304.0,3652,-18930.780583559972
BTC,3,False,03:00-15:00,15:00-03:00,6,7,Night Long / Day Long,Long,Long,2,bps,100.0,20276.894027153514,20560.290823134725,0.0020739737373671355,0.6695232907330958,1.1306558332125016,-0.8359804238422837,1,1.0,3652,283.39679598121074
BTC,3,False,03:00-15:00,15:00-03:00,7,8,Night Long / Day Short,Long,Short,2,bps,100.0,20276.894027153514,11.046455969042675,-6.892450779239091e-06,0.6583598608132343,-0.003821230126810454,-0.9653562193303553,7304,14607.0,3652,-20265.84757118447
BTC,3,False,03:00-15:00,15:00-03:00,8,9,Night Long / Day Momentum,Long,Momentum,2,bps,100.0,20276.894027153514,82.4329661054221,0.0005644299424505192,0.6706903337096467,0.30717145997161144,-0.9795809263748094,3577,7151.0,3652,-20194.461061048092
BTC,3,False,03:00-15:00,15:00-03:00,9,10,Night Long / Day Reversal,Long,Reversal,2,bps,100.0,20276.894027153514,2755.189411659454,0.0015027240549622988,0.6576789136443719,0.8339848954893322,-0.8005189971544455,3730,7457.0,3652,-17521.70461549406
BTC,3,False,03:00-15:00,15:00-03:00,10,11,Night Short / Day Cash,Short,Cash,2,bps,100.0,20276.894027153514,0.03746165245392227,-0.0018331645172731453,0.48456243355166434,-1.3808438345094236,-0.9997088717905228,7304,7304.0,3652,-20276.85656550106
BTC,3,False,03:00-15:00,15:00-03:00,11,12,Night Short / Day Long,Short,Long,2,bps,100.0,20276.894027153514,0.030804891385396133,-0.0016103743879241573,0.6617857575966413,-0.8881826857787617,-0.9997765673996647,7304,14607.0,3652,-20276.863222262127
BTC,3,False,03:00-15:00,15:00-03:00,12,13,Night Short / Day Short,Short,Short,2,bps,100.0,20276.894027153514,0.005710091599283848,-0.0020563727761451368,0.6691431373361514,-1.1216973191730049,-0.9999629937263822,1,1.0,3652,-20276.888317061916
BTC,3,False,03:00-15:00,15:00-03:00,13,14,Night Short / Day Momentum,Short,Momentum,2,bps,100.0,20276.894027153514,0.002157853996312888,-0.002344272312284919,0.657365572273847,-1.3016492345716313,-0.999987563310718,3730,7457.0,3652,-20276.891869299518
BTC,3,False,03:00-15:00,15:00-03:00,14,15,Night Short / Day Reversal,Short,Reversal,2,bps,100.0,20276.894027153514,0.08151562619457846,-0.0013227393127409305,0.6732157791347768,-0.7171546837047378,-0.9993007046038574,3577,7151.0,3652,-20276.812511527318
BTC,3,False,03:00-15:00,15:00-03:00,15,16,Night Momentum / Day Cash,Momentum,Cash,2,bps,100.0,20276.894027153514,7.805478825096479,-0.00037162520392868817,0.48533121458733874,-0.27948583432719065,-0.975204242687537,7302,7302.0,3652,-20269.08854832842
BTC,3,False,03:00-15:00,15:00-03:00,16,17,Night Momentum / Day Long,Momentum,Long,2,bps,100.0,20276.894027153514,31.750274975035335,0.00028510135836357206,0.6612934408024813,0.15736130041819904,-0.9674684538812797,3307,6613.0,3652,-20245.14375217848
BTC,3,False,03:00-15:00,15:00-03:00,17,18,Night Momentum / Day Short,Momentum,Short,2,bps,100.0,20276.894027153514,0.24041789328833235,-0.0010274524793494615,0.6732335144106718,-0.5570432055671422,-0.9990107938458653,3997,7993.0,3652,-20276.653609260225
BTC,3,False,03:00-15:00,15:00-03:00,18,19,Night Momentum / Day Momentum,Momentum,Momentum,2,bps,100.0,20276.894027153514,0.45704454533173117,-0.0008616485450725627,0.6684827428747937,-0.4704709617468634,-0.9993710986248313,3687,7373.0,3652,-20276.436982608182
BTC,3,False,03:00-15:00,15:00-03:00,19,20,Night Momentum / Day Reversal,Momentum,Reversal,2,bps,100.0,20276.894027153514,16.70819880743171,0.00011860996696550516,0.6657496929444385,0.06502840091587163,-0.9580557078011316,3616,7231.0,3652,-20260.185828346082
BTC,3,False,03:00-15:00,15:00-03:00,20,21,Night Reversal / Day Cash,Reversal,Cash,2,bps,100.0,20276.894027153514,6.465975174816946,-0.0004280757599266465,0.485331219238138,-0.3219402465361697,-0.9607878912528081,7302,7302.0,3652,-20270.428051978695
BTC,3,False,03:00-15:00,15:00-03:00,21,22,Night Reversal / Day Long,Reversal,Long,2,bps,100.0,20276.894027153514,19.95688328349654,0.00017860674229074893,0.6718482708084724,0.09703301142336027,-0.923066530332555,3997,7993.0,3652,-20256.93714387002
BTC,3,False,03:00-15:00,15:00-03:00,22,23,Night Reversal / Day Short,Reversal,Short,2,bps,100.0,20276.894027153514,0.26247656065266695,-0.001035702483775651,0.6547565805723617,-0.577361752130315,-0.9980925763204932,3307,6613.0,3652,-20276.63155059286
BTC,3,False,03:00-15:00,15:00-03:00,23,24,Night Reversal / Day Momentum,Reversal,Momentum,2,bps,100.0,20276.894027153514,0.3895197150739782,-0.0009179747886172587,0.6607736272163093,-0.5070735030041003,-0.9976975325194944,3616,7231.0,3652,-20276.50450743844
BTC,3,False,03:00-15:00,15:00-03:00,24,25,Night Reversal / Day Reversal,Reversal,Reversal,2,bps,100.0,20276.894027153514,13.453264674824444,6.159381140044137e-05,0.6663235149308919,0.033739978640094676,-0.9752931429130244,3687,7373.0,3652,-20263.44076247869
BTC,4,True,04:00-16:00,16:00-04:00,0,1,Night Cash / Day Cash,Cash,Cash,0,bps,100.0,20276.894027153514,100.0,0.0,0.0,0.0,0.0,0,0.0,3652,-20176.894027153514
BTC,4,True,04:00-16:00,16:00-04:00,1,2,Night Cash / Day Long,Cash,Long,0,bps,100.0,20276.894027153514,2112.5781276701036,0.0011373762669780606,0.4694603198951095,0.8842969679306367,-0.543715481386233,7303,7303.0,3652,-18164.31589948341
BTC,4,True,04:00-16:00,16:00-04:00,2,3,Night Cash / Day Short,Cash,Short,0,bps,100.0,20276.894027153514,0.5162265135422877,-0.0011373762669780608,0.4694603198951095,-0.8842969679306368,-0.9964705232931123,7303,7303.0,3652,-20276.37780063997
BTC,4,True,04:00-16:00,16:00-04:00,3,4,Night Cash / Day Momentum,Cash,Momentum,0,bps,100.0,20276.894027153514,0.44930140135626684,-0.001176546102470586,0.46942442611783436,-0.9148210095355508,-0.9969409551400826,7301,7301.0,3652,-20276.444725752157
BTC,4,True,04:00-16:00,16:00-04:00,4,5,Night Cash / Day Reversal,Cash,Reversal,0,bps,100.0,20276.894027153514,2427.269269236336,0.001176546102470586,0.46942442611783436,0.9148210095355508,-0.6444441802193258,7301,7301.0,3652,-17849.624757917176
BTC,4,True,04:00-16:00,16:00-04:00,5,6,Night Long / Day Cash,Long,Cash,0,bps,100.0,20276.894027153514,959.9937635543262,0.0009136134923983714,0.46254377705759553,0.7209456515591222,-0.7480876044976357,7304,7304.0,3652,-19316.90026359919
BTC,4,True,04:00-16:00,16:00-04:00,6,7,Night Long / Day Long,Long,Long,0,bps,100.0,20276.894027153514,20280.618275845733,0.002061835445890683,0.6651706329536472,1.1313938115523245,-0.8362298082770255,1,1.0,3652,3.72424869221868
BTC,4,True,04:00-16:00,16:00-04:00,7,8,Night Long / Day Short,Long,Short,0,bps,100.0,20276.894027153514,4.955742335819969,-0.00023460846109394113,0.6512772561013841,-0.13148330837144753,-0.9902321502501116,7304,14607.0,3652,-20271.938284817694
BTC,4,True,04:00-16:00,16:00-04:00,8,9,Night Long / Day Momentum,Long,Momentum,0,bps,100.0,20276.894027153514,4.31326543258238,-0.00025200771859419413,0.6644166465185787,-0.13844147007582355,-0.996458656291932,3537,7071.0,3652,-20272.580761720932
BTC,4,True,04:00-16:00,16:00-04:00,9,10,Night Long / Day Reversal,Long,Reversal,0,bps,100.0,20276.894027153514,23301.633609339588,0.002079234703390936,0.6520229579408373,1.1639477682418564,-0.677379897167484,3770,7537.0,3652,3024.7395821860737
BTC,4,True,04:00-16:00,16:00-04:00,10,11,Night Short / Day Cash,Short,Cash,0,bps,100.0,20276.894027153514,1.2146979302588583,-0.0009136134923983736,0.46254377705759553,-0.7209456515591239,-0.9907879198868298,7304,7304.0,3652,-20275.679329223254
BTC,4,True,04:00-16:00,16:00-04:00,11,12,Night Short / Day Long,Short,Long,0,bps,100.0,20276.894027153514,25.66144279190981,0.00021291708806543452,0.6564484525037032,0.11838665602375714,-0.8570940239223369,7304,14607.0,3652,-20251.232584361605
BTC,4,True,04:00-16:00,16:00-04:00,12,13,Night Short / Day Short,Short,Short,0,bps,100.0,20276.894027153514,0.006270592775445658,-0.002040144072862182,0.6642873435220857,-1.1209796390918874,-0.9999601669250735,1,1.0,3652,-20276.88775656074
BTC,4,True,04:00-16:00,16:00-04:00,13,14,Night Short / Day Momentum,Short,Momentum,0,bps,100.0,20276.894027153514,0.0054576548228986175,-0.002101084486346979,0.6532092274368007,-1.174043178364081,-0.9999705926835769,3770,7537.0,3652,-20276.88856949869
BTC,4,True,04:00-16:00,16:00-04:00,14,15,Night Short / Day Reversal,Short,Reversal,0,bps,100.0,20276.894027153514,29.48398957522337,0.0002738575015502323,0.667394759610306,0.14977340865577154,-0.9721250721537951,3537,7071.0,3652,-20247.41003757829
BTC,4,True,04:00-16:00,16:00-04:00,15,16,Night Momentum / Day Cash,Momentum,Cash,0,bps,100.0,20276.894027153514,52.53459447151728,0.00011796966948801603,0.46286749749216566,0.09302646998638017,-0.9353281609614588,7302,7302.0,3652,-20224.359432681995
BTC,4,True,04:00-16:00,16:00-04:00,16,17,Night Momentum / Day Long,Momentum,Long,0,bps,100.0,20276.894027153514,1109.8343522654725,0.0012699979324552015,0.6698476221159629,0.6920219316176054,-0.9256536205032092,3383,6765.0,3652,-19167.05967488804
BTC,4,True,04:00-16:00,16:00-04:00,17,18,Night Momentum / Day Short,Momentum,Short,0,bps,100.0,20276.894027153514,0.2711975054438973,-0.0010340585934791686,0.6507792754107026,-0.5799683562167864,-0.9994438551139203,3921,7841.0,3652,-20276.62282964807
BTC,4,True,04:00-16:00,16:00-04:00,18,19,Night Momentum / Day Momentum,Momentum,Momentum,0,bps,100.0,20276.894027153514,0.23603866915736185,-0.001028387423385726,0.6765016402936466,-0.5548566140547097,-0.9996233032085763,3687,7373.0,3652,-20276.657988484356
BTC,4,True,04:00-16:00,16:00-04:00,19,20,Night Momentum / Day Reversal,Momentum,Reversal,0,bps,100.0,20276.894027153514,1275.1560673250865,0.0012643267623617584,0.643865927648584,0.7167319288774555,-0.817169421914425,3616,7231.0,3652,-19001.737959828428
BTC,4,True,04:00-16:00,16:00-04:00,20,21,Night Reversal / Day Cash,Reversal,Cash,0,bps,100.0,20276.894027153514,22.196868448643,-0.00011796966948801825,0.46286749749216566,-0.09302646998638192,-0.8694276734374752,7302,7302.0,3652,-20254.697158704872
BTC,4,True,04:00-16:00,16:00-04:00,21,22,Night Reversal / Day Long,Reversal,Long,0,bps,100.0,20276.894027153514,468.9261878737354,0.001004754601500916,0.6521439491796247,0.5623534957415081,-0.8068461191627414,3921,7841.0,3652,-19807.96783927978
BTC,4,True,04:00-16:00,16:00-04:00,22,23,Night Reversal / Day Short,Reversal,Short,0,bps,100.0,20276.894027153514,0.11458612010799847,-0.0012406939404769543,0.6652166599159641,-0.6807605935956212,-0.9992425315100455,3383,6765.0,3652,-20276.779441033406
BTC,4,True,04:00-16:00,16:00-04:00,23,24,Night Reversal / Day Momentum,Reversal,Momentum,0,bps,100.0,20276.894027153514,0.09973084099696045,-0.0013247047815554476,0.6411593029762761,-0.7541296570497226,-0.999334581745432,3616,7231.0,3652,-20276.794296312517
BTC,4,True,04:00-16:00,16:00-04:00,24,25,Night Reversal / Day Reversal,Reversal,Reversal,0,bps,100.0,20276.894027153514,538.7777665867312,0.0010887654425794095,0.6757037556551284,0.5881266504966899,-0.9076575568614087,3687,7373.0,3652,-19738.11626056678
BTC,4,True,04:00-16:00,16:00-04:00,0,1,Night Cash / Day Cash,Cash,Cash,1,bps,100.0,20276.894027153514,100.0,0.0,0.0,0.0,0.0,0,0.0,3652,-20176.894027153514
BTC,4,True,04:00-16:00,16:00-04:00,1,2,Night Cash / Day Long,Cash,Long,1,bps,100.0,20276.894027153514,1017.7278511944609,0.0009371861150439576,0.4693663570048802,0.7287972963675532,-0.5797817750354115,7303,7303.0,3652,-19259.166175959053
BTC,4,True,04:00-16:00,16:00-04:00,2,3,Night Cash / Day Short,Cash,Short,1,bps,100.0,20276.894027153514,0.2486904950286664,-0.0013371113560077716,0.4693665105544603,-1.0397964788035488,-0.99821878502678,7303,7303.0,3652,-20276.645336658486
BTC,4,True,04:00-16:00,16:00-04:00,3,4,Night Cash / Day Momentum,Cash,Momentum,1,bps,100.0,20276.894027153514,0.2164928296759171,-0.0013762184217861189,0.46933081648609154,-1.0702892422722883,-0.9984965428654622,7301,7301.0,3652,-20276.677534323837
BTC,4,True,04:00-16:00,16:00-04:00,4,5,Night Cash / Day Reversal,Cash,Reversal,1,bps,100.0,20276.894027153514,1169.563217243769,0.0009764027043710449,0.46933028977992747,0.7593521979213059,-0.66658797436071,7301,7301.0,3652,-19107.330809909745
BTC,4,True,04:00-16:00,16:00-04:00,5,6,Night Long / Day Cash,Long,Cash,1,bps,100.0,20276.894027153514,462.42772094807174,0.0007134407788360499,0.46245127292762184,0.5630990755558245,-0.7772221147626173,7304,7304.0,3652,-19814.466306205442
BTC,4,True,04:00-16:00,16:00-04:00,6,7,Night Long / Day Long,Long,Long,1,bps,100.0,20276.894027153514,20278.590214018168,0.002061808105358283,0.6651706875106008,1.131378716149123,-0.8362298082770253,1,1.0,3652,1.6961868646540097
BTC,4,True,04:00-16:00,16:00-04:00,7,8,Night Long / Day Short,Long,Short,1,bps,100.0,20276.894027153514,1.1499297891364155,-0.0006344471567699804,0.6510168282545246,-0.3557100249496252,-0.9969460590792336,7304,14607.0,3652,-20275.74409736438
BTC,4,True,04:00-16:00,16:00-04:00,8,9,Night Long / Day Momentum,Long,Momentum,1,bps,100.0,20276.894027153514,2.1266001989643533,-0.0004452726042269638,0.6644524285562019,-0.2445991519603496,-0.997789202519038,3537,7071.0,3652,-20274.76742695455
BTC,4,True,04:00-16:00,16:00-04:00,9,10,Night Long / Day Reversal,Long,Reversal,1,bps,100.0,20276.894027153514,10965.435573376224,0.0018724290875398132,0.6518964470764802,1.0483821779011036,-0.6993134265992667,3770,7537.0,3652,-9311.45845377729
BTC,4,True,04:00-16:00,16:00-04:00,10,11,Night Short / Day Cash,Short,Cash,1,bps,100.0,20276.894027153514,0.5851183797801333,-0.0011134207788360058,0.4624512729276218,-0.8787922275624216,-0.9954488478477621,7304,7304.0,3652,-20276.308908773735
BTC,4,True,04:00-16:00,16:00-04:00,11,12,Night Short / Day Long,Short,Long,1,bps,100.0,20276.894027153514,5.954477755097983,-0.00018710078688927265,0.6561858451274831,-0.10407384999491547,-0.9598230668354283,7304,14607.0,3652,-20270.939549398416
BTC,4,True,04:00-16:00,16:00-04:00,12,13,Night Short / Day Short,Short,Short,1,bps,100.0,20276.894027153514,0.006269965716168131,-0.00204017149671444,0.6642872906302978,-1.1209947966853469,-0.9999601669250735,1,1.0,3652,-20276.887757187797
BTC,4,True,04:00-16:00,16:00-04:00,13,14,Night Short / Day Momentum,Short,Momentum,1,bps,100.0,20276.894027153514,0.0025682990019306514,-0.0023070139843793516,0.6530901659357455,-1.289347395228287,-0.9999859113443249,3770,7537.0,3652,-20276.891458854512
BTC,4,True,04:00-16:00,16:00-04:00,14,15,Night Short / Day Reversal,Short,Reversal,1,bps,100.0,20276.894027153514,14.536702894121072,7.9896245425726e-05,0.6671014866751636,0.0437146823427634,-0.9752626140698146,3537,7071.0,3652,-20262.357324259392
BTC,4,True,04:00-16:00,16:00-04:00,15,16,Night Momentum / Day Cash,Momentum,Cash,1,bps,100.0,20276.894027153514,25.310906314527294,-8.198916149179053e-05,0.4627749278446089,-0.06466651960572968,-0.9529751348518727,7302,7302.0,3652,-20251.583120838986
BTC,4,True,04:00-16:00,16:00-04:00,16,17,Night Momentum / Day Long,Momentum,Long,1,bps,100.0,20276.894027153514,564.1941314414256,0.0010848259631847633,0.6698849749372966,0.5910887560950324,-0.9371520589925468,3383,6765.0,3652,-19712.69989571209
BTC,4,True,04:00-16:00,16:00-04:00,17,18,Night Momentum / Day Short,Momentum,Short,1,bps,100.0,20276.894027153514,0.12380019586445343,-0.001248595329024944,0.6506178362254041,-0.700468492745434,-0.9997052388526698,3921,7841.0,3652,-20276.77022695765
BTC,4,True,04:00-16:00,16:00-04:00,18,19,Night Momentum / Day Momentum,Momentum,Momentum,1,bps,100.0,20276.894027153514,0.11291348535306654,-0.0012298703609736825,0.6764831783400286,-0.6635829184354926,-0.9997890581275847,3687,7373.0,3652,-20276.78111366816
BTC,4,True,04:00-16:00,16:00-04:00,19,20,Night Momentum / Day Reversal,Momentum,Reversal,1,bps,100.0,20276.894027153514,618.7192039219724,0.0010659575477799997,0.6436616769151331,0.6044705143926091,-0.8431100476435478,3616,7231.0,3652,-19658.17482323154
BTC,4,True,04:00-16:00,16:00-04:00,20,21,Night Reversal / Day Cash,Reversal,Cash,1,bps,100.0,20276.894027153514,10.694340813539359,-0.0003178813149594249,0.46277493803598846,-0.2507194543693442,-0.9264684964246154,7302,7302.0,3652,-20266.199686339976
BTC,4,True,04:00-16:00,16:00-04:00,21,22,Night Reversal / Day Long,Reversal,Long,1,bps,100.0,20276.894027153514,214.06227099957337,0.000789935927469594,0.6520682911745644,0.44217241879227376,-0.8389895968343462,3921,7841.0,3652,-20062.83175615394
BTC,4,True,04:00-16:00,16:00-04:00,22,23,Night Reversal / Day Short,Reversal,Short,1,bps,100.0,20276.894027153514,0.05825086994073406,-0.0014259683783166836,0.6649450621630986,-0.7827390377070367,-0.9996089185578326,3383,6765.0,3652,-20276.835776283573
BTC,4,True,04:00-16:00,16:00-04:00,23,24,Night Reversal / Day Momentum,Reversal,Momentum,1,bps,100.0,20276.894027153514,0.04839045833624748,-0.0015223067040838927,0.6411016679070843,-0.8666986451689448,-0.9996711027711045,3616,7231.0,3652,-20276.845636695176
BTC,4,True,04:00-16:00,16:00-04:00,24,25,Night Reversal / Day Reversal,Reversal,Reversal,1,bps,100.0,20276.894027153514,257.734360531794,0.0008864773087342799,0.67548015227328,0.47901365658055234,-0.9191261435471134,3687,7373.0,3652,-20019.15966662172
BTC,4,True,04:00-16:00,16:00-04:00,0,1,Night Cash / Day Cash,Cash,Cash,2,bps,100.0,20276.894027153514,100.0,0.0,0.0,0.0,0.0,0,0.0,3652,-20176.894027153514
BTC,4,True,04:00-16:00,16:00-04:00,1,2,Night Cash / Day Long,Cash,Long,2,bps,100.0,20276.894027153514,490.2513714792611,0.0007370159803944495,0.46927240563760686,0.5732509084536205,-0.6431735137285861,7303,7303.0,3652,-19786.64265567425
BTC,4,True,04:00-16:00,16:00-04:00,2,3,Night Cash / Day Short,Cash,Short,2,bps,100.0,20276.894027153514,0.11979711090599045,-0.0015368264732749724,0.46927271272707094,-1.1953425961752193,-0.9991284756908876,7303,7303.0,3652,-20276.774230042607
BTC,4,True,04:00-16:00,16:00-04:00,3,4,Night Cash / Day Momentum,Cash,Momentum,2,bps,100.0,20276.894027153514,0.1043079827567398,-0.0015758707756338645,0.46923722687813585,-1.225803922108128,-0.9992611344790767,7301,7301.0,3652,-20276.789719170756
BTC,4,True,04:00-16:00,16:00-04:00,4,5,Night Cash / Day Reversal,Cash,Reversal,2,bps,100.0,20276.894027153514,563.50494415821,0.0007762793188979198,0.4692361734859548,0.6038365484331564,-0.7047504251468688,7301,7301.0,3652,-19713.389082995305
BTC,4,True,04:00-16:00,16:00-04:00,5,6,Night Long / Day Cash,Long,Cash,2,bps,100.0,20276.894027153514,222.73454665610598,0.0005132880835459969,0.46235877804852366,0.4052051337384295,-0.8363253653989248,7304,7304.0,3652,-20054.15948049741
BTC,4,True,04:00-16:00,16:00-04:00,6,7,Night Long / Day Long,Long,Long,2,bps,100.0,20276.894027153514,20276.562152190752,0.002061780764825883,0.6651707435655243,1.131363618200558,-0.8362298082770251,1,1.0,3652,-0.3318749627615034
BTC,4,True,04:00-16:00,16:00-04:00,7,8,Night Long / Day Short,Long,Short,2,bps,100.0,20276.894027153514,0.2667515858382863,-0.001034205882205033,0.6507564540324515,-0.5800713072697591,-0.9991035618291403,7304,14607.0,3652,-20276.627275567676
BTC,4,True,04:00-16:00,16:00-04:00,8,9,Night Long / Day Momentum,Long,Momentum,2,bps,100.0,20276.894027153514,1.04834465677225,-0.0006385204385924355,0.6644982185867463,-0.35073075226884803,-0.9987338267058357,3537,7071.0,3652,-20275.845682496743
BTC,4,True,04:00-16:00,16:00-04:00,9,10,Night Long / Day Reversal,Long,Reversal,2,bps,100.0,20276.894027153514,5159.408647395652,0.0016656432004092418,0.6517802964918914,0.9327679456123857,-0.7197597387067082,3770,7537.0,3652,-15117.485379757862
BTC,4,True,04:00-16:00,16:00-04:00,10,11,Night Short / Day Cash,Short,Cash,2,bps,100.0,20276.894027153514,0.2818301567070599,-0.001313208083545911,0.4623587780485235,-1.0366861693798184,-0.9977516994050091,7304,7304.0,3652,-20276.612196996808
BTC,4,True,04:00-16:00,16:00-04:00,11,12,Night Short / Day Long,Short,Long,2,bps,100.0,20276.894027153514,1.381272490735338,-0.0005870386557261416,0.6559232918012848,-0.32666793818469175,-0.9903701803688982,7304,14607.0,3652,-20275.512754662777
BTC,4,True,04:00-16:00,16:00-04:00,12,13,Night Short / Day Short,Short,Short,2,bps,100.0,20276.894027153514,0.006269338656890567,-0.0020401989205666975,0.6642872392476284,-1.1210099517345244,-0.9999601669250735,1,1.0,3652,-20276.887757814857
BTC,4,True,04:00-16:00,16:00-04:00,13,14,Night Short / Day Momentum,Short,Momentum,2,bps,100.0,20276.894027153514,0.0012084247808478857,-0.0025129238587438363,0.6529813243685955,-1.4046607065346153,-0.9999932513053378,3770,7537.0,3652,-20276.892818728735
BTC,4,True,04:00-16:00,16:00-04:00,14,15,Night Short / Day Reversal,Short,Reversal,2,bps,100.0,20276.894027153514,7.166121217123535,-0.0001140478112381586,0.666818305340733,-0.06242697713683333,-0.9780475254581201,3537,7071.0,3652,-20269.72790593639
BTC,4,True,04:00-16:00,16:00-04:00,15,16,Night Momentum / Day Cash,Momentum,Cash,2,bps,100.0,20276.894027153514,12.193778168094969,-0.0002819279955886585,0.4626823760945529,-0.22240682530088662,-0.9724859685246682,7302,7302.0,3652,-20264.70024898542
BTC,4,True,04:00-16:00,16:00-04:00,16,17,Night Momentum / Day Long,Momentum,Long,2,bps,100.0,20276.894027153514,286.774272348374,0.0008996910265485062,0.6699440232374619,0.49017113863229095,-0.946873930522017,3383,6765.0,3652,-19990.11975480514
BTC,4,True,04:00-16:00,16:00-04:00,17,18,Night Momentum / Day Short,Momentum,Short,2,bps,100.0,20276.894027153514,0.056505255648513976,-0.0014630891584229665,0.6504787252999179,-0.8209761857748034,-0.9998437941233892,3921,7841.0,3652,-20276.837521897865
BTC,4,True,04:00-16:00,16:00-04:00,18,19,Night Momentum / Day Momentum,Momentum,Momentum,2,bps,100.0,20276.894027153514,0.05400629777916872,-0.0014313345740796582,0.6764746019889516,-0.7722937683144647,-0.9998818909187052,3687,7373.0,3652,-20276.840020855736
BTC,4,True,04:00-16:00,16:00-04:00,19,20,Night Momentum / Day Reversal,Momentum,Reversal,2,bps,100.0,20276.894027153514,300.1656709413942,0.0008676064066298105,0.6434679550087491,0.492140029592577,-0.8656005579989805,3616,7231.0,3652,-19976.72835621212
BTC,4,True,04:00-16:00,16:00-04:00,20,21,Night Reversal / Day Cash,Reversal,Cash,2,bps,100.0,20276.894027153514,5.152103915751763,-0.0005177729682666772,0.46268239647629245,-0.40845974443080146,-0.9586807920240789,7302,7302.0,3652,-20271.74192323776
BTC,4,True,04:00-16:00,16:00-04:00,21,22,Night Reversal / Day Long,Reversal,Long,2,bps,100.0,20276.894027153514,97.70294193052632,0.0005751602160064005,0.6520149821928852,0.32197646461478346,-0.8657888425101428,3921,7841.0,3652,-20179.19108522299
BTC,4,True,04:00-16:00,16:00-04:00,22,23,Night Reversal / Day Short,Reversal,Short,2,bps,100.0,20276.894027153514,0.029608338530986635,-0.0016112057630535066,0.6646953073954865,-0.8847513995831816,-0.9997981111156514,3383,6765.0,3652,-20276.864418814985
BTC,4,True,04:00-16:00,16:00-04:00,23,24,Night Reversal / Day Momentum,Reversal,Momentum,2,bps,100.0,20276.894027153514,0.02347616544239858,-0.0017198906871120358,0.6410544558530555,-0.9792617383191392,-0.9998374584141415,3616,7231.0,3652,-20276.87055098807
BTC,4,True,04:00-16:00,16:00-04:00,24,25,Night Reversal / Day Reversal,Reversal,Reversal,2,bps,100.0,20276.894027153514,123.27383730366653,0.0006842080186858511,0.6752665500022219,0.3698331078586876,-0.9291722537117411,3687,7373.0,3652,-20153.620189849848
BTC,5,True,05:00-17:00,17:00-05:00,0,1,Night Cash / Day Cash,Cash,Cash,0,bps,100.0,20276.894027153514,100.0,0.0,0.0,0.0,0.0,0,0.0,3652,-20176.894027153514
BTC,5,True,05:00-17:00,17:00-05:00,1,2,Night Cash / Day Long,Cash,Long,0,bps,100.0,20276.894027153514,2331.577813180972,0.0011705173624110261,0.4733691921611951,0.9025488864821141,-0.5337161000723835,7303,7303.0,3652,-17945.316213972543
BTC,5,True,05:00-17:00,17:00-05:00,2,3,Night Cash / Day Short,Cash,Short,0,bps,100.0,20276.894027153514,0.45077749599378236,-0.001170517362411026,0.4733691921611951,-0.9025488864821138,-0.9971358325689534,7303,7303.0,3652,-20276.44324965752
BTC,5,True,05:00-17:00,17:00-05:00,3,4,Night Cash / Day Momentum,Cash,Momentum,0,bps,100.0,20276.894027153514,0.14777711941461694,-0.0014749203010690896,0.47305853901862177,-1.1380111878057144,-0.9987925870440572,7301,7301.0,3652,-20276.7462500341
BTC,5,True,05:00-17:00,17:00-05:00,4,5,Night Cash / Day Reversal,Cash,Reversal,0,bps,100.0,20276.894027153514,7112.216345383632,0.0014749203010690902,0.4730585390186217,1.138011187805715,-0.6646991171140072,7301,7301.0,3652,-13164.677681769881
BTC,5,True,05:00-17:00,17:00-05:00,5,6,Night Long / Day Cash,Long,Cash,0,bps,100.0,20276.894027153514,868.5457991800988,0.0008828507437406484,0.4594340037754344,0.7013858765726965,-0.7523547110273676,7304,7304.0,3652,-19408.348227973416
BTC,5,True,05:00-17:00,17:00-05:00,6,7,Night Long / Day Long,Long,Long,0,bps,100.0,20276.894027153514,20250.82115099835,0.002062752499296657,0.6654108427784157,1.1314884186430365,-0.8328572100534677,1,1.0,3652,-26.07287615516543
BTC,5,True,05:00-17:00,17:00-05:00,7,8,Night Long / Day Short,Long,Short,0,bps,100.0,20276.894027153514,3.9152090051032524,-0.0002970510118153606,0.6520968557422943,-0.16626919507100815,-0.9934869615092727,7304,14607.0,3652,-20272.97881814841
BTC,5,True,05:00-17:00,17:00-05:00,8,9,Night Long / Day Momentum,Long,Momentum,0,bps,100.0,20276.894027153514,1.283511962825012,-0.0005814316297904813,0.6637678264797638,-0.31972406074429643,-0.9986390002027631,3547,7091.0,3652,-20275.61051519069
BTC,5,True,05:00-17:00,17:00-05:00,9,10,Night Long / Day Reversal,Long,Reversal,0,bps,100.0,20276.894027153514,61772.85629642962,0.0023471331172717777,0.6533491312818839,1.3112492950336208,-0.5965085342858685,3760,7517.0,3652,41495.962269276104
BTC,5,True,05:00-17:00,17:00-05:00,10,11,Night Short / Day Cash,Short,Cash,0,bps,100.0,20276.894027153514,1.3814681745092534,-0.0008828507437406466,0.4594340037754344,-0.701385876572695,-0.9888581445870639,7304,7304.0,3652,-20275.512558979004
BTC,5,True,05:00-17:00,17:00-05:00,11,12,Night Short / Day Long,Short,Long,0,bps,100.0,20276.894027153514,32.21000545301377,0.0002782822255253967,0.6584883396878389,0.15425180097330377,-0.859033142639756,7304,14607.0,3652,-20244.6840217005
BTC,5,True,05:00-17:00,17:00-05:00,12,13,Night Short / Day Short,Short,Short,0,bps,100.0,20276.894027153514,0.006227347645003862,-0.0020439837130066907,0.6636695073898468,-1.124134899886551,-0.9999607400476169,1,1.0,3652,-20276.88779980587
BTC,5,True,05:00-17:00,17:00-05:00,13,14,Night Short / Day Momentum,Short,Momentum,0,bps,100.0,20276.894027153514,0.0020414938739194794,-0.0023684089723476982,0.6527959951688379,-1.3242564006283848,-0.9999846871539522,3760,7517.0,3652,-20276.89198565964
BTC,5,True,05:00-17:00,17:00-05:00,14,15,Night Short / Day Reversal,Short,Reversal,0,bps,100.0,20276.894027153514,98.2530053137202,0.000602707484866404,0.6688007937534663,0.3289293823077154,-0.9675590178415882,3547,7091.0,3652,-20178.641021839794
BTC,5,True,05:00-17:00,17:00-05:00,15,16,Night Momentum / Day Cash,Momentum,Cash,0,bps,100.0,20276.894027153514,39.2787133630215,3.3328707034837656e-05,0.4597426387024565,0.026460408593053875,-0.9567067460063475,7302,7302.0,3652,-20237.61531379049
BTC,5,True,05:00-17:00,17:00-05:00,16,17,Night Momentum / Day Long,Momentum,Long,0,bps,100.0,20276.894027153514,915.8137660751511,0.001240600073287942,0.6829634391514656,0.6630208892480319,-0.9063807246836302,3417,6833.0,3652,-19361.08026107836
BTC,5,True,05:00-17:00,17:00-05:00,17,18,Night Momentum / Day Short,Momentum,Short,0,bps,100.0,20276.894027153514,0.17705960055640244,-0.0011739426592182664,0.6383296165066509,-0.6712661602004844,-0.9993596524961916,3887,7773.0,3652,-20276.71696755296
BTC,5,True,05:00-17:00,17:00-05:00,18,19,Night Momentum / Day Momentum,Momentum,Momentum,0,bps,100.0,20276.894027153514,0.058044951150997136,-0.001436673509968977,0.6621718572378946,-0.7919180276341515,-0.999794613487114,3689,7377.0,3652,-20276.835982202363
BTC,5,True,05:00-17:00,17:00-05:00,19,20,Night Momentum / Day Reversal,Momentum,Reversal,0,bps,100.0,20276.894027153514,2793.5870720611765,0.0015033309240386524,0.6594835546266122,0.8320386208641414,-0.8870374315728737,3614,7227.0,3652,-17483.30695509234
BTC,5,True,05:00-17:00,17:00-05:00,20,21,Night Reversal / Day Cash,Reversal,Cash,0,bps,100.0,20276.894027153514,30.547692363613226,-3.332870703483586e-05,0.4597426387024565,-0.026460408593052452,-0.7969893655942757,7302,7302.0,3652,-20246.3463347899
BTC,5,True,05:00-17:00,17:00-05:00,21,22,Night Reversal / Day Long,Reversal,Long,0,bps,100.0,20276.894027153514,712.2432175887848,0.0011004346515341122,0.640715375242085,0.6268909149529773,-0.8207386304537181,3887,7773.0,3652,-19564.65080956473
BTC,5,True,05:00-17:00,17:00-05:00,22,23,Night Reversal / Day Short,Reversal,Short,0,bps,100.0,20276.894027153514,0.13770212272057958,-0.001167092065603785,0.6773322469709843,-0.6289211917052432,-0.999074218932295,3417,6833.0,3652,-20276.756325030794
BTC,5,True,05:00-17:00,17:00-05:00,23,24,Night Reversal / Day Momentum,Reversal,Momentum,0,bps,100.0,20276.894027153514,0.04514249982258678,-0.0015131670921692023,0.6548585278712747,-0.8433974135407843,-0.9996222210028557,3614,7227.0,3652,-20276.848884653693
BTC,5,True,05:00-17:00,17:00-05:00,24,25,Night Reversal / Day Reversal,Reversal,Reversal,0,bps,100.0,20276.894027153514,2172.617969422422,0.0014465096780995293,0.6631704147433837,0.7961393041193349,-0.8840139491227571,3689,7377.0,3652,-18104.27605773109
BTC,5,True,05:00-17:00,17:00-05:00,0,1,Night Cash / Day Cash,Cash,Cash,1,bps,100.0,20276.894027153514,100.0,0.0,0.0,0.0,0.0,0,0.0,3652,-20176.894027153514
BTC,5,True,05:00-17:00,17:00-05:00,1,2,Night Cash / Day Long,Cash,Long,1,bps,100.0,20276.894027153514,1123.2302590950248,0.0009703206552173486,0.47327450328978893,0.7483332330232747,-0.6044463415732724,7303,7303.0,3652,-19153.66376805849
BTC,5,True,05:00-17:00,17:00-05:00,2,3,Night Cash / Day Short,Cash,Short,1,bps,100.0,20276.894027153514,0.2171606372118127,-0.0013702458961811592,0.47327454492679044,-1.056764530159737,-0.9984532640050341,7303,7303.0,3652,-20276.676866516304
BTC,5,True,05:00-17:00,17:00-05:00,3,4,Night Cash / Day Momentum,Cash,Momentum,1,bps,100.0,20276.894027153514,0.07120540164542694,-0.0016745335254085337,0.47296377507697646,-1.2922865745365786,-0.9993840687202826,7301,7301.0,3652,-20276.82282175187
BTC,5,True,05:00-17:00,17:00-05:00,4,5,Night Cash / Day Reversal,Cash,Reversal,1,bps,100.0,20276.894027153514,3426.9731570645754,0.0012747178079934635,0.4729641051305415,0.9837363869065617,-0.689666843301313,7301,7301.0,3652,-16849.92087008894
BTC,5,True,05:00-17:00,17:00-05:00,5,6,Night Long / Day Cash,Long,Cash,1,bps,100.0,20276.894027153514,418.3773579599303,0.000682684182420428,0.4593421215690193,0.5424708836461783,-0.8265863779596141,7304,7304.0,3652,-19858.516669193585
BTC,5,True,05:00-17:00,17:00-05:00,6,7,Night Long / Day Long,Long,Long,1,bps,100.0,20276.894027153514,20248.796068883345,0.0020627250524356652,0.6654108390661134,1.1314733694384744,-0.8328572100534679,1,1.0,3652,-28.09795827016933
BTC,5,True,05:00-17:00,17:00-05:00,7,8,Night Long / Day Short,Long,Short,1,bps,100.0,20276.894027153514,0.9084845741719586,-0.0006968647720530526,0.651836078967381,-0.3902141197865369,-0.9977616600966255,7304,14607.0,3652,-20275.985542579343
BTC,5,True,05:00-17:00,17:00-05:00,8,9,Night Long / Day Momentum,Long,Momentum,1,bps,100.0,20276.894027153514,0.6315546110051583,-0.0007751916535106941,0.6637948033087928,-0.4262536436275462,-0.9992199802918307,3547,7091.0,3652,-20276.26247254251
BTC,5,True,05:00-17:00,17:00-05:00,9,10,Night Long / Day Reversal,Long,Reversal,1,bps,100.0,20276.894027153514,29127.678824219227,0.0021407715687919004,0.653196702403457,1.1962424484598992,-0.6321051395075471,3760,7517.0,3652,8850.784797065713
BTC,5,True,05:00-17:00,17:00-05:00,10,11,Night Short / Day Cash,Short,Cash,1,bps,100.0,20276.894027153514,0.6654513849500052,-0.0010826641824203855,0.45934212156901943,-0.8603008694992131,-0.9944954582874274,7304,7304.0,3652,-20276.228575768564
BTC,5,True,05:00-17:00,17:00-05:00,11,12,Night Short / Day Long,Short,Long,1,bps,100.0,20276.894027153514,7.4740053595902465,-0.00012176175393534799,0.6582249370843474,-0.06751953273491204,-0.9417644444294433,7304,14607.0,3652,-20269.420021793925
BTC,5,True,05:00-17:00,17:00-05:00,12,13,Night Short / Day Short,Short,Short,1,bps,100.0,20276.894027153514,0.006226724910239341,-0.0020440110306802813,0.6636695128667599,-1.124149914579675,-0.9999607400476169,1,1.0,3652,-20276.887800428605
BTC,5,True,05:00-17:00,17:00-05:00,13,14,Night Short / Day Momentum,Short,Momentum,1,bps,100.0,20276.894027153514,0.000962623091213185,-0.0025736882402287633,0.6527066043214885,-1.4392319634333008,-0.9999926505999995,3760,7517.0,3652,-20276.893064530424
BTC,5,True,05:00-17:00,17:00-05:00,14,15,Night Short / Day Reversal,Short,Reversal,1,bps,100.0,20276.894027153514,48.34558644425625,0.0004081455325138106,0.6685104071420415,0.2228433810094565,-0.9710136852945171,3547,7091.0,3652,-20228.54844070926
BTC,5,True,05:00-17:00,17:00-05:00,15,16,Night Momentum / Day Cash,Momentum,Cash,1,bps,100.0,20276.894027153514,18.9242887298885,-0.00016661319659889206,0.45965069767103894,-0.13230441521513495,-0.9695258351736128,7302,7302.0,3652,-20257.969738423624
BTC,5,True,05:00-17:00,17:00-05:00,16,17,Night Momentum / Day Long,Momentum,Long,1,bps,100.0,20276.894027153514,462.4066495398,0.0010536030597686251,0.6830107237072925,0.5630440393793221,-0.912570788523719,3417,6833.0,3652,-19814.487377613714
BTC,5,True,05:00-17:00,17:00-05:00,17,18,Night Momentum / Day Short,Momentum,Short,1,bps,100.0,20276.894027153514,0.08137830115030414,-0.0013865464364365904,0.6381953035269928,-0.7930008987882659,-0.9996126111118516,3887,7773.0,3652,-20276.812648852363
BTC,5,True,05:00-17:00,17:00-05:00,18,19,Night Momentum / Day Momentum,Momentum,Momentum,1,bps,100.0,20276.894027153514,0.02775577579750503,-0.0016381867365057908,0.6621563058733714,-0.9030166344726487,-0.9998841883082988,3689,7377.0,3652,-20276.866271377716
BTC,5,True,05:00-17:00,17:00-05:00,19,20,Night Momentum / Day Reversal,Momentum,Reversal,1,bps,100.0,20276.894027153514,1356.0203331002401,0.0013049844880436623,0.659255062701484,0.7225114604112155,-0.8935668792201972,3614,7227.0,3652,-18920.873694053273
BTC,5,True,05:00-17:00,17:00-05:00,20,21,Night Reversal / Day Cash,Reversal,Cash,1,bps,100.0,20276.894027153514,14.717726239604112,-0.00023325727985232513,0.45965070056987056,-0.18522523089934215,-0.8720321729681322,7302,7302.0,3652,-20262.17630091391
BTC,5,True,05:00-17:00,17:00-05:00,21,22,Night Reversal / Day Long,Reversal,Long,1,bps,100.0,20276.894027153514,327.35385639107045,0.0008874148887935121,0.6406192440993997,0.5056145868127776,-0.8413335549888766,3887,7773.0,3652,-19949.540170762444
BTC,5,True,05:00-17:00,17:00-05:00,22,23,Night Reversal / Day Short,Reversal,Short,1,bps,100.0,20276.894027153514,0.06952764804423955,-0.0013542744983302442,0.6770410140463616,-0.7301037627488404,-0.9995224964617216,3417,6833.0,3652,-20276.82449950547
BTC,5,True,05:00-17:00,17:00-05:00,23,24,Night Reversal / Day Momentum,Reversal,Momentum,1,bps,100.0,20276.894027153514,0.021912382205161077,-0.0017105836336849258,0.6548184308577185,-0.9534903064307026,-0.9998127510206517,3614,7227.0,3652,-20276.872114771308
BTC,5,True,05:00-17:00,17:00-05:00,24,25,Night Reversal / Day Reversal,Reversal,Reversal,1,bps,100.0,20276.894027153514,1038.8965113614906,0.0012440421368107887,0.6629488213788817,0.6849327810727479,-0.8960553057790515,3689,7377.0,3652,-19237.997515792023
BTC,5,True,05:00-17:00,17:00-05:00,0,1,Night Cash / Day Cash,Cash,Cash,2,bps,100.0,20276.894027153514,100.0,0.0,0.0,0.0,0.0,0,0.0,3652,-20176.894027153514
BTC,5,True,05:00-17:00,17:00-05:00,1,2,Night Cash / Day Long,Cash,Long,2,bps,100.0,20276.894027153514,541.073111404032,0.0007701439659565523,0.4731798260020701,0.5940712856446078,-0.6644530887426717,7303,7303.0,3652,-19735.820915749482
BTC,5,True,05:00-17:00,17:00-05:00,2,3,Night Cash / Day Short,Cash,Short,2,bps,100.0,20276.894027153514,0.10460881079303092,-0.0015699544588370818,0.4731799092661845,-1.2110264325554412,-0.9992180813881046,7303,7303.0,3652,-20276.78941834272
BTC,5,True,05:00-17:00,17:00-05:00,3,4,Night Cash / Day Momentum,Cash,Momentum,2,bps,100.0,20276.894027153514,0.03430733395713992,-0.001874126790132293,0.4728690311477403,-1.4466083277603445,-0.9996973645920719,7301,7301.0,3652,-20276.859719819557
BTC,5,True,05:00-17:00,17:00-05:00,4,5,Night Cash / Day Reversal,Cash,Reversal,2,bps,100.0,20276.894027153514,1651.1431695451638,0.0010745353333963424,0.47286969127969497,0.8294153842431014,-0.7224698261624931,7301,7301.0,3652,-18625.75085760835
BTC,5,True,05:00-17:00,17:00-05:00,5,6,Night Long / Day Cash,Long,Cash,2,bps,100.0,20276.894027153514,201.51709539673018,0.0004825376387572278,0.4592502485512844,0.3835082043003405,-0.8785714327004118,7304,7304.0,3652,-20075.376931756782
BTC,5,True,05:00-17:00,17:00-05:00,6,7,Night Long / Day Long,Long,Long,2,bps,100.0,20276.894027153514,20246.770986768253,0.002062697605574673,0.665410836862915,1.131458317667678,-0.8328572100534676,1,1.0,3652,-30.123040385260538
BTC,5,True,05:00-17:00,17:00-05:00,7,8,Night Long / Day Short,Long,Short,2,bps,100.0,20276.894027153514,0.21074304114861503,-0.001096598567029517,0.6515753558849445,-0.6142934556236522,-0.999309968860909,7304,14607.0,3652,-20276.683284112365
BTC,5,True,05:00-17:00,17:00-05:00,8,9,Night Long / Day Momentum,Long,Momentum,2,bps,100.0,20276.894027153514,0.310713624091113,-0.0009689344880477036,0.663831793990003,-0.5327570799399489,-0.9995573472382547,3547,7091.0,3652,-20276.583313529423
BTC,5,True,05:00-17:00,17:00-05:00,9,10,Night Long / Day Reversal,Long,Reversal,2,bps,100.0,20276.894027153514,13732.473400979457,0.00193442969697586,0.6530546369859445,1.0811757537698723,-0.6737182796750594,3760,7517.0,3652,-6544.420626174056
BTC,5,True,05:00-17:00,17:00-05:00,10,11,Night Short / Day Cash,Short,Cash,2,bps,100.0,20276.894027153514,0.3205236317680959,-0.0012824576387571367,0.4592502485512844,-1.019263548845053,-0.997304726392633,7304,7304.0,3652,-20276.573503521744
BTC,5,True,05:00-17:00,17:00-05:00,11,12,Night Short / Day Long,Short,Long,2,bps,100.0,20276.894027153514,1.733760444393621,-0.0005217257220646167,0.6579615886854324,-0.2894240208369192,-0.9862604791313451,7304,14607.0,3652,-20275.16026670912
BTC,5,True,05:00-17:00,17:00-05:00,12,13,Night Short / Day Short,Short,Short,2,bps,100.0,20276.894027153514,0.006226102175474859,-0.0020440383483538715,0.6636695198425264,-1.1241649267336993,-0.9999607400476169,1,1.0,3652,-20276.88780105134
BTC,5,True,05:00-17:00,17:00-05:00,13,14,Night Short / Day Momentum,Short,Momentum,2,bps,100.0,20276.894027153514,0.0004538362316829088,-0.0027789479417861572,0.6526274806622658,-1.5542036288797576,-0.9999964731736739,3760,7517.0,3652,-20276.893573317284
BTC,5,True,05:00-17:00,17:00-05:00,14,15,Night Short / Day Reversal,Short,Reversal,2,bps,100.0,20276.894027153514,23.785167760864468,0.00021360097049422786,0.6682301696909705,0.11667290368893181,-0.9741996287585254,3547,7091.0,3652,-20253.10885939265
BTC,5,True,05:00-17:00,17:00-05:00,15,16,Night Momentum / Day Cash,Momentum,Cash,2,bps,100.0,20276.894027153514,9.116962304459033,-0.00036653510504249437,0.4595587745329836,-0.2911168728667335,-0.9785499581463012,7302,7302.0,3652,-20267.777064849055
BTC,5,True,05:00-17:00,17:00-05:00,16,17,Night Momentum / Day Long,Momentum,Long,2,bps,100.0,20276.894027153514,233.4434022225055,0.0008666434439143175,0.683079305313118,0.4630865765779935,-0.9183526855521295,3417,6833.0,3652,-20043.450624931007
BTC,5,True,05:00-17:00,17:00-05:00,17,18,Night Momentum / Day Short,Momentum,Short,2,bps,100.0,20276.894027153514,0.03739643650525741,-0.0015991076941229544,0.6380837707061789,-0.9147299071858783,-0.9997984105695605,3887,7773.0,3652,-20276.856630717008
BTC,5,True,05:00-17:00,17:00-05:00,18,19,Night Momentum / Day Momentum,Momentum,Momentum,2,bps,100.0,20276.894027153514,0.013270222183736928,-0.0018396811905705365,0.6621508400996107,-1.0140946652838665,-0.9999351036247663,3689,7377.0,3652,-20276.88075693133
BTC,5,True,05:00-17:00,17:00-05:00,19,20,Night Momentum / Day Reversal,Momentum,Reversal,2,bps,100.0,20276.894027153514,658.123498124113,0.001106656159223942,0.6590368668104291,0.6129088044370794,-0.9048817130529554,3614,7227.0,3652,-19618.7705290294
BTC,5,True,05:00-17:00,17:00-05:00,20,21,Night Reversal / Day Cash,Reversal,Cash,2,bps,100.0,20276.894027153514,7.090409433560163,-0.0004331658588128363,0.45955878033035674,-0.34403768404344287,-0.9372742575120883,7302,7302.0,3652,-20269.803617719954
BTC,5,True,05:00-17:00,17:00-05:00,21,22,Night Reversal / Day Long,Reversal,Long,2,bps,100.0,20276.894027153514,150.431595796886,0.0006744377287882737,0.6405459009256816,0.38431246012497916,-0.8773301229337926,3887,7773.0,3652,-20126.462431356627
BTC,5,True,05:00-17:00,17:00-05:00,22,23,Night Reversal / Day Short,Reversal,Short,2,bps,100.0,20276.894027153514,0.03510064296032357,-0.0015414194963021262,0.6767712635125908,-0.8313268403716864,-0.9997537436890138,3417,6833.0,3652,-20276.858926510555
BTC,5,True,05:00-17:00,17:00-05:00,23,24,Night Reversal / Day Momentum,Reversal,Momentum,2,bps,100.0,20276.894027153514,0.01063483583326698,-0.0019079822031187463,0.6547885740400071,-1.063570031226281,-0.9999072016772219,3614,7227.0,3652,-20276.88339231768
BTC,5,True,05:00-17:00,17:00-05:00,24,25,Night Reversal / Day Reversal,Reversal,Reversal,2,bps,100.0,20276.894027153514,496.7033756237317,0.0010415935443907236,0.6627374911184631,0.573653443177032,-0.9068486042228988,3689,7377.0,3652,-19780.19065152978
BTC,6,True,06:00-18:00,18:00-06:00,0,1,Night Cash / Day Cash,Cash,Cash,0,bps,100.0,20276.894027153514,100.0,0.0,0.0,0.0,0.0,0,0.0,3652,-20176.894027153514
BTC,6,True,06:00-18:00,18:00-06:00,1,2,Night Cash / Day Long,Cash,Long,0,bps,100.0,20276.894027153514,2596.608359346061,0.001227421770707104,0.4932485092848142,0.9082824131748186,-0.6354027647516254,7303,7303.0,3652,-17680.285667807453
BTC,6,True,06:00-18:00,18:00-06:00,2,3,Night Cash / Day Short,Cash,Short,0,bps,100.0,20276.894027153514,0.33343589511948757,-0.0012274217707071047,0.4932485092848142,-0.9082824131748192,-0.9976294497668832,7303,7303.0,3652,-20276.560591258396
BTC,6,True,06:00-18:00,18:00-06:00,3,4,Night Cash / Day Momentum,Cash,Momentum,0,bps,100.0,20276.894027153514,0.32120817895898246,-0.0012360635922997296,0.4932406267745604,-0.914691910396118,-0.9976676934259728,7301,7301.0,3652,-20276.572818974553
BTC,6,True,06:00-18:00,18:00-06:00,4,5,Night Cash / Day Reversal,Cash,Reversal,0,bps,100.0,20276.894027153514,2695.4558405053576,0.0012360635922997287,0.49324062677456043,0.9146919103961173,-0.7034363903994201,7301,7301.0,3652,-17581.438186648156
BTC,6,True,06:00-18:00,18:00-06:00,5,6,Night Long / Day Cash,Long,Cash,0,bps,100.0,20276.894027153514,779.2231188304854,0.0008278019582662147,0.4393641261684921,0.6876931837882856,-0.595055153893834,7304,7304.0,3652,-19497.670908323027
BTC,6,True,06:00-18:00,18:00-06:00,6,7,Night Long / Day Long,Long,Long,0,bps,100.0,20276.894027153514,20233.372641509435,0.002068347662508731,0.668969786160323,1.1285216648555167,-0.8347631442226411,1,1.0,3652,-43.52138564407869
BTC,6,True,06:00-18:00,18:00-06:00,7,8,Night Long / Day Short,Long,Short,0,bps,100.0,20276.894027153514,2.5982095812504142,-0.00041274374597629964,0.65288150030493,-0.23074856189214613,-0.9905734529620407,7304,14607.0,3652,-20274.295817572263
BTC,6,True,06:00-18:00,18:00-06:00,8,9,Night Long / Day Momentum,Long,Momentum,0,bps,100.0,20276.894027153514,2.502928390022787,-0.00040304168999439005,0.6633164847437389,-0.2217798294350937,-0.9964446789514205,3447,6891.0,3652,-20274.39109876349
BTC,6,True,06:00-18:00,18:00-06:00,9,10,Night Long / Day Reversal,Long,Reversal,0,bps,100.0,20276.894027153514,21003.615067084243,0.002058645606526821,0.6586376628107622,1.1408482824617656,-0.7748209922857701,3860,7717.0,3652,726.7210399307296
BTC,6,True,06:00-18:00,18:00-06:00,10,11,Night Short / Day Cash,Short,Cash,0,bps,100.0,20276.894027153514,1.8476102563722203,-0.0008278019582662154,0.4393641261684921,-0.6876931837882861,-0.9853007060858942,7304,7304.0,3652,-20275.04641689714
BTC,6,True,06:00-18:00,18:00-06:00,11,12,Night Short / Day Long,Short,Long,0,bps,100.0,20276.894027153514,47.97520236509587,0.00038649587890547714,0.6551745180583108,0.21531819677386133,-0.7860274705834238,7304,14607.0,3652,-20228.91882478842
BTC,6,True,06:00-18:00,18:00-06:00,12,13,Night Short / Day Short,Short,Short,0,bps,100.0,20276.894027153514,0.006160595796654169,-0.0020420997954379086,0.6658468261250713,-1.119426264554768,-0.9999610513115417,1,1.0,3652,-20276.887866557718
BTC,6,True,06:00-18:00,18:00-06:00,13,14,Night Short / Day Momentum,Short,Momentum,0,bps,100.0,20276.894027153514,0.005934675258752599,-0.002069085494605069,0.6559372756186438,-1.1513543041422245,-0.9999532552343603,3860,7717.0,3652,-20276.888092478253
BTC,6,True,06:00-18:00,18:00-06:00,14,15,Night Short / Day Reversal,Short,Reversal,0,bps,100.0,20276.894027153514,49.80151856516106,0.0004134815780726375,0.6650590511811545,0.22692838437199706,-0.9614366132236278,3447,6891.0,3652,-20227.092508588354
BTC,6,True,06:00-18:00,18:00-06:00,15,16,Night Momentum / Day Cash,Momentum,Cash,0,bps,100.0,20276.894027153514,8.225048206856734,-0.0004197883559733006,0.4395741858661864,-0.34857085528880033,-0.9761977154178485,7302,7302.0,3652,-20268.668978946658
BTC,6,True,06:00-18:00,18:00-06:00,16,17,Night Momentum / Day Long,Momentum,Long,0,bps,100.0,20276.894027153514,213.572289299486,0.0008331932331617962,0.6771344554303989,0.4491213342714251,-0.9501059864601201,3451,6901.0,3652,-20063.32173785403
BTC,6,True,06:00-18:00,18:00-06:00,17,18,Night Momentum / Day Short,Momentum,Short,0,bps,100.0,20276.894027153514,0.02742526311254214,-0.0016727699451083958,0.6456125084039503,-0.9457081794681482,-0.999817725631888,3853,7705.0,3652,-20276.8666018904
BTC,6,True,06:00-18:00,18:00-06:00,18,19,Night Momentum / Day Momentum,Momentum,Momentum,0,bps,100.0,20276.894027153514,0.026419527563743002,-0.0016481670189396236,0.664422735451636,-0.9054189897701842,-0.9999269282818319,3719,7437.0,3652,-20276.86760762595
BTC,6,True,06:00-18:00,18:00-06:00,19,20,Night Momentum / Day Reversal,Momentum,Reversal,0,bps,100.0,20276.894027153514,221.70254227610008,0.0008085903069930242,0.6587211711595313,0.44804307949133293,-0.9266458596040461,3584,7167.0,3652,-20055.191484877414
BTC,6,True,06:00-18:00,18:00-06:00,20,21,Night Reversal / Day Cash,Reversal,Cash,0,bps,100.0,20276.894027153514,175.04069776158556,0.00041978835597329987,0.4395741858661864,0.3485708552887998,-0.8420352921338281,7302,7302.0,3652,-20101.853329391928
BTC,6,True,06:00-18:00,18:00-06:00,21,22,Night Reversal / Day Long,Reversal,Long,0,bps,100.0,20276.894027153514,4545.121390335009,0.0016216503082524115,0.6470421899071793,0.9147817124522294,-0.7617908909287088,3853,7705.0,3652,-15731.772636818505
BTC,6,True,06:00-18:00,18:00-06:00,22,23,Night Reversal / Day Short,Reversal,Short,0,bps,100.0,20276.894027153514,0.5836485174047426,-0.0007820735963058127,0.6731479120264752,-0.4240626132112172,-0.996924155968129,3451,6901.0,3652,-20276.31037863611
BTC,6,True,06:00-18:00,18:00-06:00,23,24,Night Reversal / Day Momentum,Reversal,Momentum,0,bps,100.0,20276.894027153514,0.5622450377170819,-0.0008239601656598353,0.6551069795970729,-0.45907839457124233,-0.996278875291441,3584,7167.0,3652,-20276.331782115798
BTC,6,True,06:00-18:00,18:00-06:00,24,25,Night Reversal / Day Reversal,Reversal,Reversal,0,bps,100.0,20276.894027153514,4718.144711075969,0.001663536877606434,0.6652456276313741,0.9127319821526209,-0.9233009335155627,3719,7437.0,3652,-15558.749316077545
BTC,6,True,06:00-18:00,18:00-06:00,0,1,Night Cash / Day Cash,Cash,Cash,1,bps,100.0,20276.894027153514,100.0,0.0,0.0,0.0,0.0,0,0.0,3652,-20176.894027153514
BTC,6,True,06:00-18:00,18:00-06:00,1,2,Night Cash / Day Long,Cash,Long,1,bps,100.0,20276.894027153514,1250.907888961883,0.0010272136831923067,0.49314984438569204,0.7602820899847169,-0.6611052375278614,7303,7303.0,3652,-19025.98613819163
BTC,6,True,06:00-18:00,18:00-06:00,2,3,Night Cash / Day Short,Cash,Short,1,bps,100.0,20276.894027153514,0.16063169101599878,-0.0014271389241561198,0.49314988666366355,-1.05628272743019,-0.9988091989438612,7303,7303.0,3652,-20276.7333954625
BTC,6,True,06:00-18:00,18:00-06:00,3,4,Night Cash / Day Momentum,Cash,Momentum,1,bps,100.0,20276.894027153514,0.15477198016290655,-0.0014357245545484226,0.4931418410495574,-1.0626546335935665,-0.9987392245517395,7301,7301.0,3652,-20276.73925517335
BTC,6,True,06:00-18:00,18:00-06:00,4,5,Night Cash / Day Reversal,Cash,Reversal,1,bps,100.0,20276.894027153514,1298.7870957356872,0.0010359088371333497,0.4931421406814709,0.7667296999424318,-0.746654579794241,7301,7301.0,3652,-18978.106931417828
BTC,6,True,06:00-18:00,18:00-06:00,5,6,Night Long / Day Cash,Long,Cash,1,bps,100.0,20276.894027153514,375.3507414638889,0.0006276464061526031,0.43927625773689966,0.5215190536951623,-0.6486026809701613,7304,7304.0,3652,-19901.543285689626
BTC,6,True,06:00-18:00,18:00-06:00,6,7,Night Long / Day Long,Long,Long,1,bps,100.0,20276.894027153514,20231.34930424532,0.002068320179582373,0.6689697627922669,1.1285067091769203,-0.8347631442226411,1,1.0,3652,-45.54472290819467
BTC,6,True,06:00-18:00,18:00-06:00,7,8,Night Long / Day Short,Long,Short,1,bps,100.0,20276.894027153514,0.6028882039132819,-0.0008125111976861376,0.6526204317186006,-0.4544243065980424,-0.9970944806097995,7304,14607.0,3652,-20276.2911389496
BTC,6,True,06:00-18:00,18:00-06:00,8,9,Night Long / Day Momentum,Long,Momentum,1,bps,100.0,20276.894027153514,1.2564527818600661,-0.0005912914181849633,0.6633874585505578,-0.32533229993383045,-0.9979754756902417,3447,6891.0,3652,-20275.637574371653
BTC,6,True,06:00-18:00,18:00-06:00,9,10,Night Long / Day Reversal,Long,Reversal,1,bps,100.0,20276.894027153514,9707.68076550785,0.0018468112456450183,0.6584556285940403,1.0237380855863685,-0.7884017446521563,3860,7717.0,3652,-10569.213261645664
BTC,6,True,06:00-18:00,18:00-06:00,10,11,Night Short / Day Cash,Short,Cash,1,bps,100.0,20276.894027153514,0.8899914067057672,-0.0010276264061525593,0.4392762577368996,-0.8538673138814092,-0.9927451939533963,7304,7304.0,3652,-20276.00403574681
BTC,6,True,06:00-18:00,18:00-06:00,11,12,Night Short / Day Long,Short,Long,1,bps,100.0,20276.894027153514,11.132159543630541,-1.3591417763229603e-05,0.6549124190424934,-0.0075748563309148715,-0.9052830847477843,7304,14607.0,3652,-20265.761867609883
BTC,6,True,06:00-18:00,18:00-06:00,12,13,Night Short / Day Short,Short,Short,1,bps,100.0,20276.894027153514,0.006159979737074501,-0.0020421270770593935,0.6658468512996598,-1.1194411773094455,-0.9999610513115417,1,1.0,3652,-20276.887867173777
BTC,6,True,06:00-18:00,18:00-06:00,13,14,Night Short / Day Momentum,Short,Momentum,1,bps,100.0,20276.894027153514,0.002742953185673952,-0.002279845141688928,0.6558681212172146,-1.2687664635568772,-0.9999780443015904,3860,7717.0,3652,-20276.891284200326
BTC,6,True,06:00-18:00,18:00-06:00,14,15,Night Short / Day Reversal,Short,Reversal,1,bps,100.0,20276.894027153514,25.00001869469478,0.00022436408735403002,0.6647353906307744,0.1231962267068584,-0.9666410522516592,3447,6891.0,3652,-20251.894008458818
BTC,6,True,06:00-18:00,18:00-06:00,15,16,Night Momentum / Day Cash,Momentum,Cash,1,bps,100.0,20276.894027153514,3.9627873154915623,-0.0006196396407255967,0.43948629906616193,-0.5146200674410433,-0.9867068024766478,7302,7302.0,3652,-20272.93123983802
BTC,6,True,06:00-18:00,18:00-06:00,16,17,Night Momentum / Day Long,Momentum,Long,1,bps,100.0,20276.894027153514,107.1046455922566,0.0006443767428091388,0.6771705527312294,0.34732389082294624,-0.9591863193128397,3451,6901.0,3652,-20169.78938156126
BTC,6,True,06:00-18:00,18:00-06:00,17,18,Night Momentum / Day Short,Momentum,Short,1,bps,100.0,20276.894027153514,0.01269092974164372,-0.001883429140857704,0.645463883571572,-1.0650505069457292,-0.9999039453952614,3853,7705.0,3652,-20276.88133622377
BTC,6,True,06:00-18:00,18:00-06:00,18,19,Night Momentum / Day Momentum,Momentum,Momentum,1,bps,100.0,20276.894027153514,0.012557637450247997,-0.0018511673185623622,0.6644674199675138,-1.0168686243612912,-0.9999598275446068,3719,7437.0,3652,-20276.881469516065
BTC,6,True,06:00-18:00,18:00-06:00,19,20,Night Momentum / Day Reversal,Momentum,Reversal,1,bps,100.0,20276.894027153514,108.26315775442808,0.0006120143130307818,0.6584878473962348,0.339239706760779,-0.9332943638837964,3584,7167.0,3652,-20168.630869399087
BTC,6,True,06:00-18:00,18:00-06:00,20,21,Night Reversal / Day Cash,Reversal,Cash,1,bps,100.0,20276.894027153514,84.33373754650468,0.00021976916427438107,0.4394862608789888,0.18252162149441173,-0.8599967544642709,7302,7302.0,3652,-20192.56028960701
BTC,6,True,06:00-18:00,18:00-06:00,21,22,Night Reversal / Day Long,Reversal,Long,1,bps,100.0,20276.894027153514,2103.2365667844733,0.0014104065969142913,0.6469562273162895,0.7957237076288891,-0.7774766497958967,3853,7705.0,3652,-18173.65746036904
BTC,6,True,06:00-18:00,18:00-06:00,22,23,Night Reversal / Day Short,Reversal,Short,1,bps,100.0,20276.894027153514,0.29269465534184125,-0.0009711541937903116,0.67287715006596,-0.5267994026825193,-0.9984097147912656,3451,6901.0,3652,-20276.601332498172
BTC,6,True,06:00-18:00,18:00-06:00,23,24,Night Reversal / Day Momentum,Reversal,Momentum,1,bps,100.0,20276.894027153514,0.27455897704232485,-0.001019859717762789,0.6550732512602216,-0.5682552237742732,-0.9981187099195605,3584,7167.0,3652,-20276.619468176472
BTC,6,True,06:00-18:00,18:00-06:00,24,25,Night Reversal / Day Reversal,Reversal,Reversal,1,bps,100.0,20276.894027153514,2242.612044312543,0.001459270543517007,0.6649644143589196,0.8009958681732017,-0.9320431370616332,3719,7437.0,3652,-18034.28198284097
BTC,6,True,06:00-18:00,18:00-06:00,0,1,Night Cash / Day Cash,Cash,Cash,2,bps,100.0,20276.894027153514,100.0,0.0,0.0,0.0,0.0,0,0.0,3652,-20176.894027153514
BTC,6,True,06:00-18:00,18:00-06:00,1,2,Night Cash / Day Long,Cash,Long,2,bps,100.0,20276.894027153514,602.5769142880711,0.0008270256147484845,0.493051191382781,0.6122373389598891,-0.6955580480491388,7303,7303.0,3652,-19674.317112865443
BTC,6,True,06:00-18:00,18:00-06:00,2,3,Night Cash / Day Short,Cash,Short,2,bps,100.0,20276.894027153514,0.07737815834675257,-0.0016268361076290096,0.49305127592877274,-1.2043274366667887,-0.9994173572065445,7303,7303.0,3652,-20276.816648995165
BTC,6,True,06:00-18:00,18:00-06:00,3,4,Night Cash / Day Momentum,Cash,Momentum,2,bps,100.0,20276.894027153514,0.07457038213332934,-0.001635365552410503,0.4930430753108535,-1.2106618194637355,-0.9993229524490349,7301,7301.0,3652,-20276.81945677138
BTC,6,True,06:00-18:00,18:00-06:00,4,5,Night Cash / Day Reversal,Cash,Reversal,2,bps,100.0,20276.894027153514,625.7660458753928,0.0008357740956745561,0.4930436745946279,0.6187231692446435,-0.7835779955100691,7301,7301.0,3652,-19651.12798127812
BTC,6,True,06:00-18:00,18:00-06:00,5,6,Night Long / Day Cash,Long,Cash,2,bps,100.0,20276.894027153514,180.79274543833316,0.00042751087059503024,0.43918839809258975,0.35529505889700064,-0.7546707019015596,7304,7304.0,3652,-20096.101281715182
BTC,6,True,06:00-18:00,18:00-06:00,6,7,Night Long / Day Long,Long,Long,2,bps,100.0,20276.894027153514,20229.325966981032,0.002068292696656015,0.6689697409292328,1.1284917509584425,-0.8347631442226413,1,1.0,3652,-47.56806017248164
BTC,6,True,06:00-18:00,18:00-06:00,7,8,Night Long / Day Short,Long,Short,2,bps,100.0,20276.894027153514,0.13985322060214014,-0.0012121986934045946,0.652359416880903,-0.6782342856460254,-0.9991359796306457,7304,14607.0,3652,-20276.754173932914
BTC,6,True,06:00-18:00,18:00-06:00,8,9,Night Long / Day Momentum,Long,Momentum,2,bps,100.0,20276.894027153514,0.6306436899545972,-0.0007795251845727668,0.6634683366700346,-0.42884743196202396,-0.9988486151312923,3447,6891.0,3652,-20276.26338346356
BTC,6,True,06:00-18:00,18:00-06:00,9,10,Night Long / Day Reversal,Long,Reversal,2,bps,100.0,20276.894027153514,4486.109596769974,0.0016349975185432676,0.6582837498554731,0.9065605742194228,-0.8011659038957797,3860,7717.0,3652,-15790.78443038354
BTC,6,True,06:00-18:00,18:00-06:00,10,11,Night Short / Day Cash,Short,Cash,2,bps,100.0,20276.894027153514,0.428676360694866,-0.0012274308705949412,0.4391883980925898,-1.020091308679569,-0.9964196583789113,7304,7304.0,3652,-20276.46535079282
BTC,6,True,06:00-18:00,18:00-06:00,11,12,Night Short / Day Long,Short,Long,2,bps,100.0,20276.894027153514,2.582350018341892,-0.0004135986944289409,0.6546503739785063,-0.23060175242719694,-0.9776983932240294,7304,14607.0,3652,-20274.31167713517
BTC,6,True,06:00-18:00,18:00-06:00,12,13,Night Short / Day Short,Short,Short,2,bps,100.0,20276.894027153514,0.006159363677494868,-0.0020421543586808784,0.6658468779642589,-1.1194560875579131,-0.9999610513115417,1,1.0,3652,-20276.887867789836
BTC,6,True,06:00-18:00,18:00-06:00,13,14,Night Short / Day Momentum,Short,Momentum,2,bps,100.0,20276.894027153514,0.0012675724415520475,-0.002490584295777048,0.6558090292786707,-1.3861707103339336,-0.9999896891167468,3860,7717.0,3652,-20276.89275958107
BTC,6,True,06:00-18:00,18:00-06:00,14,15,Night Short / Day Reversal,Short,Reversal,2,bps,100.0,20276.894027153514,12.548107072687595,3.5262716823553906e-05,0.6644217361427265,0.019371569201390996,-0.9712947233675948,3447,6891.0,3652,-20264.345920080825
BTC,6,True,06:00-18:00,18:00-06:00,15,16,Night Momentum / Day Cash,Momentum,Cash,2,bps,100.0,20276.894027153514,1.9091117817740855,-0.0008194709393501114,0.43939843015317065,-0.6807190748463176,-0.9925763930466093,7302,7302.0,3652,-20274.98491537174
BTC,6,True,06:00-18:00,18:00-06:00,16,17,Night Momentum / Day Long,Momentum,Long,2,bps,100.0,20276.894027153514,53.704632994794146,0.00045559801405325485,0.6772281470079005,0.24554985770179164,-0.9712429116258161,3451,6901.0,3652,-20223.18939415872
BTC,6,True,06:00-18:00,18:00-06:00,17,18,Night Momentum / Day Short,Momentum,Short,2,bps,100.0,20276.894027153514,0.00587177126946699,-0.0020940462060302506,0.6453377884216699,-1.1843826270740911,-0.9999528635829308,3853,7705.0,3652,-20276.888155382243
BTC,6,True,06:00-18:00,18:00-06:00,18,19,Night Momentum / Day Momentum,Momentum,Momentum,2,bps,100.0,20276.894027153514,0.005967964281168712,-0.0020541486834667875,0.6645220446411679,-1.1282759925146486,-0.9999779171330727,3719,7437.0,3652,-20276.888059189234
BTC,6,True,06:00-18:00,18:00-06:00,19,20,Night Momentum / Day Reversal,Momentum,Reversal,2,bps,100.0,20276.894027153514,52.86015530861425,0.0004154559246743096,0.6582647112142254,0.2303653984829408,-0.9393414292713659,3584,7167.0,3652,-20224.0338718449
BTC,6,True,06:00-18:00,18:00-06:00,20,21,Night Reversal / Day Cash,Reversal,Cash,2,bps,100.0,20276.894027153514,40.62860787952828,1.9769975494778647e-05,0.43939835378264563,0.016422549136730993,-0.8759173970158057,7302,7302.0,3652,-20236.265419273986
BTC,6,True,06:00-18:00,18:00-06:00,21,22,Night Reversal / Day Long,Reversal,Long,2,bps,100.0,20276.894027153514,973.1142081114147,0.0011992051330657204,0.6468928752009288,0.6766342471047199,-0.7933947900557419,3853,7705.0,3652,-19303.779819042098
BTC,6,True,06:00-18:00,18:00-06:00,22,23,Night Reversal / Day Short,Reversal,Short,2,bps,100.0,20276.894027153514,0.14676355967334237,-0.0011601969768493096,0.6726280462954047,-0.6295781136132073,-0.9991778928707588,3451,6901.0,3652,-20276.74726359384
BTC,6,True,06:00-18:00,18:00-06:00,23,24,Night Reversal / Day Momentum,Reversal,Momentum,2,bps,100.0,20276.894027153514,0.13405511596799782,-0.0012157417607384484,0.6550496924268091,-0.6774230227107767,-0.9990490054137726,3584,7167.0,3652,-20276.759972037547
BTC,6,True,06:00-18:00,18:00-06:00,24,25,Night Reversal / Day Reversal,Reversal,Reversal,2,bps,100.0,20276.894027153514,1065.7919238392737,0.0012550233468370904,0.6646933173452351,0.6891652279958366,-0.9399224538353239,3719,7437.0,3652,-19211.10210331424
BTC,7,True,07:00-19:00,19:00-07:00,0,1,Night Cash / Day Cash,Cash,Cash,0,bps,100.0,20276.894027153514,100.0,0.0,0.0,0.0,0.0,0,0.0,3652,-20176.894027153514
BTC,7,True,07:00-19:00,19:00-07:00,1,2,Night Cash / Day Long,Cash,Long,0,bps,100.0,20276.894027153514,1539.7590781943268,0.0010931858271718247,0.5002297081947038,0.7976591961275692,-0.7129687271841885,7303,7303.0,3652,-18737.13494895919
BTC,7,True,07:00-19:00,19:00-07:00,2,3,Night Cash / Day Short,Cash,Short,0,bps,100.0,20276.894027153514,0.5251376406806413,-0.0010931858271718247,0.5002297081947038,-0.7976591961275692,-0.9963614349106897,7303,7303.0,3652,-20276.368889512833
BTC,7,True,07:00-19:00,19:00-07:00,3,4,Night Cash / Day Momentum,Cash,Momentum,0,bps,100.0,20276.894027153514,0.605953171650875,-0.0010540891255730656,0.5002603204099022,-0.7690846448083658,-0.9951163502403085,7301,7301.0,3652,-20276.288073981865
BTC,7,True,07:00-19:00,19:00-07:00,4,5,Night Cash / Day Reversal,Cash,Reversal,0,bps,100.0,20276.894027153514,1334.40284966052,0.0010540891255730656,0.5002603204099022,0.7690846448083658,-0.6829283420204001,7301,7301.0,3652,-18942.491177492993
BTC,7,True,07:00-19:00,19:00-07:00,5,6,Night Long / Day Cash,Long,Cash,0,bps,100.0,20276.894027153514,1312.5173266045294,0.0009682496826095316,0.43810702155199926,0.8066776307316781,-0.6109596796219583,7304,7304.0,3652,-18964.376700548986
BTC,7,True,07:00-19:00,19:00-07:00,6,7,Night Long / Day Long,Long,Long,0,bps,100.0,20276.894027153514,20209.604689266696,0.002073986108367873,0.6713165817664819,1.1276422333592804,-0.8353879316562706,1,1.0,3652,-67.28933788681752
BTC,7,True,07:00-19:00,19:00-07:00,7,8,Night Long / Day Short,Long,Short,0,bps,100.0,20276.894027153514,6.89252252245567,-0.00013748674314880956,0.6562448879957992,-0.076469412817181,-0.9655429575449631,7304,14607.0,3652,-20270.00150463106
BTC,7,True,07:00-19:00,19:00-07:00,8,9,Night Long / Day Momentum,Long,Momentum,0,bps,100.0,20276.894027153514,7.953240369027413,-5.1527534039791315e-05,0.6812912949837819,-0.02760573937022275,-0.9884807809004593,3513,7023.0,3652,-20268.940786784486
BTC,7,True,07:00-19:00,19:00-07:00,9,10,Night Long / Day Reversal,Long,Reversal,0,bps,100.0,20276.894027153514,17514.26860849886,0.001988026899258855,0.6459867207474888,1.1232890629544767,-0.6773173435845897,3794,7585.0,3652,-2762.625418654654
BTC,7,True,07:00-19:00,19:00-07:00,10,11,Night Short / Day Cash,Short,Cash,0,bps,100.0,20276.894027153514,1.1079970927635252,-0.0009682496826095313,0.4381070215519993,-0.8066776307316778,-0.9905583084806427,7304,7304.0,3652,-20275.78603006075
BTC,7,True,07:00-19:00,19:00-07:00,11,12,Night Short / Day Long,Short,Long,0,bps,100.0,20276.894027153514,17.060485821955552,0.00011238554597577689,0.6614185063902526,0.06201931739865072,-0.8869803398455778,7304,14607.0,3652,-20259.833541331558
BTC,7,True,07:00-19:00,19:00-07:00,12,13,Night Short / Day Short,Short,Short,0,bps,100.0,20276.894027153514,0.005818509791748511,-0.00204888491119484,0.6715891805034062,-1.113542347459428,-0.9999634457667147,1,1.0,3652,-20276.888208643722
BTC,7,True,07:00-19:00,19:00-07:00,13,14,Night Short / Day Momentum,Short,Momentum,0,bps,100.0,20276.894027153514,0.00671394352540001,-0.002056650717106338,0.6450402544542413,-1.1637684726807478,-0.9999344528837525,3794,7585.0,3652,-20276.887313209987
BTC,7,True,07:00-19:00,19:00-07:00,14,15,Night Short / Day Reversal,Short,Reversal,0,bps,100.0,20276.894027153514,14.785144779992205,0.00012015135188727508,0.6873261173812475,0.06380558272097447,-0.9609346775824716,3513,7023.0,3652,-20262.108882373523
BTC,7,True,07:00-19:00,19:00-07:00,15,16,Night Momentum / Day Cash,Momentum,Cash,0,bps,100.0,20276.894027153514,0.7075319942405708,-0.001091067704190936,0.43800147596470984,-0.9092200229521102,-0.9953885157641853,7302,7302.0,3652,-20276.186495159272
BTC,7,True,07:00-19:00,19:00-07:00,16,17,Night Momentum / Day Long,Momentum,Long,0,bps,100.0,20276.894027153514,10.89428811244854,9.697448427845093e-06,0.6720925102220121,0.005266490285681406,-0.9871443337798955,3431,6861.0,3652,-20265.999739041064
BTC,7,True,07:00-19:00,19:00-07:00,17,18,Night Momentum / Day Short,Momentum,Short,0,bps,100.0,20276.894027153514,0.0037155168216156144,-0.002191832856809717,0.6600320364233877,-1.2120911540456833,-0.9999701953433633,3873,7745.0,3652,-20276.890311636693
BTC,7,True,07:00-19:00,19:00-07:00,18,19,Night Momentum / Day Momentum,Momentum,Momentum,0,bps,100.0,20276.894027153514,0.004287312559545467,-0.00213104375503416,0.671456300903729,-1.1584238163236642,-0.9999676360451928,3727,7453.0,3652,-20276.889739840954
BTC,7,True,07:00-19:00,19:00-07:00,19,20,Night Momentum / Day Reversal,Momentum,Reversal,0,bps,100.0,20276.894027153514,9.441327093406127,-5.109165334771158e-05,0.6607511212039279,-0.028223112868785045,-0.9595305728261377,3576,7151.0,3652,-20267.45270006011
BTC,7,True,07:00-19:00,19:00-07:00,20,21,Night Reversal / Day Cash,Reversal,Cash,0,bps,100.0,20276.894027153514,2055.4084528036033,0.0010910677041909363,0.4380014759647099,0.9092200229521104,-0.5791708246882418,7302,7302.0,3652,-18221.48557434991
BTC,7,True,07:00-19:00,19:00-07:00,21,22,Night Reversal / Day Long,Reversal,Long,0,bps,100.0,20276.894027153514,31648.338246017003,0.002176674205915805,0.6605126865635709,1.2028324380758182,-0.5205299228145943,3873,7745.0,3652,11371.44421886349
BTC,7,True,07:00-19:00,19:00-07:00,22,23,Night Reversal / Day Short,Reversal,Short,0,bps,100.0,20276.894027153514,10.79372345540331,5.461202466067299e-06,0.6677068234092841,0.002985350501492041,-0.9578595580013616,3431,6861.0,3652,-20266.10030369811
BTC,7,True,07:00-19:00,19:00-07:00,23,24,Night Reversal / Day Momentum,Reversal,Momentum,0,bps,100.0,20276.894027153514,12.454812710143543,2.286550388803085e-05,0.6551854514211809,0.012738239075711949,-0.9500169309668169,3576,7151.0,3652,-20264.43921444337
BTC,7,True,07:00-19:00,19:00-07:00,24,25,Night Reversal / Day Reversal,Reversal,Reversal,0,bps,100.0,20276.894027153514,27427.428966374544,0.0021592699044938415,0.6729552440309399,1.1711529438709847,-0.82337762121984,3727,7453.0,3652,7150.53493922103
BTC,7,True,07:00-19:00,19:00-07:00,0,1,Night Cash / Day Cash,Cash,Cash,1,bps,100.0,20276.894027153514,100.0,0.0,0.0,0.0,0.0,0,0.0,3652,-20176.894027153514
BTC,7,True,07:00-19:00,19:00-07:00,1,2,Night Cash / Day Long,Cash,Long,1,bps,100.0,20276.894027153514,741.7740804389316,0.0008930045937099964,0.5001296560772953,0.6517243533620278,-0.733203146873222,7303,7303.0,3652,-19535.11994671458
BTC,7,True,07:00-19:00,19:00-07:00,2,3,Night Cash / Day Short,Cash,Short,1,bps,100.0,20276.894027153514,0.2529834024271888,-0.0012929298346738062,0.5001296804196312,-0.9435940479676744,-0.9981716351891574,7303,7303.0,3652,-20276.641043751086
BTC,7,True,07:00-19:00,19:00-07:00,3,4,Night Cash / Day Momentum,Cash,Momentum,1,bps,100.0,20276.894027153514,0.2919744215927211,-0.0012537863848744893,0.5001601907965534,-0.9149709211170232,-0.9974055845923763,7301,7301.0,3652,-20276.60205273192
BTC,7,True,07:00-19:00,19:00-07:00,4,5,Night Cash / Day Reversal,Cash,Reversal,1,bps,100.0,20276.894027153514,642.9729530746432,0.0008539706674594196,0.5001603678722479,0.6231987051447127,-0.7158158841441873,7301,7301.0,3652,-19633.92107407887
BTC,7,True,07:00-19:00,19:00-07:00,5,6,Night Long / Day Cash,Long,Cash,1,bps,100.0,20276.894027153514,632.2378530870847,0.0007680660423555278,0.43801940452875915,0.6400266804649313,-0.6313011063987035,7304,7304.0,3652,-19644.65617406643
BTC,7,True,07:00-19:00,19:00-07:00,6,7,Night Long / Day Long,Long,Long,1,bps,100.0,20276.894027153514,20207.58372879784,0.0020739586818783596,0.6713165893536363,1.1276273086211956,-0.8353879316562703,1,1.0,3652,-69.3102983556746
BTC,7,True,07:00-19:00,19:00-07:00,7,8,Night Long / Day Short,Long,Short,1,bps,100.0,20276.894027153514,1.5993400047409803,-0.0005373643594813803,0.6559824289962869,-0.2989988489643128,-0.9897044674671208,7304,14607.0,3652,-20275.294687148773
BTC,7,True,07:00-19:00,19:00-07:00,8,9,Night Long / Day Momentum,Long,Momentum,1,bps,100.0,20276.894027153514,3.9401122582617543,-0.0002434597994035438,0.6813497042462179,-0.13042175879507142,-0.9934703058866726,3513,7023.0,3652,-20272.953914895254
BTC,7,True,07:00-19:00,19:00-07:00,9,10,Night Long / Day Reversal,Long,Reversal,1,bps,100.0,20276.894027153514,8202.508750474233,0.0017799115680647033,0.6458540790962103,1.005904806319011,-0.6904668508653673,3794,7585.0,3652,-12074.38527667928
BTC,7,True,07:00-19:00,19:00-07:00,10,11,Night Short / Day Cash,Short,Cash,1,bps,100.0,20276.894027153514,0.5337207280667131,-0.001168046042355483,0.4380194045287591,-0.9733285809984228,-0.9953400727187945,7304,7304.0,3652,-20276.360306425446
BTC,7,True,07:00-19:00,19:00-07:00,11,12,Night Short / Day Long,Short,Long,1,bps,100.0,20276.894027153514,3.958712849537221,-0.0002875920446870189,0.6611539547268688,-0.15876952041242315,-0.967958378471007,7304,14607.0,3652,-20272.935314303977
BTC,7,True,07:00-19:00,19:00-07:00,12,13,Night Short / Day Short,Short,Short,1,bps,100.0,20276.894027153514,0.005817927940769305,-0.0020489122492478988,0.6715891747863572,-1.113557214815719,-0.9999634457667147,1,1.0,3652,-20276.888209225574
BTC,7,True,07:00-19:00,19:00-07:00,13,14,Night Short / Day Momentum,Short,Momentum,1,bps,100.0,20276.894027153514,0.003144360849334026,-0.0022638902622575223,0.6449287494664084,-1.2812577302650314,-0.9999688910771581,3794,7585.0,3652,-20276.890882792664
BTC,7,True,07:00-19:00,19:00-07:00,14,15,Night Short / Day Reversal,Short,Reversal,1,bps,100.0,20276.894027153514,7.32470382948401,-7.252412778531142e-05,0.687001818578239,-0.0385316398381906,-0.9729848371919613,3513,7023.0,3652,-20269.56932332403
BTC,7,True,07:00-19:00,19:00-07:00,15,16,Night Momentum / Day Cash,Momentum,Cash,1,bps,100.0,20276.894027153514,0.3408853956313145,-0.0012907847397863822,0.4379139344178179,-1.0758653538814174,-0.9974856371331038,7302,7302.0,3652,-20276.553141757882
BTC,7,True,07:00-19:00,19:00-07:00,16,17,Night Momentum / Day Long,Momentum,Long,1,bps,100.0,20276.894027153514,5.485290260874543,-0.00017776100065049823,0.6721915878101224,-0.09652421484298554,-0.9921570542280383,3431,6861.0,3652,-20271.408736892638
BTC,7,True,07:00-19:00,19:00-07:00,17,18,Night Momentum / Day Short,Momentum,Short,1,bps,100.0,20276.894027153514,0.0017124760928794289,-0.0024034417016406046,0.6598970201615378,-1.3293835163614995,-0.9999861013966856,3873,7745.0,3652,-20276.89231467742
BTC,7,True,07:00-19:00,19:00-07:00,18,19,Night Momentum / Day Momentum,Momentum,Momentum,1,bps,100.0,20276.894027153514,0.0020345721655009846,-0.0023344942443640185,0.6714361677770723,-1.269056449571204,-0.9999825910700639,3727,7453.0,3652,-20276.89199258135
BTC,7,True,07:00-19:00,19:00-07:00,19,20,Night Momentum / Day Reversal,Momentum,Reversal,1,bps,100.0,20276.894027153514,4.617830645981445,-0.0002470773836064071,0.6605081669291951,-0.13653615433040667,-0.9763107761719589,3576,7151.0,3652,-20272.276196507533
BTC,7,True,07:00-19:00,19:00-07:00,20,21,Night Reversal / Day Cash,Reversal,Cash,1,bps,100.0,20276.894027153514,990.2855691634841,0.0008909142633351676,0.43791383480954055,0.7425746351648527,-0.6117214607559571,7302,7302.0,3652,-19286.60845799003
BTC,7,True,07:00-19:00,19:00-07:00,21,22,Night Reversal / Day Long,Reversal,Long,1,bps,100.0,20276.894027153514,14586.671310533584,0.001964182361435002,0.6604007880764918,1.0855931350595793,-0.5291782049648746,3873,7745.0,3652,-5690.22271661993
BTC,7,True,07:00-19:00,19:00-07:00,22,23,Night Reversal / Day Short,Reversal,Short,1,bps,100.0,20276.894027153514,5.4346558065454476,-0.00018278011266949565,0.6673811311355956,-0.099964979547513,-0.9752237576488609,3431,6861.0,3652,-20271.45937134697
BTC,7,True,07:00-19:00,19:00-07:00,23,24,Night Reversal / Day Momentum,Reversal,Momentum,1,bps,100.0,20276.894027153514,6.091751218218996,-0.00017274629374830751,0.6551609961665791,-0.09623954659550694,-0.9692209014138297,3576,7151.0,3652,-20270.802275935293
BTC,7,True,07:00-19:00,19:00-07:00,24,25,Night Reversal / Day Reversal,Reversal,Reversal,1,bps,100.0,20276.894027153514,13015.865480112723,0.0019545743474345396,0.672732617191258,1.060480224360493,-0.8380633322236347,3727,7453.0,3652,-7261.028547040791
BTC,7,True,07:00-19:00,19:00-07:00,0,1,Night Cash / Day Cash,Cash,Cash,2,bps,100.0,20276.894027153514,100.0,0.0,0.0,0.0,0.0,0,0.0,3652,-20176.894027153514
BTC,7,True,07:00-19:00,19:00-07:00,1,2,Night Cash / Day Long,Cash,Long,2,bps,100.0,20276.894027153514,357.32122279658915,0.0006928433766327782,0.5000296159668383,0.5057457086456563,-0.7520129437186913,7303,7303.0,3652,-19919.572804356925
BTC,7,True,07:00-19:00,19:00-07:00,2,3,Night Cash / Day Short,Cash,Short,2,bps,100.0,20276.894027153514,0.12186505445031842,-0.0014926538695133034,0.5000296646427719,-1.0895726811759894,-0.9991055848430891,7303,7303.0,3652,-20276.772162099063
BTC,7,True,07:00-19:00,19:00-07:00,3,4,Night Cash / Day Momentum,Cash,Momentum,2,bps,100.0,20276.894027153514,0.14067561950431767,-0.0014534636761690195,0.5000600811694478,-1.0609010032574961,-0.9986609103193868,7301,7301.0,3652,-20276.75335153401
BTC,7,True,07:00-19:00,19:00-07:00,4,5,Night Cash / Day Reversal,Cash,Reversal,2,bps,100.0,20276.894027153514,309.7895288391622,0.0006538722194330727,0.5000604353376279,0.47726903235592355,-0.7452950297777974,7301,7301.0,3652,-19967.10449831435
BTC,7,True,07:00-19:00,19:00-07:00,5,6,Night Long / Day Cash,Long,Cash,2,bps,100.0,20276.894027153514,304.52588633196814,0.0005679024214665192,0.4379317962676593,0.473325722411326,-0.6574833982280552,7304,7304.0,3652,-19972.368140821545
BTC,7,True,07:00-19:00,19:00-07:00,6,7,Night Long / Day Long,Long,Long,2,bps,100.0,20276.894027153514,20205.562768328888,0.0020739312553888457,0.671316598434399,1.1276123813746297,-0.8353879316562703,1,1.0,3652,-71.33125882462627
BTC,7,True,07:00-19:00,19:00-07:00,7,8,Night Long / Day Short,Long,Short,2,bps,100.0,20276.894027153514,0.37100220082103436,-0.0009371619977728712,0.6557200240165426,-0.5216618627746349,-0.9973550682608161,7304,14607.0,3652,-20276.523024952694
BTC,7,True,07:00-19:00,19:00-07:00,8,9,Night Long / Day Momentum,Long,Momentum,2,bps,100.0,20276.894027153514,1.9516955435822245,-0.00043537498162768277,0.6814180199589208,-0.23320761065826257,-0.9962990491766891,3513,7023.0,3652,-20274.94233160993
BTC,7,True,07:00-19:00,19:00-07:00,9,10,Night Long / Day Reversal,Long,Reversal,2,bps,100.0,20276.894027153514,3840.9221341149964,0.0015718165176334294,0.6457320387352643,0.8884692016519427,-0.7030829793696776,3794,7585.0,3652,-16435.971893038517
BTC,7,True,07:00-19:00,19:00-07:00,10,11,Night Short / Day Cash,Short,Cash,2,bps,100.0,20276.894027153514,0.25707378477047915,-0.0013678224214664296,0.4379317962676593,-1.140029539052029,-0.9977002649707007,7304,7304.0,3652,-20276.636953368743
BTC,7,True,07:00-19:00,19:00-07:00,11,12,Night Short / Day Long,Short,Long,2,bps,100.0,20276.894027153514,0.9183107877268871,-0.000687489637304786,0.6608894574906736,-0.37969090711329434,-0.9915088115982692,7304,14607.0,3652,-20275.97571636579
BTC,7,True,07:00-19:00,19:00-07:00,12,13,Night Short / Day Short,Short,Short,2,bps,100.0,20276.894027153514,0.005817346089790137,-0.0020489395873009584,0.6715891705526972,-1.1135720797126338,-0.9999634457667147,1,1.0,3652,-20276.888209807425
BTC,7,True,07:00-19:00,19:00-07:00,13,14,Night Short / Day Momentum,Short,Momentum,2,bps,100.0,20276.894027153514,0.0014723843096361585,-0.0024711096197182025,0.6448277640873905,-1.3987533748235228,-0.9999854153299428,3794,7585.0,3652,-20276.892554769205
BTC,7,True,07:00-19:00,19:00-07:00,14,15,Night Short / Day Reversal,Short,Reversal,2,bps,100.0,20276.894027153514,3.6282194224512634,-0.0002651823726295802,0.6866874509071826,-0.14095432482700165,-0.9816371354677292,3513,7023.0,3652,-20273.265807731063
BTC,7,True,07:00-19:00,19:00-07:00,15,16,Night Momentum / Day Cash,Momentum,Cash,2,bps,100.0,20276.894027153514,0.1642248935466103,-0.0014904818026796336,0.4378264107560929,-1.242560623600972,-0.9986291534769409,7302,7302.0,3652,-20276.729802259968
BTC,7,True,07:00-19:00,19:00-07:00,16,17,Night Momentum / Day Long,Momentum,Long,2,bps,100.0,20276.894027153514,2.7614727218927904,-0.00036518195976912964,0.6723122180416488,-0.19825820762857993,-0.9955475938978471,3431,6861.0,3652,-20274.13255443162
BTC,7,True,07:00-19:00,19:00-07:00,17,18,Night Momentum / Day Short,Momentum,Short,2,bps,100.0,20276.894027153514,0.0007891553548182192,-0.002615008225944276,0.6597840035234162,-1.446652233719676,-0.9999935197477123,3873,7745.0,3652,-20276.89323799816
BTC,7,True,07:00-19:00,19:00-07:00,18,19,Night Momentum / Day Momentum,Momentum,Momentum,2,bps,100.0,20276.894027153514,0.0009653755466191074,-0.0025379252970778917,0.6714261306945072,-1.3796644054875307,-0.9999910200582426,3727,7453.0,3652,-20276.893061777966
BTC,7,True,07:00-19:00,19:00-07:00,19,20,Night Momentum / Day Reversal,Momentum,Reversal,2,bps,100.0,20276.894027153514,2.258295795212196,-0.0004430452096381878,0.6602755751900117,-0.24491516511329647,-0.9874862299145418,3576,7151.0,3652,-20274.635731358303
BTC,7,True,07:00-19:00,19:00-07:00,20,21,Night Reversal / Day Cash,Reversal,Cash,2,bps,100.0,20276.894027153514,477.07981703185453,0.0006907808388243015,0.43782621154950546,0.5758791948032121,-0.6419974009641818,7302,7302.0,3652,-19799.814210121658
BTC,7,True,07:00-19:00,19:00-07:00,21,22,Night Reversal / Day Long,Reversal,Long,2,bps,100.0,20276.894027153514,6721.93312452355,0.0017517330140937018,0.660311059543502,0.9683050751659839,-0.5387510958737081,3873,7745.0,3652,-13554.960902629964
BTC,7,True,07:00-19:00,19:00-07:00,22,23,Night Reversal / Day Short,Reversal,Short,2,bps,100.0,20276.894027153514,2.7359816981241045,-0.0003709837812511757,0.6670772820078475,-0.20298859488829984,-0.987137854460378,3431,6861.0,3652,-20274.15804545539
BTC,7,True,07:00-19:00,19:00-07:00,23,24,Night Reversal / Day Momentum,Reversal,Momentum,2,bps,100.0,20276.894027153514,2.979099325254461,-0.0003683402681234153,0.6551469337911966,-0.2052122828188273,-0.9810483621661618,3576,7151.0,3652,-20273.91492782826
BTC,7,True,07:00-19:00,19:00-07:00,24,25,Night Reversal / Day Reversal,Reversal,Reversal,2,bps,100.0,20276.894027153514,6175.842993256805,0.0017498983907866148,0.6725202134847161,0.9497304316365056,-0.8529243888634206,3727,7453.0,3652,-14101.051033896709
BTC,8,True,08:00-20:00,20:00-08:00,0,1,Night Cash / Day Cash,Cash,Cash,0,bps,100.0,20276.894027153514,100.0,0.0,0.0,0.0,0.0,0,0.0,3652,-20176.894027153514
BTC,8,True,08:00-20:00,20:00-08:00,1,2,Night Cash / Day Long,Cash,Long,0,bps,100.0,20276.894027153514,1541.9463041278573,0.0011073042429941427,0.5110572370365815,0.7908430199256368,-0.704129308281046,7303,7303.0,3652,-18734.947723025656
BTC,8,True,08:00-20:00,20:00-08:00,2,3,Night Cash / Day Short,Cash,Short,0,bps,100.0,20276.894027153514,0.46872769012359466,-0.0011073042429941427,0.5110572370365816,-0.7908430199256367,-0.9968281411415116,7303,7303.0,3652,-20276.42529946339
BTC,8,True,08:00-20:00,20:00-08:00,3,4,Night Cash / Day Momentum,Cash,Momentum,0,bps,100.0,20276.894027153514,0.21067675252312434,-0.0013253067096281883,0.5108674719176668,-0.9468932269233408,-0.9987056668939691,7301,7301.0,3652,-20276.683350400992
BTC,8,True,08:00-20:00,20:00-08:00,4,5,Night Cash / Day Reversal,Cash,Reversal,0,bps,100.0,20276.894027153514,3430.635533348065,0.0013253067096281883,0.5108674719176668,0.9468932269233408,-0.5533691404147837,7301,7301.0,3652,-16846.25849380545
BTC,8,True,08:00-20:00,20:00-08:00,5,6,Night Long / Day Cash,Long,Cash,0,bps,100.0,20276.894027153514,1311.0775386010682,0.0009524730249357548,0.4251835857236869,0.8176530462948743,-0.6997531475801877,7304,7304.0,3652,-18965.816488552446
BTC,8,True,08:00-20:00,20:00-08:00,6,7,Night Long / Day Long,Long,Long,0,bps,100.0,20276.894027153514,20216.11165070984,0.002074660133612241,0.6719209739211819,1.1269940635270235,-0.8358511076575427,1,1.0,3652,-60.78237644367255
BTC,8,True,08:00-20:00,20:00-08:00,7,8,Night Long / Day Short,Long,Short,0,bps,100.0,20276.894027153514,6.145383462414145,-0.00016971408374073378,0.6546514766455983,-0.09462384608490339,-0.9728085098250027,7304,14607.0,3652,-20270.7486436911
BTC,8,True,08:00-20:00,20:00-08:00,8,9,Night Long / Day Momentum,Long,Momentum,0,bps,100.0,20276.894027153514,2.7621355813848476,-0.00033097180535650143,0.6850409581598821,-0.17634669506422174,-0.9948441339275333,3469,6935.0,3652,-20274.131891572128
BTC,8,True,08:00-20:00,20:00-08:00,9,10,Night Long / Day Reversal,Long,Reversal,0,bps,100.0,20276.894027153514,44978.29190899365,0.0022359178552280087,0.6406881886000049,1.273802189082867,-0.7895328173316406,3838,7673.0,3652,24701.397881840134
BTC,8,True,08:00-20:00,20:00-08:00,10,11,Night Short / Day Cash,Short,Cash,0,bps,100.0,20276.894027153514,1.2414310022081971,-0.0009524730249357552,0.42518358572368686,-0.8176530462948749,-0.9897137449614433,7304,7304.0,3652,-20275.652596151307
BTC,8,True,08:00-20:00,20:00-08:00,11,12,Night Short / Day Long,Short,Long,0,bps,100.0,20276.894027153514,19.14219945684662,0.00013994835237604431,0.6601835350191498,0.0773741632556384,-0.8764204405611163,7304,14607.0,3652,-20257.751827696666
BTC,8,True,08:00-20:00,20:00-08:00,12,13,Night Short / Day Short,Short,Short,0,bps,100.0,20276.894027153514,0.005818930861128682,-0.0020448944022475536,0.6732922321181957,-1.1085624060628247,-0.999963412251789,1,1.0,3652,-20276.888208222652
BTC,8,True,08:00-20:00,20:00-08:00,13,14,Night Short / Day Momentum,Short,Momentum,0,bps,100.0,20276.894027153514,0.002615406520267483,-0.002319641613899876,0.6409029894003437,-1.3210567013669803,-0.9999794775849234,3838,7673.0,3652,-20276.891411746994
BTC,8,True,08:00-20:00,20:00-08:00,14,15,Night Short / Day Reversal,Short,Reversal,0,bps,100.0,20276.894027153514,42.588973083753274,0.00041469556402836674,0.6913132656099314,0.21895121705325388,-0.9228719781727968,3469,6935.0,3652,-20234.305054069762
BTC,8,True,08:00-20:00,20:00-08:00,15,16,Night Momentum / Day Cash,Momentum,Cash,0,bps,100.0,20276.894027153514,0.5876692290603286,-0.0011568272076335978,0.4249980247166067,-0.9935150429647731,-0.9966288648074303,7302,7302.0,3652,-20276.306357924455
BTC,8,True,08:00-20:00,20:00-08:00,16,17,Night Momentum / Day Long,Momentum,Long,0,bps,100.0,20276.894027153514,9.061543957992434,-4.245158353058481e-05,0.6713707961145803,-0.023079389330510902,-0.9859592539085583,3515,7029.0,3652,-20267.83248319552
BTC,8,True,08:00-20:00,20:00-08:00,17,18,Night Momentum / Day Short,Momentum,Short,0,bps,100.0,20276.894027153514,0.0027545684029416408,-0.0022712028317366114,0.6601467925953017,-1.2557646918570562,-0.9999800186289315,3789,7577.0,3652,-20276.89127258511
BTC,8,True,08:00-20:00,20:00-08:00,18,19,Night Momentum / Day Momentum,Momentum,Momentum,0,bps,100.0,20276.894027153514,0.001238082447361992,-0.0024638288421457424,0.6732738649320621,-1.335708356173815,-0.9999939127668168,3743,7485.0,3652,-20276.892789071066
BTC,8,True,08:00-20:00,20:00-08:00,19,20,Night Momentum / Day Reversal,Momentum,Reversal,0,bps,100.0,20276.894027153514,20.16078939069625,0.00015017442687854593,0.6579465336999704,0.08331021291718635,-0.9142363113396176,3560,7119.0,3652,-20256.73323776282
BTC,8,True,08:00-20:00,20:00-08:00,20,21,Night Reversal / Day Cash,Reversal,Cash,0,bps,100.0,20276.894027153514,2769.616837489342,0.0011568272076335978,0.42499802471660664,0.9935150429647732,-0.5927958250401464,7302,7302.0,3652,-17507.27718966417
BTC,8,True,08:00-20:00,20:00-08:00,21,22,Night Reversal / Day Long,Reversal,Long,0,bps,100.0,20276.894027153514,42706.00446416988,0.0022570600695188707,0.6605290297760409,1.2472228898913262,-0.5349263697997135,3789,7577.0,3652,22429.110437016363
BTC,8,True,08:00-20:00,20:00-08:00,22,23,Night Reversal / Day Short,Reversal,Short,0,bps,100.0,20276.894027153514,12.981961027637952,5.659434574832384e-05,0.667644483395044,0.03094002378795292,-0.9789849082111921,3515,7029.0,3652,-20263.912066125875
BTC,8,True,08:00-20:00,20:00-08:00,23,24,Night Reversal / Day Momentum,Reversal,Momentum,0,bps,100.0,20276.894027153514,5.834938810556203,-0.0001867845771106354,0.6530809501712254,-0.10439191439821874,-0.9660535717611721,3560,7119.0,3652,-20271.059088342958
BTC,8,True,08:00-20:00,20:00-08:00,24,25,Night Reversal / Day Reversal,Reversal,Reversal,0,bps,100.0,20276.894027153514,95015.45936450094,0.00250043899237783,0.6746095938951379,1.3528717060608135,-0.7506232057656872,3743,7485.0,3652,74738.56533734743
BTC,8,True,08:00-20:00,20:00-08:00,0,1,Night Cash / Day Cash,Cash,Cash,1,bps,100.0,20276.894027153514,100.0,0.0,0.0,0.0,0.0,0,0.0,3652,-20176.894027153514
BTC,8,True,08:00-20:00,20:00-08:00,1,2,Night Cash / Day Long,Cash,Long,1,bps,100.0,20276.894027153514,742.8277696352079,0.0009071202207631622,0.5109550443545511,0.6480000231660401,-0.7375615676284042,7303,7303.0,3652,-19534.066257518305
BTC,8,True,08:00-20:00,20:00-08:00,2,3,Night Cash / Day Short,Cash,Short,1,bps,100.0,20276.894027153514,0.22580808662965215,-0.0013070454617269732,0.5109550190449877,-0.9336860892804749,-0.9984230408170018,7303,7303.0,3652,-20276.668219066883
BTC,8,True,08:00-20:00,20:00-08:00,3,4,Night Cash / Day Momentum,Cash,Momentum,1,bps,100.0,20276.894027153514,0.1015131627966998,-0.0015249498596308626,0.5107651463370634,-1.0897507450478028,-0.9992906166846366,7301,7301.0,3652,-20276.792513990717
BTC,8,True,08:00-20:00,20:00-08:00,4,5,Night Cash / Day Reversal,Cash,Reversal,1,bps,100.0,20276.894027153514,1653.0284391709483,0.001125134142215792,0.5107654758777462,0.804036257938194,-0.5836072478031349,7301,7301.0,3652,-18623.865587982567
BTC,8,True,08:00-20:00,20:00-08:00,5,6,Night Long / Day Cash,Long,Cash,1,bps,100.0,20276.894027153514,631.5443091179941,0.0007522925398555191,0.4250985532583779,0.6459367479436436,-0.7451954521712574,7304,7304.0,3652,-19645.34971803552
BTC,8,True,08:00-20:00,20:00-08:00,6,7,Night Long / Day Long,Long,Long,1,bps,100.0,20276.894027153514,20214.09003954472,0.002074632649405449,0.671920950050647,1.1269791736303365,-0.835851107657543,1,1.0,3652,-62.80398760879325
BTC,8,True,08:00-20:00,20:00-08:00,7,8,Night Long / Day Short,Long,Short,1,bps,100.0,20276.894027153514,1.4259739571240286,-0.00056957882241795,0.6543896487748276,-0.31769492468559485,-0.9914174741623488,7304,14607.0,3652,-20275.46805319639
BTC,8,True,08:00-20:00,20:00-08:00,8,9,Night Long / Day Momentum,Long,Momentum,1,bps,100.0,20276.894027153514,1.3804848770757776,-0.0005204570760789481,0.6850913691022696,-0.2772868573979335,-0.9969672128670517,3469,6935.0,3652,-20275.51354227644
BTC,8,True,08:00-20:00,20:00-08:00,9,10,Night Long / Day Reversal,Long,Reversal,1,bps,100.0,20276.894027153514,20880.23976873667,0.0020253297583115886,0.6405497391690177,1.1540795610076267,-0.7983919555187209,3838,7673.0,3652,603.3457415831544
BTC,8,True,08:00-20:00,20:00-08:00,10,11,Night Short / Day Cash,Short,Cash,1,bps,100.0,20276.894027153514,0.5979956650342584,-0.0011522725398554776,0.42509855325837803,-0.989369344646106,-0.9949313568707748,7304,7304.0,3652,-20276.29603148848
BTC,8,True,08:00-20:00,20:00-08:00,11,12,Night Short / Day Long,Short,Long,1,bps,100.0,20276.894027153514,4.441753403100774,-0.0002600402504738281,0.6599194833958929,-0.14382768475712193,-0.9650485883717573,7304,14607.0,3652,-20272.452273750412
BTC,8,True,08:00-20:00,20:00-08:00,12,13,Night Short / Day Short,Short,Short,1,bps,100.0,20276.894027153514,0.005818348968042574,-0.0020449216827421856,0.6732922575807757,-1.1085771532302993,-0.999963412251789,1,1.0,3652,-20276.888208804547
BTC,8,True,08:00-20:00,20:00-08:00,13,14,Night Short / Day Momentum,Short,Momentum,1,bps,100.0,20276.894027153514,0.001214148268377953,-0.002529224730471377,0.6407927727369714,-1.440663918038583,-0.999990250234073,3838,7673.0,3652,-20276.892813005245
BTC,8,True,08:00-20:00,20:00-08:00,14,15,Night Short / Day Reversal,Short,Reversal,1,bps,100.0,20276.894027153514,21.285498680275122,0.00022438830359867933,0.6909991890599811,0.11852652233200897,-0.9314574403710226,3469,6935.0,3652,-20255.60852847324
BTC,8,True,08:00-20:00,20:00-08:00,15,16,Night Momentum / Day Cash,Momentum,Cash,1,bps,100.0,20276.894027153514,0.28313611155295026,-0.0013565310919859519,0.42491308848698556,-1.1652591129586671,-0.9981571388383988,7302,7302.0,3652,-20276.61089104196
BTC,8,True,08:00-20:00,20:00-08:00,16,17,Night Momentum / Day Long,Momentum,Long,1,bps,100.0,20276.894027153514,4.486483571351268,-0.00023463144422963833,0.6713995828616642,-0.12755515393500538,-0.992075919165772,3515,7029.0,3652,-20272.40754358216
BTC,8,True,08:00-20:00,20:00-08:00,17,18,Night Momentum / Day Short,Momentum,Short,1,bps,100.0,20276.894027153514,0.0012910876409805768,-0.002478321794541419,0.6599479009745032,-1.3706952528705236,-0.9999904596853886,3789,7577.0,3652,-20276.892736065874
BTC,8,True,08:00-20:00,20:00-08:00,18,19,Night Momentum / Day Momentum,Momentum,Momentum,1,bps,100.0,20276.894027153514,0.000585662797619364,-0.0026680904594996663,0.6732492099574482,-1.4464970820818774,-0.999996787242031,3743,7485.0,3652,-20276.893441490716
BTC,8,True,08:00-20:00,20:00-08:00,19,20,Night Momentum / Day Reversal,Momentum,Reversal,1,bps,100.0,20276.894027153514,9.892416012550115,-4.4972450032577294e-05,0.6577056344731104,-0.02495788906391347,-0.9512288348424529,3560,7119.0,3652,-20267.001611140964
BTC,8,True,08:00-20:00,20:00-08:00,20,21,Night Reversal / Day Cash,Reversal,Cash,1,bps,100.0,20276.894027153514,1334.387616503571,0.0009566606155347342,0.4249129796438897,0.8217709069815167,-0.6321005589930738,7302,7302.0,3652,-18942.50641064994
BTC,8,True,08:00-20:00,20:00-08:00,21,22,Night Reversal / Day Long,Reversal,Long,1,bps,100.0,20276.894027153514,20016.636544755816,0.0020492785904227327,0.6604816872025284,1.1324866381570646,-0.5825415843366069,3789,7577.0,3652,-260.25748239769746
BTC,8,True,08:00-20:00,20:00-08:00,22,23,Night Reversal / Day Short,Reversal,Short,1,bps,100.0,20276.894027153514,6.4275310194846895,-0.00013612394018552038,0.6673921059794939,-0.07444684724700885,-0.9853606002246273,3515,7029.0,3652,-20270.466496134028
BTC,8,True,08:00-20:00,20:00-08:00,23,24,Night Reversal / Day Momentum,Reversal,Momentum,1,bps,100.0,20276.894027153514,2.863064585577858,-0.00038148182350191854,0.6530563097273077,-0.21321418000898287,-0.9804919876937356,3560,7119.0,3652,-20274.030962567937
BTC,8,True,08:00-20:00,20:00-08:00,24,25,Night Reversal / Day Reversal,Reversal,Reversal,1,bps,100.0,20276.894027153514,44946.13413433886,0.0022948000354915854,0.6743878559671319,1.2420182325988554,-0.7708546493010358,3743,7485.0,3652,24669.24010718535
BTC,8,True,08:00-20:00,20:00-08:00,0,1,Night Cash / Day Cash,Cash,Cash,2,bps,100.0,20276.894027153514,100.0,0.0,0.0,0.0,0.0,0,0.0,3652,-20176.894027153514
BTC,8,True,08:00-20:00,20:00-08:00,1,2,Night Cash / Day Long,Cash,Long,2,bps,100.0,20276.894027153514,357.82879716726063,0.0007069562151922103,0.5108528638536531,0.5051141665304995,-0.7672189008419386,7303,7303.0,3652,-19919.065229986252
BTC,8,True,08:00-20:00,20:00-08:00,2,3,Night Cash / Day Short,Cash,Short,2,bps,100.0,20276.894027153514,0.10877438799711074,-0.0015067667080727344,0.5108528132258663,-1.0765720266345813,-0.9992282609210483,7303,7303.0,3652,-20276.785252765516
BTC,8,True,08:00-20:00,20:00-08:00,3,4,Night Cash / Day Momentum,Cash,Momentum,2,bps,100.0,20276.894027153514,0.04890985650855542,-0.0017245730470246917,0.510662840745315,-1.2326511975010732,-0.9996153229221817,7301,7301.0,3652,-20276.845117297005
BTC,8,True,08:00-20:00,20:00-08:00,4,5,Night Cash / Day Reversal,Cash,Reversal,2,bps,100.0,20276.894027153514,796.4423680338793,0.0009249815902887457,0.5106634998473268,0.6611365029149919,-0.6118008760300682,7301,7301.0,3652,-19480.451659119633
BTC,8,True,08:00-20:00,20:00-08:00,5,6,Night Long / Day Cash,Long,Cash,2,bps,100.0,20276.894027153514,304.19183152827776,0.0005521320738247445,0.42501352929674086,0.47416892182113674,-0.783763621695071,7304,7304.0,3652,-19972.702195625236
BTC,8,True,08:00-20:00,20:00-08:00,6,7,Night Long / Day Long,Long,Long,2,bps,100.0,20276.894027153514,20212.068428379625,0.0020746051651986575,0.6719209276786634,1.1269642812191805,-0.8358511076575428,1,1.0,3652,-64.82559877388849
BTC,8,True,08:00-20:00,20:00-08:00,7,8,Night Long / Day Short,Long,Short,2,bps,100.0,20276.894027153514,0.3307861210488359,-0.0009693635856274814,0.6541278748011959,-0.5408999102225445,-0.9978534002495264,7304,14607.0,3652,-20276.563241032465
BTC,8,True,08:00-20:00,20:00-08:00,8,9,Night Long / Day Momentum,Long,Momentum,2,bps,100.0,20276.894027153514,0.6898553975855751,-0.0007099256599327378,0.6851516547973591,-0.3781978253443577,-0.9982162412181625,3469,6935.0,3652,-20276.20417175593
BTC,8,True,08:00-20:00,20:00-08:00,9,10,Night Long / Day Reversal,Long,Reversal,2,bps,100.0,20276.894027153514,9691.730823505895,0.0018147625082743533,0.64042199052487,1.0342997669041094,-0.8068798499035607,3838,7673.0,3652,-10585.163203647619
BTC,8,True,08:00-20:00,20:00-08:00,10,11,Night Short / Day Cash,Short,Cash,2,bps,100.0,20276.894027153514,0.2880326747727154,-0.001352052073824656,0.42501352929674086,-1.16113717076861,-0.9975317095012729,7304,7304.0,3652,-20276.60599447874
BTC,8,True,08:00-20:00,20:00-08:00,11,12,Night Short / Day Long,Short,Long,2,bps,100.0,20276.894027153514,1.030362701595503,-0.0006599488530783836,0.659655486102718,-0.3651623255598927,-0.9914661294912174,7304,14607.0,3652,-20275.863664451917
BTC,8,True,08:00-20:00,20:00-08:00,12,13,Night Short / Day Short,Short,Short,2,bps,100.0,20276.894027153514,0.005817767074956474,-0.002044948963236818,0.6732922845167677,-1.1085918979706502,-0.999963412251789,1,1.0,3652,-20276.888209386438
BTC,8,True,08:00-20:00,20:00-08:00,13,14,Night Short / Day Momentum,Short,Momentum,2,bps,100.0,20276.894027153514,0.0005635566606166745,-0.0027387870868786244,0.6406931802745598,-1.5602745861635505,-0.999995368781781,3838,7673.0,3652,-20276.893463596854
BTC,8,True,08:00-20:00,20:00-08:00,14,15,Night Short / Day Reversal,Short,Reversal,2,bps,100.0,20276.894027153514,10.636781611105176,3.4097886430809156e-05,0.6906950214827974,0.018019137477676632,-0.9390886547924882,3469,6935.0,3652,-20266.25724554241
BTC,8,True,08:00-20:00,20:00-08:00,15,16,Night Momentum / Day Cash,Momentum,Cash,2,bps,100.0,20276.894027153514,0.13640360770771945,-0.0015562150049512997,0.4248281701613483,-1.3370546416248548,-0.9989926443351003,7302,7302.0,3652,-20276.757623545807
BTC,8,True,08:00-20:00,20:00-08:00,16,17,Night Momentum / Day Long,Momentum,Long,2,bps,100.0,20276.894027153514,2.221001688899582,-0.00042677287059917555,0.6714500555305603,-0.23199357343952037,-0.9955284519142757,3515,7029.0,3652,-20274.673025464614
BTC,8,True,08:00-20:00,20:00-08:00,17,18,Night Momentum / Day Short,Momentum,Short,2,bps,100.0,20276.894027153514,0.0006050510949501939,-0.0026853993348782672,0.6597710606117363,-1.4856225374931693,-0.999995445550651,3789,7577.0,3652,-20276.893422102417
BTC,8,True,08:00-20:00,20:00-08:00,18,19,Night Momentum / Day Momentum,Momentum,Momentum,2,bps,100.0,20276.894027153514,0.00027700057677189474,-0.0028723323816667533,0.6732346641079938,-1.5572598607908137,-0.9999983045672992,3743,7485.0,3652,-20276.893750152936
BTC,8,True,08:00-20:00,20:00-08:00,19,20,Night Momentum / Day Reversal,Momentum,Reversal,2,bps,100.0,20276.894027153514,4.853280086104118,-0.0002401015149352284,0.6574751774849881,-0.13329332566834334,-0.9722684740321037,3560,7119.0,3652,-20272.04074706741
BTC,8,True,08:00-20:00,20:00-08:00,20,21,Night Reversal / Day Cash,Reversal,Cash,2,bps,100.0,20276.894027153514,642.8543641899756,0.0007565140410959663,0.4248279524860488,0.6499751802680535,-0.6676148405496296,7302,7302.0,3652,-19634.03966296354
BTC,8,True,08:00-20:00,20:00-08:00,21,22,Night Reversal / Day Long,Reversal,Long,2,bps,100.0,20276.894027153514,9380.531169383676,0.001841538666291849,0.6604565408369263,1.0177226988240073,-0.6252899503191124,3789,7577.0,3652,-10896.362857769838
BTC,8,True,08:00-20:00,20:00-08:00,22,23,Night Reversal / Day Short,Reversal,Short,2,bps,100.0,20276.894027153514,3.181903382169371,-0.0003288036840748204,0.667161637182669,-0.17988645929059882,-0.9898161041449678,3515,7029.0,3652,-20273.712123771344
BTC,8,True,08:00-20:00,20:00-08:00,23,24,Night Reversal / Day Momentum,Reversal,Momentum,2,bps,100.0,20276.894027153514,1.4046370796362173,-0.0005761613290000307,0.6530421502556979,-0.32202957343973726,-0.9897607140215213,3560,7119.0,3652,-20275.48939007388
BTC,8,True,08:00-20:00,20:00-08:00,24,25,Night Reversal / Day Reversal,Reversal,Reversal,2,bps,100.0,20276.894027153514,21258.14569319874,0.002089180945784969,0.6741763611294844,1.1310854090671025,-0.7894483200341811,3743,7485.0,3652,981.2516660452275
BTC,9,True,09:00-21:00,21:00-09:00,0,1,Night Cash / Day Cash,Cash,Cash,0,bps,100.0,20276.894027153514,100.0,0.0,0.0,0.0,0.0,0,0.0,3652,-20176.894027153514
BTC,9,True,09:00-21:00,21:00-09:00,1,2,Night Cash / Day Long,Cash,Long,0,bps,100.0,20276.894027153514,1247.6345357832288,0.0010450707131419293,0.5080786096124064,0.7507712450004504,-0.61265928019607,7303,7303.0,3652,-19029.259491370285
BTC,9,True,09:00-21:00,21:00-09:00,2,3,Night Cash / Day Short,Cash,Short,0,bps,100.0,20276.894027153514,0.5978731222809754,-0.0010450707131419291,0.5080786096124064,-0.7507712450004503,-0.9960405157483402,7303,7303.0,3652,-20276.29615403123
BTC,9,True,09:00-21:00,21:00-09:00,3,4,Night Cash / Day Momentum,Cash,Momentum,0,bps,100.0,20276.894027153514,0.8380011209617578,-0.0009502002447693137,0.5081466154815373,-0.6825256309384997,-0.9957271027427671,7301,7301.0,3652,-20276.05602603255
BTC,9,True,09:00-21:00,21:00-09:00,4,5,Night Cash / Day Reversal,Cash,Reversal,0,bps,100.0,20276.894027153514,890.126691530312,0.0009502002447693137,0.5081466154815373,0.6825256309384997,-0.5634945318856471,7301,7301.0,3652,-19386.7673356232
BTC,9,True,09:00-21:00,21:00-09:00,5,6,Night Long / Day Cash,Long,Cash,0,bps,100.0,20276.894027153514,1621.119098299212,0.0010145221046453322,0.42824521672562454,0.8646928295589036,-0.6687774709450254,7304,7304.0,3652,-18655.774928854302
BTC,9,True,09:00-21:00,21:00-09:00,6,7,Night Long / Day Long,Long,Long,0,bps,100.0,20276.894027153514,20225.641736558602,0.0020612570543864046,0.6644731550159833,1.132263687662356,-0.834852496130241,1,1.0,3652,-51.252290594911756
BTC,9,True,09:00-21:00,21:00-09:00,7,8,Night Long / Day Short,Long,Short,0,bps,100.0,20276.894027153514,9.692235368894671,-3.221284509574026e-05,0.661316903869878,-0.017779204479942735,-0.9734571419752246,7304,14607.0,3652,-20267.20179178462
BTC,9,True,09:00-21:00,21:00-09:00,8,9,Night Long / Day Momentum,Long,Momentum,0,bps,100.0,20276.894027153514,13.584996215872543,0.0001239151165915812,0.6927332040133435,0.06529067365891116,-0.990332795344509,3433,6863.0,3652,-20263.309030937642
BTC,9,True,09:00-21:00,21:00-09:00,9,10,Night Long / Day Reversal,Long,Reversal,0,bps,100.0,20276.894027153514,14430.013795456765,0.001905129092699083,0.6318276603781388,1.1005724542337953,-0.6381389336422021,3874,7745.0,3652,-5846.8802316967485
BTC,9,True,09:00-21:00,21:00-09:00,10,11,Night Short / Day Cash,Short,Cash,0,bps,100.0,20276.894027153514,0.9772189347661865,-0.0010145221046453322,0.42824521672562454,-0.8646928295589036,-0.9918692113834632,7304,7304.0,3652,-20275.916808218746
BTC,9,True,09:00-21:00,21:00-09:00,11,12,Night Short / Day Long,Short,Long,0,bps,100.0,20276.894027153514,12.192120920355851,2.888437189745364e-05,0.6675633909441452,0.015792950730356466,-0.9174822028301377,7304,14607.0,3652,-20264.701906233156
BTC,9,True,09:00-21:00,21:00-09:00,12,13,Night Short / Day Short,Short,Short,0,bps,100.0,20276.894027153514,0.005842529356807472,-0.0020579285811881173,0.6657480651368849,-1.1282705447731485,-0.9999634513405948,1,1.0,3652,-20276.888184624157
BTC,9,True,09:00-21:00,21:00-09:00,13,14,Night Short / Day Momentum,Short,Momentum,0,bps,100.0,20276.894027153514,0.008189105627591217,-0.0020243156061302064,0.6295670093403233,-1.173624388310528,-0.9999405097289625,3874,7745.0,3652,-20276.885838047885
BTC,9,True,09:00-21:00,21:00-09:00,14,15,Night Short / Day Reversal,Short,Reversal,0,bps,100.0,20276.894027153514,8.698486573041988,-4.728603160457169e-06,0.701824151333713,-0.0024592202338534126,-0.9543582260652431,3433,6863.0,3652,-20268.195540580473
BTC,9,True,09:00-21:00,21:00-09:00,15,16,Night Momentum / Day Cash,Momentum,Cash,0,bps,100.0,20276.894027153514,3.5518950581286983,-0.0006615804851769461,0.4284970649733953,-0.5635438298849916,-0.9791414675259914,7302,7302.0,3652,-20273.342132095386
BTC,9,True,09:00-21:00,21:00-09:00,16,17,Night Momentum / Day Long,Momentum,Long,0,bps,100.0,20276.894027153514,44.31466941999125,0.00039633600065113925,0.6751612465680361,0.21426383841343322,-0.9336465072747192,3513,7025.0,3652,-20232.579357733524
BTC,9,True,09:00-21:00,21:00-09:00,17,18,Night Momentum / Day Short,Momentum,Short,0,bps,100.0,20276.894027153514,0.0212358258841777,-0.0017194969710050292,0.6578416892359507,-0.9540538471281438,-0.9998530342592356,3791,7581.0,3652,-20276.87279132763
BTC,9,True,09:00-21:00,21:00-09:00,18,19,Night Momentum / Day Momentum,Momentum,Momentum,0,bps,100.0,20276.894027153514,0.02976492040250362,-0.0016127067840842686,0.662875281757048,-0.8880071295319489,-0.999889510009895,3743,7485.0,3652,-20276.86426223311
BTC,9,True,09:00-21:00,21:00-09:00,19,20,Night Momentum / Day Reversal,Momentum,Reversal,0,bps,100.0,20276.894027153514,31.616365967549775,0.00028954581373037843,0.6703367934525141,0.15765839357745873,-0.9060468189174323,3560,7119.0,3652,-20245.277661185963
BTC,9,True,09:00-21:00,21:00-09:00,20,21,Night Reversal / Day Cash,Reversal,Cash,0,bps,100.0,20276.894027153514,446.0130744297252,0.0006615804851769459,0.4284970649733953,0.5635438298849915,-0.6311232969142182,7302,7302.0,3652,-19830.88095272379
BTC,9,True,09:00-21:00,21:00-09:00,21,22,Night Reversal / Day Long,Reversal,Long,0,bps,100.0,20276.894027153514,5564.613150693818,0.001693805425632719,0.657091350181476,0.9408721940795547,-0.6405192970568099,3791,7581.0,3652,-14712.280876459696
BTC,9,True,09:00-21:00,21:00-09:00,22,23,Night Reversal / Day Short,Reversal,Short,0,bps,100.0,20276.894027153514,2.6665922938743636,-0.00037064445527882825,0.6694933816134366,-0.20207104340709608,-0.9876624218431138,3513,7025.0,3652,-20274.22743485964
BTC,9,True,09:00-21:00,21:00-09:00,23,24,Night Reversal / Day Momentum,Reversal,Momentum,0,bps,100.0,20276.894027153514,3.737594563357103,-0.0002876937054543569,0.6613257909707803,-0.15878437515145977,-0.9822170053662428,3560,7119.0,3652,-20273.156432590156
BTC,9,True,09:00-21:00,21:00-09:00,24,25,Night Reversal / Day Reversal,Reversal,Reversal,0,bps,100.0,20276.894027153514,3970.0814232139455,0.0016108546758082474,0.6654011171468787,0.8836203329370504,-0.747646323999442,3743,7485.0,3652,-16306.812603939568
BTC,9,True,09:00-21:00,21:00-09:00,0,1,Night Cash / Day Cash,Cash,Cash,1,bps,100.0,20276.894027153514,100.0,0.0,0.0,0.0,0.0,0,0.0,3652,-20176.894027153514
BTC,9,True,09:00-21:00,21:00-09:00,1,2,Night Cash / Day Long,Cash,Long,1,bps,100.0,20276.894027153514,601.0440033188476,0.0008448990858097056,0.5079769771262604,0.6070908332601281,-0.6597099836820894,7303,7303.0,3652,-19675.850023834668
BTC,9,True,09:00-21:00,21:00-09:00,2,3,Night Cash / Day Short,Cash,Short,1,bps,100.0,20276.894027153514,0.28802349132385063,-0.0012448243267735156,0.5079770227886673,-0.8944516363712774,-0.9980003350929898,7303,7303.0,3652,-20276.60600366219
BTC,9,True,09:00-21:00,21:00-09:00,3,4,Night Cash / Day Momentum,Cash,Momentum,1,bps,100.0,20276.894027153514,0.40378515046016333,-0.0011499177205895254,0.5080453089131699,-0.8261467248129066,-0.9976122225052453,7301,7301.0,3652,-20276.490242003052
BTC,9,True,09:00-21:00,21:00-09:00,4,5,Night Cash / Day Reversal,Cash,Reversal,1,bps,100.0,20276.894027153514,428.90150272791425,0.0007501020031744559,0.5080446903963594,0.5389038333322149,-0.6051539717351476,7301,7301.0,3652,-19847.9925244256
BTC,9,True,09:00-21:00,21:00-09:00,5,6,Night Long / Day Cash,Long,Cash,1,bps,100.0,20276.894027153514,780.8909166621536,0.0008143292103696448,0.4281595719647316,0.6942041735070769,-0.7121284681787314,7304,7304.0,3652,-19496.00311049136
BTC,9,True,09:00-21:00,21:00-09:00,6,7,Night Long / Day Long,Long,Long,1,bps,100.0,20276.894027153514,20223.619172384915,0.002061229635435694,0.6644731666349988,1.1322486064321398,-0.834852496130241,1,1.0,3652,-53.27485476859874
BTC,9,True,09:00-21:00,21:00-09:00,7,8,Night Long / Day Short,Long,Short,1,bps,100.0,20276.894027153514,2.2489849993723245,-0.00043213254145389344,0.6610524285902912,-0.23860191840914996,-0.990601615677233,7304,14607.0,3652,-20274.64504215414
BTC,9,True,09:00-21:00,21:00-09:00,8,9,Night Long / Day Momentum,Long,Momentum,1,bps,100.0,20276.894027153514,6.838697846397208,-6.376620438078691e-05,0.6927333854854978,-0.03359830071229398,-0.9934195658154295,3433,6863.0,3652,-20270.055329307117
BTC,9,True,09:00-21:00,21:00-09:00,9,10,Night Long / Day Reversal,Long,Reversal,1,bps,100.0,20276.894027153514,6650.771636408497,0.001692654483314946,0.6317072011112677,0.9780146329234797,-0.6626728190812154,3874,7745.0,3652,-13626.122390745017
BTC,9,True,09:00-21:00,21:00-09:00,10,11,Night Short / Day Cash,Short,Cash,1,bps,100.0,20276.894027153514,0.47072506304428113,-0.0012143092103696015,0.4281595719647316,-1.0351814856107284,-0.9960618082461328,7304,7304.0,3652,-20276.42330209047
BTC,9,True,09:00-21:00,21:00-09:00,11,12,Night Short / Day Long,Short,Long,1,bps,100.0,20276.894027153514,2.8290581085569277,-0.0003710598469192796,0.6672963691225936,-0.2029635562135885,-0.9783368987975045,7304,14607.0,3652,-20274.064969044957
BTC,9,True,09:00-21:00,21:00-09:00,12,13,Night Short / Day Short,Short,Short,1,bps,100.0,20276.894027153514,0.0058419451038717474,-0.002057955926740807,0.6657480551253492,-1.128285554088423,-0.9999634513405948,1,1.0,3652,-20276.88818520841
BTC,9,True,09:00-21:00,21:00-09:00,13,14,Night Short / Day Momentum,Short,Momentum,1,bps,100.0,20276.894027153514,0.003774346456458986,-0.002235946734955793,0.6294532634409142,-1.2965546541097128,-0.9999720018785415,3874,7745.0,3652,-20276.890252807058
BTC,9,True,09:00-21:00,21:00-09:00,14,15,Night Short / Day Reversal,Short,Reversal,1,bps,100.0,20276.894027153514,4.3788250249546845,-0.0001929032221842214,0.7015492749926455,-0.10036312288681208,-0.9691175234054854,3433,6863.0,3652,-20272.515202128558
BTC,9,True,09:00-21:00,21:00-09:00,15,16,Night Momentum / Day Cash,Momentum,Cash,1,bps,100.0,20276.894027153514,1.7112853722335148,-0.0008613834139213236,0.4284114053798695,-0.73388556451363,-0.9886563202594166,7302,7302.0,3652,-20275.182741781282
BTC,9,True,09:00-21:00,21:00-09:00,16,17,Night Momentum / Day Long,Momentum,Long,1,bps,100.0,20276.894027153514,21.94952514975796,0.00020415493582772853,0.6751666541658944,0.11036764199970625,-0.9561238987997818,3513,7025.0,3652,-20254.944502003756
BTC,9,True,09:00-21:00,21:00-09:00,17,18,Night Momentum / Day Short,Momentum,Short,1,bps,100.0,20276.894027153514,0.009949415845895773,-0.0019268835261288162,0.657619476461675,-1.0694824472371078,-0.9999298015933318,3791,7581.0,3652,-20276.884077737668
BTC,9,True,09:00-21:00,21:00-09:00,18,19,Night Momentum / Day Momentum,Momentum,Momentum,1,bps,100.0,20276.894027153514,0.014080004599848237,-0.0018171805535529104,0.6628333029442693,-1.0006601948040315,-0.9999414160082398,3743,7485.0,3652,-20276.879947148915
BTC,9,True,09:00-21:00,21:00-09:00,19,20,Night Momentum / Day Reversal,Momentum,Reversal,1,bps,100.0,20276.894027153514,15.513392799012282,9.442418846641934e-05,0.6701244322251653,0.051430491313086,-0.9358150691827849,3560,7119.0,3652,-20261.3806343545
BTC,9,True,09:00-21:00,21:00-09:00,20,21,Night Reversal / Day Cash,Reversal,Cash,1,bps,100.0,20276.894027153514,214.88688083555357,0.0004615129374701073,0.42841134364164474,0.3932020584345105,-0.6635574418584644,7302,7302.0,3652,-20062.00714631796
BTC,9,True,09:00-21:00,21:00-09:00,21,22,Night Reversal / Day Long,Reversal,Long,1,bps,100.0,20276.894027153514,2607.1343097159274,0.0014860695257097535,0.6570680945857961,0.8255086213339714,-0.6871115878157072,3791,7581.0,3652,-17669.759717437588
BTC,9,True,09:00-21:00,21:00-09:00,22,23,Night Reversal / Day Short,Reversal,Short,1,bps,100.0,20276.894027153514,1.320791408005899,-0.0005631500969962732,0.6692459379308425,-0.3071363959849398,-0.9929188790769723,3513,7025.0,3652,-20275.57323574551
BTC,9,True,09:00-21:00,21:00-09:00,23,24,Night Reversal / Day Momentum,Reversal,Momentum,1,bps,100.0,20276.894027153514,1.8339480459052058,-0.00048242286223492927,0.6612705484315763,-0.266281849589993,-0.9898081643268722,3560,7119.0,3652,-20275.06007910761
BTC,9,True,09:00-21:00,21:00-09:00,24,25,Night Reversal / Day Reversal,Reversal,Reversal,1,bps,100.0,20276.894027153514,1878.008203775411,0.0014054365962130454,0.6652017691579029,0.771171066287395,-0.7672363645197097,3743,7485.0,3652,-18398.885823378103
BTC,9,True,09:00-21:00,21:00-09:00,0,1,Night Cash / Day Cash,Cash,Cash,2,bps,100.0,20276.894027153514,100.0,0.0,0.0,0.0,0.0,0,0.0,3652,-20176.894027153514
BTC,9,True,09:00-21:00,21:00-09:00,1,2,Night Cash / Day Long,Cash,Long,2,bps,100.0,20276.894027153514,289.52990389386736,0.0006447474739030746,0.5078753567729197,0.4633672904902212,-0.7011873051992921,7303,7303.0,3652,-19987.364123259646
BTC,9,True,09:00-21:00,21:00-09:00,2,3,Night Cash / Day Short,Cash,Short,2,bps,100.0,20276.894027153514,0.13874427379975482,-0.0014445579667836015,0.5078754480895075,-1.038175127109295,-0.9990038977312112,7303,7303.0,3652,-20276.755282879712
BTC,9,True,09:00-21:00,21:00-09:00,3,4,Night Cash / Day Momentum,Cash,Momentum,2,bps,100.0,20276.894027153514,0.194546925986765,-0.001349615226437121,0.5079440223341275,-0.9698107192715593,-0.9986657414874891,7301,7301.0,3652,-20276.699480227526
BTC,9,True,09:00-21:00,21:00-09:00,4,5,Night Cash / Day Reversal,Cash,Reversal,2,bps,100.0,20276.894027153514,206.6481860755094,0.0005500237697011726,0.5079427853155895,0.39523875866490515,-0.6428410789580944,7301,7301.0,3652,-20070.245841078005
BTC,9,True,09:00-21:00,21:00-09:00,5,6,Night Long / Day Cash,Long,Cash,2,bps,100.0,20276.894027153514,376.12663867560286,0.0006141563363844022,0.428073935768743,0.523664358068761,-0.783507181808187,7304,7304.0,3652,-19900.76738847791
BTC,9,True,09:00-21:00,21:00-09:00,6,7,Night Long / Day Long,Long,Long,2,bps,100.0,20276.894027153514,20221.596608211315,0.002061202216484984,0.6644731797621756,1.1322335226326092,-0.8348524961302417,1,1.0,3652,-55.29741894219842
BTC,9,True,09:00-21:00,21:00-09:00,7,8,Night Long / Day Short,Long,Short,2,bps,100.0,20276.894027153514,0.5217016906394211,-0.0008319722513591857,0.660788007722404,-0.4595571774869044,-0.996839840336404,7304,14607.0,3652,-20276.372325462875
BTC,9,True,09:00-21:00,21:00-09:00,8,9,Night Long / Day Momentum,Long,Momentum,2,bps,100.0,20276.894027153514,3.4421333227172592,-0.00025143098777197237,0.6927434586240692,-0.1324766179951357,-0.9955210649202846,3433,6863.0,3652,-20273.451893830796
BTC,9,True,09:00-21:00,21:00-09:00,9,10,Night Long / Day Reversal,Long,Reversal,2,bps,100.0,20276.894027153514,3064.855754714906,0.0014802013453046857,0.6315977072338953,0.8554076191985516,-0.6855477437860144,3874,7745.0,3652,-17212.038272438607
BTC,9,True,09:00-21:00,21:00-09:00,10,11,Night Short / Day Cash,Short,Cash,2,bps,100.0,20276.894027153514,0.2267310733488856,-0.0014140763363843143,0.42807393576874303,-1.205721301049046,-0.9980926536693545,7304,7304.0,3652,-20276.667296080166
BTC,9,True,09:00-21:00,21:00-09:00,11,12,Night Short / Day Long,Short,Long,2,bps,100.0,20276.894027153514,0.6562624466429304,-0.0007709240743609532,0.6670294022081452,-0.42185139996863524,-0.9949369234512254,7304,14607.0,3652,-20276.23776470687
BTC,9,True,09:00-21:00,21:00-09:00,12,13,Night Short / Day Short,Short,Short,2,bps,100.0,20276.894027153514,0.005841360850936083,-0.002057983272293497,0.6657480466110386,-1.1283005608666723,-0.9999634513405948,1,1.0,3652,-20276.888185792664
BTC,9,True,09:00-21:00,21:00-09:00,13,14,Night Short / Day Momentum,Short,Momentum,2,bps,100.0,20276.894027153514,0.0017393211028386712,-0.002447556479416479,0.629350433370475,-1.4194923330753129,-0.999986826888906,3874,7745.0,3652,-20276.892287832412
BTC,9,True,09:00-21:00,21:00-09:00,14,15,Night Short / Day Reversal,Short,Reversal,2,bps,100.0,20276.894027153514,2.20400138612432,-0.000381061177631514,0.7012842697421633,-0.19833231092812045,-0.9844075955920798,3433,6863.0,3652,-20274.690025767388
BTC,9,True,09:00-21:00,21:00-09:00,15,16,Night Momentum / Day Cash,Momentum,Cash,2,bps,100.0,20276.894027153514,0.8244285665639857,-0.0010611663613737617,0.4283257636858339,-0.9042783664666891,-0.993913535640105,7302,7302.0,3652,-20276.06959858695
BTC,9,True,09:00-21:00,21:00-09:00,16,17,Night Momentum / Day Long,Momentum,Long,2,bps,100.0,20276.894027153514,10.870304411057278,1.2012305584922676e-05,0.6751936608274688,0.006493679951206087,-0.9746547932921082,3513,7025.0,3652,-20266.023722742455
BTC,9,True,09:00-21:00,21:00-09:00,17,18,Night Momentum / Day Short,Momentum,Short,2,bps,100.0,20276.894027153514,0.0046607964927361705,-0.0021342286052710626,0.6574194155614014,-1.1849261255217396,-0.999966474581753,3791,7581.0,3652,-20276.88936635702
BTC,9,True,09:00-21:00,21:00-09:00,18,19,Night Momentum / Day Momentum,Momentum,Momentum,2,bps,100.0,20276.894027153514,0.006659411202081731,-0.0020216343727174034,0.6628017468283149,-1.113299036360248,-0.9999689415441356,3743,7485.0,3652,-20276.88736774231
BTC,9,True,09:00-21:00,21:00-09:00,19,20,Night Momentum / Day Reversal,Momentum,Reversal,2,bps,100.0,20276.894027153514,7.610965839269131,-0.00010067938373871241,0.6699224826704678,-0.054854070456247406,-0.9569721111508782,3560,7119.0,3652,-20269.283061314243
BTC,9,True,09:00-21:00,21:00-09:00,20,21,Night Reversal / Day Cash,Reversal,Cash,2,bps,100.0,20276.894027153514,103.5238692594197,0.0002614653975184278,0.4283256402155626,0.22280914597173498,-0.7074877803560189,7302,7302.0,3652,-20173.370157894093
BTC,9,True,09:00-21:00,21:00-09:00,21,22,Night Reversal / Day Long,Reversal,Long,2,bps,100.0,20276.894027153514,1221.3101387081617,0.0012783751716455456,0.6570671120779948,0.7101358888211059,-0.7276726151157573,3791,7581.0,3652,-19055.58388844535
BTC,9,True,09:00-21:00,21:00-09:00,22,23,Night Reversal / Day Short,Reversal,Short,2,bps,100.0,20276.894027153514,0.6541100352091875,-0.0007556172392125087,0.6690203234549603,-0.41224501355695065,-0.9962439293842696,3513,7025.0,3652,-20276.239917118306
BTC,9,True,09:00-21:00,21:00-09:00,23,24,Night Reversal / Day Momentum,Reversal,Momentum,2,bps,100.0,20276.894027153514,0.8997461812007803,-0.0006771340583264702,0.6612257653984993,-0.3737814589548094,-0.994674624351668,3560,7119.0,3652,-20275.994280972314
BTC,9,True,09:00-21:00,21:00-09:00,24,25,Night Reversal / Day Reversal,Reversal,Reversal,2,bps,100.0,20276.894027153514,888.2403965946255,0.001200038587556463,0.6650129111779597,0.6586550081896002,-0.7853475361071022,3743,7485.0,3652,-19388.65363055889
BTC,10,True,10:00-22:00,22:00-10:00,0,1,Night Cash / Day Cash,Cash,Cash,0,bps,100.0,20276.894027153514,100.0,0.0,0.0,0.0,0.0,0,0.0,3652,-20176.894027153514
BTC,10,True,10:00-22:00,22:00-10:00,1,2,Night Cash / Day Long,Cash,Long,0,bps,100.0,20276.894027153514,9542.015031660136,0.0015837864812452988,0.4955403994390118,1.1665689947963183,-0.5391056428987472,7303,7303.0,3652,-10734.878995493378
BTC,10,True,10:00-22:00,22:00-10:00,2,3,Night Cash / Day Short,Cash,Short,0,bps,100.0,20276.894027153514,0.08823099059908503,-0.0015837864812452984,0.4955403994390118,-1.1665689947963178,-0.9992951530950468,7303,7303.0,3652,-20276.805796162917
BTC,10,True,10:00-22:00,22:00-10:00,3,4,Night Cash / Day Momentum,Cash,Momentum,0,bps,100.0,20276.894027153514,0.9113197139557456,-0.0009452667748125736,0.4961284292325371,-0.6954295550857783,-0.9932068001418831,7299,7299.0,3652,-20275.982707439558
BTC,10,True,10:00-22:00,22:00-10:00,4,5,Night Cash / Day Reversal,Cash,Reversal,0,bps,100.0,20276.894027153514,923.8862659784104,0.0009452667748125743,0.4961284292325371,0.6954295550857789,-0.5494321496838567,7299,7299.0,3652,-19353.007761175104
BTC,10,True,10:00-22:00,22:00-10:00,5,6,Night Long / Day Cash,Long,Cash,0,bps,100.0,20276.894027153514,211.939739480679,0.00046339294200747243,0.43278095711389214,0.39081762044399837,-0.8757841213502803,7304,7304.0,3652,-20064.954287672834
BTC,10,True,10:00-22:00,22:00-10:00,6,7,Night Long / Day Long,Long,Long,0,bps,100.0,20276.894027153514,20223.321799307534,0.0020609750060855054,0.6641752201141378,1.1326165964034838,-0.8371702023517822,1,1.0,3652,-53.572227845979796
BTC,10,True,10:00-22:00,22:00-10:00,7,8,Night Long / Day Short,Long,Short,0,bps,100.0,20276.894027153514,0.1869965316169234,-0.0011341891220705612,0.6481239689406587,-0.6387343307676037,-0.9986930931493289,7304,14607.0,3652,-20276.707030621896
BTC,10,True,10:00-22:00,22:00-10:00,8,9,Night Long / Day Momentum,Long,Momentum,0,bps,100.0,20276.894027153514,1.9314486275938836,-0.00044455858904583875,0.675633471363687,-0.24016555111489737,-0.9950998973381862,3313,6621.0,3652,-20274.96257852592
BTC,10,True,10:00-22:00,22:00-10:00,9,10,Night Long / Day Reversal,Long,Reversal,0,bps,100.0,20276.894027153514,1958.0821452124085,0.0013713444730607826,0.6371511785484878,0.7855917865638758,-0.7876326760198914,3996,7987.0,3652,-18318.811881941107
BTC,10,True,10:00-22:00,22:00-10:00,10,11,Night Short / Day Cash,Short,Cash,0,bps,100.0,20276.894027153514,7.200688197491238,-0.0004633929420074725,0.43278095711389214,-0.39081762044399837,-0.9455976135316015,7304,7304.0,3652,-20269.69333895602
BTC,10,True,10:00-22:00,22:00-10:00,11,12,Night Short / Day Long,Short,Long,0,bps,100.0,20276.894027153514,687.0907501875923,0.0011065979564050933,0.6535787810190711,0.617994748021162,-0.7690046274515925,7304,14607.0,3652,-19589.803276965922
BTC,10,True,10:00-22:00,22:00-10:00,12,13,Night Short / Day Short,Short,Short,0,bps,100.0,20276.894027153514,0.006353238526597937,-0.0020333838404200367,0.666522088344055,-1.113519138723879,-0.999960403936653,1,1.0,3652,-20276.887673914985
BTC,10,True,10:00-22:00,22:00-10:00,13,14,Night Short / Day Momentum,Short,Momentum,0,bps,100.0,20276.894027153514,0.06562129108422213,-0.001445974960579309,0.6374747386551453,-0.8279243530886977,-0.9995236009301097,3996,7987.0,3652,-20276.82840586243
BTC,10,True,10:00-22:00,22:00-10:00,14,15,Night Short / Day Reversal,Short,Reversal,0,bps,100.0,20276.894027153514,66.52616931254994,0.0005191890765643658,0.6827333540299362,0.2775666544301924,-0.8917019598522382,3313,6621.0,3652,-20210.367857840964
BTC,10,True,10:00-22:00,22:00-10:00,15,16,Night Momentum / Day Cash,Momentum,Cash,0,bps,100.0,20276.894027153514,57.302845040287224,0.00010368054223503841,0.4328668868527475,0.08742502387035803,-0.782487770303442,7302,7302.0,3652,-20219.591182113225
BTC,10,True,10:00-22:00,22:00-10:00,16,17,Night Momentum / Day Long,Momentum,Long,0,bps,100.0,20276.894027153514,5467.846087313128,0.001687377767716763,0.6606874213046893,0.9322001075794466,-0.8252475322832356,3603,7205.0,3652,-14809.047939840386
BTC,10,True,10:00-22:00,22:00-10:00,17,18,Night Momentum / Day Short,Momentum,Short,0,bps,100.0,20276.894027153514,0.050558867820504436,-0.0014800166832466865,0.6594542380019685,-0.8191714576310419,-0.9995963414577957,3701,7401.0,3652,-20276.843468285693
BTC,10,True,10:00-22:00,22:00-10:00,18,19,Night Momentum / Day Momentum,Momentum,Momentum,0,bps,100.0,20276.894027153514,0.5222121235096507,-0.0008521079459449831,0.6529652988854959,-0.4763184212097912,-0.9963421211806291,3755,7507.0,3652,-20276.371815030005
BTC,10,True,10:00-22:00,22:00-10:00,19,20,Night Momentum / Day Reversal,Momentum,Reversal,0,bps,100.0,20276.894027153514,529.4131153421033,0.0010594690304150597,0.6679637195558594,0.5789329341998161,-0.8280714109720977,3550,7097.0,3652,-19747.48091181141
BTC,10,True,10:00-22:00,22:00-10:00,20,21,Night Reversal / Day Cash,Reversal,Cash,0,bps,100.0,20276.894027153514,26.63241842044901,-0.00010368054223503854,0.4328668868527475,-0.08742502387035812,-0.8871639086023453,7302,7302.0,3652,-20250.261608733064
BTC,10,True,10:00-22:00,22:00-10:00,21,22,Night Reversal / Day Long,Reversal,Long,0,bps,100.0,20276.894027153514,2541.269368973875,0.0014801951947738356,0.6572247215681043,0.8220494883445507,-0.8071025312120942,3701,7401.0,3652,-17735.62465817964
BTC,10,True,10:00-22:00,22:00-10:00,22,23,Night Reversal / Day Short,Reversal,Short,0,bps,100.0,20276.894027153514,0.02349804659285552,-0.0016875562792439114,0.6554205074207121,-0.939790615261671,-0.9998672702413576,3603,7205.0,3652,-20276.87052910692
BTC,10,True,10:00-22:00,22:00-10:00,23,24,Night Reversal / Day Momentum,Reversal,Momentum,0,bps,100.0,20276.894027153514,0.2427064793687349,-0.001038425603680165,0.660808217281901,-0.5735784383891339,-0.998652795438488,3550,7097.0,3652,-20276.651320674144
BTC,10,True,10:00-22:00,22:00-10:00,24,25,Night Reversal / Day Reversal,Reversal,Reversal,0,bps,100.0,20276.894027153514,246.05325608443445,0.000831064519210089,0.6527126368166349,0.4647352179223989,-0.7512350127488995,3755,7507.0,3652,-20030.84077106908
BTC,10,True,10:00-22:00,22:00-10:00,0,1,Night Cash / Day Cash,Cash,Cash,1,bps,100.0,20276.894027153514,100.0,0.0,0.0,0.0,0.0,0,0.0,3652,-20176.894027153514
BTC,10,True,10:00-22:00,22:00-10:00,1,2,Night Cash / Day Long,Cash,Long,1,bps,100.0,20276.894027153514,4596.8356516815975,0.0013835071939034317,0.4954413204043155,1.0192531486123375,-0.5668579426458167,7303,7303.0,3652,-15680.058375471915
BTC,10,True,10:00-22:00,22:00-10:00,2,3,Night Cash / Day Short,Cash,Short,1,bps,100.0,20276.894027153514,0.042505001493222214,-0.0017834324348672448,0.4954412743670517,-1.3138849595406952,-0.9996543376431679,7303,7303.0,3652,-20276.85152215202
BTC,10,True,10:00-22:00,22:00-10:00,3,4,Night Cash / Day Momentum,Cash,Momentum,1,bps,100.0,20276.894027153514,0.43920105251038666,-0.0011449311467824875,0.49602907927673723,-0.8424906644282832,-0.9964836042001743,7299,7299.0,3652,-20276.454826101002
BTC,10,True,10:00-22:00,22:00-10:00,4,5,Night Cash / Day Reversal,Cash,Reversal,1,bps,100.0,20276.894027153514,445.25737148413526,0.0007452249474397041,0.49602935424515665,0.5483689694724311,-0.5770704944418169,7299,7299.0,3652,-19831.63665566938
BTC,10,True,10:00-22:00,22:00-10:00,5,6,Night Long / Day Cash,Long,Cash,1,bps,100.0,20276.894027153514,102.09109103325042,0.00026331026805302314,0.43269440525027897,0.22211576270269204,-0.9119853055785255,7304,7304.0,3652,-20174.802936120264
BTC,10,True,10:00-22:00,22:00-10:00,6,7,Night Long / Day Long,Long,Long,1,bps,100.0,20276.894027153514,20221.299467127657,0.002060947575191751,0.6641752251627008,1.1326015130430587,-0.8371702023517824,1,1.0,3652,-55.59456002585648
BTC,10,True,10:00-22:00,22:00-10:00,7,8,Night Long / Day Short,Long,Short,1,bps,100.0,20276.894027153514,0.043390650199312604,-0.0015336682154225073,0.6478647071135021,-0.8640521585491203,-0.999654369472341,7304,14607.0,3652,-20276.850636503314
BTC,10,True,10:00-22:00,22:00-10:00,8,9,Night Long / Day Momentum,Long,Momentum,1,bps,100.0,20276.894027153514,0.9961116909173904,-0.0006254883311931077,0.6756591834297921,-0.33789704407859544,-0.9964878694352005,3313,6621.0,3652,-20275.897915462596
BTC,10,True,10:00-22:00,22:00-10:00,9,10,Night Long / Day Reversal,Long,Reversal,1,bps,100.0,20276.894027153514,880.8971882433358,0.0011524355175325644,0.6370702946980449,0.660270879681744,-0.8410660905825484,3996,7987.0,3652,-19395.996838910178
BTC,10,True,10:00-22:00,22:00-10:00,10,11,Night Short / Day Cash,Short,Cash,1,bps,100.0,20276.894027153514,3.468561941584989,-0.00066329026805298,0.43269440525027897,-0.5595194781853066,-0.9731927429999648,7304,7304.0,3652,-20273.42546521193
BTC,10,True,10:00-22:00,22:00-10:00,11,12,Night Short / Day Long,Short,Long,1,bps,100.0,20276.894027153514,159.43244582550952,0.0007062228388205377,0.653317415812103,0.39455757634912403,-0.8247893303987339,7304,14607.0,3652,-20117.461581328003
BTC,10,True,10:00-22:00,22:00-10:00,12,13,Night Short / Day Short,Short,Short,1,bps,100.0,20276.894027153514,0.0063526032027452425,-0.0020334111738977553,0.6665220853182349,-1.1135341121042002,-0.999960403936653,1,1.0,3652,-20276.88767455031
BTC,10,True,10:00-22:00,22:00-10:00,13,14,Night Short / Day Momentum,Short,Momentum,1,bps,100.0,20276.894027153514,0.02952154532756692,-0.001664433651465979,0.6372992369745426,-0.9532700614379521,-0.9997752113508919,3996,7987.0,3652,-20276.864505608188
BTC,10,True,10:00-22:00,22:00-10:00,14,15,Night Short / Day Reversal,Short,Reversal,1,bps,100.0,20276.894027153514,34.3097372911931,0.0003375221660568951,0.6824531604725351,0.1805187487526107,-0.9033519832220507,3313,6621.0,3652,-20242.58428986232
BTC,10,True,10:00-22:00,22:00-10:00,15,16,Night Momentum / Day Cash,Momentum,Cash,1,bps,100.0,20276.894027153514,27.60822572175629,-9.627543106220993e-05,0.43278031763347463,-0.08119715917272245,-0.8660663383203496,7302,7302.0,3652,-20249.285801431757
BTC,10,True,10:00-22:00,22:00-10:00,16,17,Night Momentum / Day Long,Momentum,Long,1,bps,100.0,20276.894027153514,2659.9643380724588,0.0014898941964890456,0.660633627606412,0.8231663648258759,-0.8387812011657737,3603,7205.0,3652,-17616.929689081055
BTC,10,True,10:00-22:00,22:00-10:00,17,18,Night Momentum / Day Short,Momentum,Short,1,bps,100.0,20276.894027153514,0.02411814210964199,-0.0016824188158783859,0.6593001617871171,-0.9314162249423099,-0.9998061090285504,3701,7401.0,3652,-20276.869909011406
BTC,10,True,10:00-22:00,22:00-10:00,18,19,Night Momentum / Day Momentum,Momentum,Momentum,1,bps,100.0,20276.894027153514,0.24648442507508253,-0.0010573517451565129,0.6529211150062646,-0.5910873122527585,-0.9980798199200873,3755,7507.0,3652,-20276.64754272844
BTC,10,True,10:00-22:00,22:00-10:00,19,20,Night Momentum / Day Reversal,Momentum,Reversal,1,bps,100.0,20276.894027153514,260.34250707620316,0.0008648529087969288,0.6677770733586748,0.47271960105363847,-0.8622752638511698,3550,7097.0,3652,-20016.55152007731
BTC,10,True,10:00-22:00,22:00-10:00,20,21,Night Reversal / Day Cash,Reversal,Cash,1,bps,100.0,20276.894027153514,12.831366727970881,-0.0003035950453890065,0.43278032721119597,-0.2560472013158565,-0.9212690846687938,7302,7302.0,3652,-20264.06266042554
BTC,10,True,10:00-22:00,22:00-10:00,21,22,Night Reversal / Day Long,Reversal,Long,1,bps,100.0,20276.894027153514,1212.264008707402,0.001277331177687897,0.6571470700228033,0.7094696166565942,-0.8276809816997942,3701,7401.0,3652,-19064.63001844611
BTC,10,True,10:00-22:00,22:00-10:00,22,23,Night Reversal / Day Short,Reversal,Short,1,bps,100.0,20276.894027153514,0.01143118605631325,-0.0018846060152520232,0.6552415835096205,-1.049813096236266,-0.9999314250186564,3603,7205.0,3652,-20276.882595967458
BTC,10,True,10:00-22:00,22:00-10:00,23,24,Night Reversal / Day Momentum,Reversal,Momentum,1,bps,100.0,20276.894027153514,0.11935256511668249,-0.0012324607139538332,0.6607200770443366,-0.6808453023033576,-0.999308598753389,3550,7097.0,3652,-20276.774674588396
BTC,10,True,10:00-22:00,22:00-10:00,24,25,Night Reversal / Day Reversal,Reversal,Reversal,1,bps,100.0,20276.894027153514,116.13727953350237,0.0006252142983412711,0.6525221496679016,0.34972486222989824,-0.7665420644283762,3755,7507.0,3652,-20160.756747620013
BTC,10,True,10:00-22:00,22:00-10:00,0,1,Night Cash / Day Cash,Cash,Cash,2,bps,100.0,20276.894027153514,100.0,0.0,0.0,0.0,0.0,0,0.0,3652,-20176.894027153514
BTC,10,True,10:00-22:00,22:00-10:00,1,2,Night Cash / Day Long,Cash,Long,2,bps,100.0,20276.894027153514,2214.3493273341282,0.0011832479327459249,0.49534225330370946,0.8718931053666047,-0.5929416933443092,7303,7303.0,3652,-18062.544699819387
BTC,10,True,10:00-22:00,22:00-10:00,2,3,Night Cash / Day Short,Cash,Short,2,bps,100.0,20276.894027153514,0.020475154779662563,-0.001983058425626448,0.4953421612164077,-1.4612451392713748,-0.9998308382666046,7303,7303.0,3652,-20276.873551998735
BTC,10,True,10:00-22:00,22:00-10:00,3,4,Night Cash / Day Momentum,Cash,Momentum,2,bps,100.0,20276.894027153514,0.21165292451906798,-0.0013445755595002955,0.4959297533222146,-0.9895959577540118,-0.9982167550795416,7299,7299.0,3652,-20276.682374228996
BTC,10,True,10:00-22:00,22:00-10:00,4,5,Night Cash / Day Reversal,Cash,Reversal,2,bps,100.0,20276.894027153514,214.57149134691926,0.0005452031170031241,0.49593030328937754,0.40126432360803604,-0.606611045550306,7299,7299.0,3652,-20062.322535806594
BTC,10,True,10:00-22:00,22:00-10:00,5,6,Night Long / Day Cash,Long,Cash,2,bps,100.0,20276.894027153514,49.17355047897747,6.324760336643188e-05,0.43260786204228496,0.053363281748428255,-0.9376382504425034,7304,7304.0,3652,-20227.720476674538
BTC,10,True,10:00-22:00,22:00-10:00,6,7,Night Long / Day Long,Long,Long,2,bps,100.0,20276.894027153514,20219.27713494771,0.0020609201442979967,0.6641752317214161,1.1325864271076718,-0.8371702023517824,1,1.0,3652,-57.61689220580229
BTC,10,True,10:00-22:00,22:00-10:00,7,8,Night Long / Day Short,Long,Short,2,bps,100.0,20276.894027153514,0.010065418654745494,-0.0019330674104223163,0.6476054986826143,-1.0895052717116271,-0.9999190254433478,7304,14607.0,3652,-20276.88396173486
BTC,10,True,10:00-22:00,22:00-10:00,8,9,Night Long / Day Momentum,Long,Momentum,2,bps,100.0,20276.894027153514,0.5136595921590025,-0.0008064025374237809,0.6756951091832634,-0.43560612199110854,-0.9977726125783168,3313,6621.0,3652,-20276.380367561356
BTC,10,True,10:00-22:00,22:00-10:00,9,10,Night Long / Day Reversal,Long,Reversal,2,bps,100.0,20276.894027153514,396.23255962685323,0.0009335496135303412,0.637000272516862,0.5349222341652211,-0.8810621027892669,3996,7987.0,3652,-19880.66146752666
BTC,10,True,10:00-22:00,22:00-10:00,10,11,Night Short / Day Cash,Short,Cash,2,bps,100.0,20276.894027153514,1.670679625398852,-0.0008631676033663442,0.43260786204228496,-0.7282719591395698,-0.9867914220539926,7304,7304.0,3652,-20275.223347528114
BTC,10,True,10:00-22:00,22:00-10:00,11,12,Night Short / Day Long,Short,Long,2,bps,100.0,20276.894027153514,36.983873415411345,0.00030592779877068404,0.6530561044161284,0.1709862993335522,-0.8892336403526195,7304,14607.0,3652,-20239.910153738103
BTC,10,True,10:00-22:00,22:00-10:00,12,13,Night Short / Day Short,Short,Short,2,bps,100.0,20276.894027153514,0.006351967878892562,-0.0020334385073754735,0.6665220837865807,-1.113549082988375,-0.999960403936653,1,1.0,3652,-20276.887675185633
BTC,10,True,10:00-22:00,22:00-10:00,13,14,Night Short / Day Momentum,Short,Momentum,2,bps,100.0,20276.894027153514,0.013278958799504031,-0.0018828692734936922,0.6371346334409749,-1.0786531586166948,-0.9998965249367261,3996,7987.0,3652,-20276.880748194715
BTC,10,True,10:00-22:00,22:00-10:00,14,15,Night Short / Day Reversal,Short,Reversal,2,bps,100.0,20276.894027153514,17.692318868224433,0.00015587088351628846,0.6821831263481025,0.08339824056922532,-0.9137507323203216,3313,6621.0,3652,-20259.20170828529
BTC,10,True,10:00-22:00,22:00-10:00,15,16,Night Momentum / Day Cash,Momentum,Cash,2,bps,100.0,20276.894027153514,13.300534397401826,-0.00029621140776230125,0.4326937663104453,-0.2498699363181234,-0.9254733569267447,7302,7302.0,3652,-20263.593492756114
BTC,10,True,10:00-22:00,22:00-10:00,16,17,Night Momentum / Day Long,Momentum,Long,2,bps,100.0,20276.894027153514,1293.816675992846,0.0012924501204337158,0.6606020282906042,0.7141126938090206,-0.8637044061374346,3603,7205.0,3652,-18983.077351160668
BTC,10,True,10:00-22:00,22:00-10:00,17,18,Night Momentum / Day Short,Momentum,Short,2,bps,100.0,20276.894027153514,0.011503395559585683,-0.001884780469497192,0.659168216816424,-1.04365601043241,-0.9999068812118738,3701,7401.0,3652,-20276.882523757955
BTC,10,True,10:00-22:00,22:00-10:00,18,19,Night Momentum / Day Momentum,Momentum,Momentum,2,bps,100.0,20276.894027153514,0.11632332195528497,-0.0012625751264228509,0.6528877320486322,-0.7058486452154895,-0.9989921437069172,3755,7507.0,3652,-20276.777703831558
BTC,10,True,10:00-22:00,22:00-10:00,19,20,Night Momentum / Day Reversal,Momentum,Reversal,2,bps,100.0,20276.894027153514,128.00702788459319,0.0006702549978776064,0.6676009972486828,0.36645103172935534,-0.8896794226518698,3550,7097.0,3652,-20148.88699926892
BTC,10,True,10:00-22:00,22:00-10:00,20,21,Night Reversal / Day Cash,Reversal,Cash,2,bps,100.0,20276.894027153514,6.181637177667885,-0.0005034895560930327,0.4326937854649296,-0.4247199616617836,-0.9586758054846748,7302,7302.0,3652,-20270.712389975844
BTC,10,True,10:00-22:00,22:00-10:00,21,22,Night Reversal / Day Long,Reversal,Long,2,bps,100.0,20276.894027153514,578.2017682545866,0.001074507731971141,0.6570917323210834,0.5968654038365268,-0.8460675813896551,3701,7401.0,3652,-19698.692258898926
BTC,10,True,10:00-22:00,22:00-10:00,22,23,Night Reversal / Day Short,Reversal,Short,2,bps,100.0,20276.894027153514,0.00556017196709947,-0.0020816163428336214,0.6550849216414386,-1.1598343054980946,-0.9999654874929793,3603,7205.0,3652,-20276.888466981545
BTC,10,True,10:00-22:00,22:00-10:00,23,24,Night Reversal / Day Momentum,Reversal,Momentum,2,bps,100.0,20276.894027153514,0.05868410542162098,-0.001426477648350044,0.6606426165180643,-0.7881180060589221,-0.9996452120815094,3550,7097.0,3652,-20276.835343048093
BTC,10,True,10:00-22:00,22:00-10:00,24,25,Night Reversal / Day Reversal,Reversal,Reversal,2,bps,100.0,20276.894027153514,54.80863204265898,0.00041938453531360147,0.6523424638114605,0.234654899659738,-0.7980546234178559,3755,7507.0,3652,-20222.085395110855
BTC,11,False,11:00-23:00,23:00-11:00,0,1,Night Cash / Day Cash,Cash,Cash,0,bps,100.0,20276.894027153514,100.0,0.0,0.0,0.0,0.0,0,0.0,3652,-20176.894027153514
BTC,11,False,11:00-23:00,23:00-11:00,1,2,Night Cash / Day Long,Cash,Long,0,bps,100.0,20276.894027153514,29454.46216318477,0.0018871515473804625,0.491844715299492,1.4004629781870104,-0.5557886976357602,7303,7303.0,3652,9177.568136031256
BTC,11,False,11:00-23:00,23:00-11:00,2,3,Night Cash / Day Short,Cash,Short,0,bps,100.0,20276.894027153514,0.02954773604575104,-0.001887151547380462,0.49184471529949203,-1.40046297818701,-0.9997624499397639,7303,7303.0,3652,-20276.86447941747
BTC,11,False,11:00-23:00,23:00-11:00,3,4,Night Cash / Day Momentum,Cash,Momentum,0,bps,100.0,20276.894027153514,2.136355609266523,-0.0007155048669860554,0.49297519038703835,-0.5297615002590134,-0.9893162106381563,7301,7301.0,3652,-20274.75767154425
BTC,11,False,11:00-23:00,23:00-11:00,4,5,Night Cash / Day Reversal,Cash,Reversal,0,bps,100.0,20276.894027153514,407.38200924043326,0.0007155048669860558,0.49297519038703835,0.5297615002590137,-0.6848226032722459,7301,7301.0,3652,-19869.51201791308
BTC,11,False,11:00-23:00,23:00-11:00,5,6,Night Long / Day Cash,Long,Cash,0,bps,100.0,20276.894027153514,68.72059735928079,0.00016462973497188146,0.44018483693083915,0.13651050246007884,-0.9471282711341326,7304,7304.0,3652,-20208.173429794235
BTC,11,False,11:00-23:00,23:00-11:00,6,7,Night Long / Day Long,Long,Long,0,bps,100.0,20276.894027153514,20241.28234750389,0.002059150232316516,0.6637604887859752,1.1323208408656469,-0.8375885656890454,1,1.0,3652,-35.61167964962442
BTC,11,False,11:00-23:00,23:00-11:00,7,8,Night Long / Day Short,Long,Short,0,bps,100.0,20276.894027153514,0.020305380716783596,-0.0017298907623727528,0.6538883159612806,-0.9656238119774617,-0.9999107460269283,7304,14607.0,3652,-20276.873721772798
BTC,11,False,11:00-23:00,23:00-11:00,8,9,Night Long / Day Momentum,Long,Momentum,0,bps,100.0,20276.894027153514,1.4681163364064551,-0.0005008783715760575,0.6842985274432828,-0.26716498471555433,-0.9975030749439193,3275,6547.0,3652,-20275.425910817106
BTC,11,False,11:00-23:00,23:00-11:00,9,10,Night Long / Day Reversal,Long,Reversal,0,bps,100.0,20276.894027153514,279.95535028426576,0.0008301378415198206,0.6341772907766559,0.4777848664111893,-0.9076760781976758,4032,8061.0,3652,-19996.93867686925
BTC,11,False,11:00-23:00,23:00-11:00,10,11,Night Short / Day Cash,Short,Cash,0,bps,100.0,20276.894027153514,20.820270984792653,-0.00016462973497188114,0.44018483693083915,-0.1365105024600786,-0.920825276529046,7304,7304.0,3652,-20256.07375616872
BTC,11,False,11:00-23:00,23:00-11:00,11,12,Night Short / Day Long,Short,Long,0,bps,100.0,20276.894027153514,6132.498839488298,0.0017151528624444101,0.6589578581552398,0.9500316098282675,-0.7917610545364682,7304,14607.0,3652,-14144.395187665217
BTC,11,False,11:00-23:00,23:00-11:00,12,13,Night Short / Day Short,Short,Short,0,bps,100.0,20276.894027153514,0.006151918714596674,-0.0020444123323881706,0.6647053420794908,-1.1226184808252142,-0.9999609994906395,1,1.0,3652,-20276.8878752348
BTC,11,False,11:00-23:00,23:00-11:00,13,14,Night Short / Day Momentum,Short,Momentum,0,bps,100.0,20276.894027153514,0.44479502704810864,-0.0009301313623960531,0.6316328059142642,-0.5374925812840723,-0.9978486850716767,4032,8061.0,3652,-20276.449232126466
BTC,11,False,11:00-23:00,23:00-11:00,14,15,Night Short / Day Reversal,Short,Reversal,0,bps,100.0,20276.894027153514,84.81803826715118,0.0006008718924522925,0.6922795250359416,0.3168059039933331,-0.9301296300992425,3275,6547.0,3652,-20192.07598888636
BTC,11,False,11:00-23:00,23:00-11:00,15,16,Night Momentum / Day Cash,Momentum,Cash,0,bps,100.0,20276.894027153514,61.91736654541398,0.00013279524613002232,0.4401884665091316,0.11011252798567504,-0.8272243085553149,7302,7302.0,3652,-20214.9766606081
BTC,11,False,11:00-23:00,23:00-11:00,16,17,Night Momentum / Day Long,Momentum,Long,0,bps,100.0,20276.894027153514,18237.427301559514,0.002008734855648011,0.6575416011417896,1.1150446162469076,-0.8857020911892277,3627,7253.0,3652,-2039.4667255940003
BTC,11,False,11:00-23:00,23:00-11:00,17,18,Night Momentum / Day Short,Momentum,Short,0,bps,100.0,20276.894027153514,0.018295180033319255,-0.0017431443633879663,0.6681292881872996,-0.9522822960849542,-0.9998559986862663,3677,7353.0,3652,-20276.87573197348
BTC,11,False,11:00-23:00,23:00-11:00,18,19,Night Momentum / Day Momentum,Momentum,Momentum,0,bps,100.0,20276.894027153514,1.3227751333030757,-0.0005974415554222916,0.6528680737975586,-0.3340126075712417,-0.9928571722036424,3747,7493.0,3652,-20275.57125202021
BTC,11,False,11:00-23:00,23:00-11:00,19,20,Night Momentum / Day Reversal,Momentum,Reversal,0,bps,100.0,20276.894027153514,252.24021190147195,0.0008630320476823368,0.6743153931512308,0.467150387791022,-0.906204856169957,3556,7111.0,3652,-20024.65381525204
BTC,11,False,11:00-23:00,23:00-11:00,20,21,Night Reversal / Day Cash,Reversal,Cash,0,bps,100.0,20276.894027153514,23.10797893838742,-0.00013279524613002194,0.4401884665091317,-0.11011252798567471,-0.9294697423542263,7302,7302.0,3652,-20253.786048215126
BTC,11,False,11:00-23:00,23:00-11:00,21,22,Night Reversal / Day Long,Reversal,Long,0,bps,100.0,20276.894027153514,6806.330913083998,0.0017655682391129151,0.6651712353173076,0.9688218206982439,-0.6283968205421385,3677,7353.0,3652,-13470.563114069515
BTC,11,False,11:00-23:00,23:00-11:00,22,23,Night Reversal / Day Short,Reversal,Short,0,bps,100.0,20276.894027153514,0.006827884622222413,-0.0020311587313729573,0.6503912428930186,-1.1398876369451305,-0.9999586017331239,3627,7253.0,3652,-20276.88719926889
BTC,11,False,11:00-23:00,23:00-11:00,23,24,Night Reversal / Day Momentum,Reversal,Momentum,0,bps,100.0,20276.894027153514,0.4936686042383641,-0.0008335681785498187,0.6640863569210492,-0.4581518382357842,-0.9983421500629603,3556,7111.0,3652,-20276.400358549276
BTC,11,False,11:00-23:00,23:00-11:00,24,25,Night Reversal / Day Reversal,Reversal,Reversal,0,bps,100.0,20276.894027153514,94.13774889405886,0.0005679776862897763,0.6532409260961842,0.31735895167297495,-0.8672181149428126,3747,7493.0,3652,-20182.756278259454
BTC,11,False,11:00-23:00,23:00-11:00,0,1,Night Cash / Day Cash,Cash,Cash,1,bps,100.0,20276.894027153514,100.0,0.0,0.0,0.0,0.0,0,0.0,3652,-20176.894027153514
BTC,11,False,11:00-23:00,23:00-11:00,1,2,Night Cash / Day Long,Cash,Long,1,bps,100.0,20276.894027153514,14189.59426531952,0.0016868115274608466,0.49174632283225805,1.2520402877180814,-0.5798196122595022,7303,7303.0,3652,-6087.299761833994
BTC,11,False,11:00-23:00,23:00-11:00,2,3,Night Cash / Day Short,Cash,Short,1,bps,100.0,20276.894027153514,0.014234528664115549,-0.0020867367684246556,0.4917463817237352,-1.5488856629816583,-0.9998826024672465,7303,7303.0,3652,-20276.879792624848
BTC,11,False,11:00-23:00,23:00-11:00,3,4,Night Cash / Day Momentum,Cash,Momentum,1,bps,100.0,20276.894027153514,1.029388445368761,-0.0009152698156005293,0.4928765136079377,-0.6778036150449125,-0.9942500186996066,7301,7301.0,3652,-20275.864638708146
BTC,11,False,11:00-23:00,23:00-11:00,4,5,Night Cash / Day Reversal,Cash,Reversal,1,bps,100.0,20276.894027153514,196.29425519995073,0.0005154540981854611,0.4928766987164988,0.3817197005409892,-0.7400664532611754,7301,7301.0,3652,-20080.599771953563
BTC,11,False,11:00-23:00,23:00-11:00,5,6,Night Long / Day Cash,Long,Cash,1,bps,100.0,20276.894027153514,33.10262048097498,-3.539318932879628e-05,0.4400968043653014,-0.02935380120208202,-0.962205938620799,7304,7304.0,3652,-20243.79140667254
BTC,11,False,11:00-23:00,23:00-11:00,6,7,Night Long / Day Long,Long,Long,1,bps,100.0,20276.894027153514,20239.258219269297,0.0020591227937519735,0.6637604895837999,1.1323057511162438,-0.8375885656890454,1,1.0,3652,-37.635807884216774
BTC,11,False,11:00-23:00,23:00-11:00,7,8,Night Long / Day Short,Long,Short,1,bps,100.0,20276.894027153514,0.004711657827166278,-0.002129131466223475,0.6536268320642433,-1.1889551454264442,-0.99997388361123,7304,14607.0,3652,-20276.889315495686
BTC,11,False,11:00-23:00,23:00-11:00,8,9,Night Long / Day Momentum,Long,Momentum,1,bps,100.0,20276.894027153514,0.7627802565611821,-0.0006797701629897604,0.684324582857524,-0.3625707971138605,-0.9984706986903767,3275,6547.0,3652,-20276.13124689695
BTC,11,False,11:00-23:00,23:00-11:00,9,10,Night Long / Day Reversal,Long,Reversal,1,bps,100.0,20276.894027153514,125.01697416917527,0.0006093184279807799,0.6340959822567529,0.35073747892465235,-0.9338516062233155,4032,8061.0,3652,-20151.87705298434
BTC,11,False,11:00-23:00,23:00-11:00,10,11,Night Short / Day Cash,Short,Cash,1,bps,100.0,20276.894027153514,10.029096882225668,-0.0003645868106711634,0.4400968043653014,-0.3023748061222382,-0.9311624002039448,7304,7304.0,3652,-20266.864930271287
BTC,11,False,11:00-23:00,23:00-11:00,11,12,Night Short / Day Long,Short,Long,1,bps,100.0,20276.894027153514,1422.984210942716,0.0013145342143865576,0.6586942582673265,0.728418355297653,-0.8022187288420934,7304,14607.0,3652,-18853.9098162108
BTC,11,False,11:00-23:00,23:00-11:00,12,13,Night Short / Day Short,Short,Short,1,bps,100.0,20276.894027153514,0.006151303522725186,-0.0020444396583750458,0.6647053429865073,-1.122633484416025,-0.9999609994906395,1,1.0,3652,-20276.887875849992
BTC,11,False,11:00-23:00,23:00-11:00,13,14,Night Short / Day Momentum,Short,Momentum,1,bps,100.0,20276.894027153514,0.19862784672837488,-0.0011507243440376576,0.6314593100575866,-0.6651487734584851,-0.998983053693433,4032,8061.0,3652,-20276.695399306787
BTC,11,False,11:00-23:00,23:00-11:00,14,15,Night Short / Day Reversal,Short,Reversal,1,bps,100.0,20276.894027153514,44.06839116632686,0.000421216473802589,0.6920015425982691,0.2221729338357829,-0.9374960018439401,3275,6547.0,3652,-20232.82563598719
BTC,11,False,11:00-23:00,23:00-11:00,15,16,Night Momentum / Day Cash,Momentum,Cash,1,bps,100.0,20276.894027153514,29.83147923075534,-6.716654981686013e-05,0.4401004317275798,-0.05570499121511681,-0.9001026875653477,7302,7302.0,3652,-20247.06254792276
BTC,11,False,11:00-23:00,23:00-11:00,16,17,Night Momentum / Day Long,Momentum,Long,1,bps,100.0,20276.894027153514,8829.544192573992,0.0018098699986569362,0.6574907918092633,1.004732777613441,-0.8994559989270069,3627,7253.0,3652,-11447.349834579521
BTC,11,False,11:00-23:00,23:00-11:00,17,18,Night Momentum / Day Short,Momentum,Short,1,bps,100.0,20276.894027153514,0.008769362424963916,-0.0019440625635551304,0.6680346756664601,-1.0621946158554,-0.9999298279184577,3677,7353.0,3652,-20276.885257791087
BTC,11,False,11:00-23:00,23:00-11:00,18,19,Night Momentum / Day Momentum,Momentum,Momentum,1,bps,100.0,20276.894027153514,0.6252254141846995,-0.000802332165634528,0.6528354623531154,-0.4485835365024961,-0.9958618279331989,3747,7493.0,3652,-20276.26880173933
BTC,11,False,11:00-23:00,23:00-11:00,19,20,Night Momentum / Day Reversal,Momentum,Reversal,1,bps,100.0,20276.894027153514,123.86728879624107,0.0006680994906456901,0.674147717378387,0.36172534268005935,-0.9266025965343431,3556,7111.0,3652,-20153.026738357272
BTC,11,False,11:00-23:00,23:00-11:00,20,21,Night Reversal / Day Cash,Reversal,Cash,1,bps,100.0,20276.894027153514,11.133309315725066,-0.0003327039266343591,0.44010044379079777,-0.27593004036884416,-0.9503139461025067,7302,7302.0,3652,-20265.760717837788
BTC,11,False,11:00-23:00,23:00-11:00,21,22,Night Reversal / Day Long,Reversal,Long,1,bps,100.0,20276.894027153514,3262.4539606807543,0.001563841703913513,0.6650199128080614,0.8583235042063734,-0.6357557850851365,3677,7353.0,3652,-17014.44006647276
BTC,11,False,11:00-23:00,23:00-11:00,22,23,Night Reversal / Day Short,Reversal,Short,1,bps,100.0,20276.894027153514,0.0033056805664993315,-0.0022294537374806557,0.6502129973635623,-1.251513915409224,-0.999978893698439,3627,7253.0,3652,-20276.890721472948
BTC,11,False,11:00-23:00,23:00-11:00,23,24,Night Reversal / Day Momentum,Reversal,Momentum,1,bps,100.0,20276.894027153514,0.24242523073488556,-0.0010280528178441498,0.6639861329347772,-0.5651311976269452,-0.9990960119194322,3556,7111.0,3652,-20276.65160192278
BTC,11,False,11:00-23:00,23:00-11:00,24,25,Night Reversal / Day Reversal,Reversal,Reversal,1,bps,100.0,20276.894027153514,44.49532770980631,0.00036254493468641915,0.6530371722313506,0.20263609299358995,-0.8709364421346275,3747,7493.0,3652,-20232.398699443707
BTC,11,False,11:00-23:00,23:00-11:00,0,1,Night Cash / Day Cash,Cash,Cash,2,bps,100.0,20276.894027153514,100.0,0.0,0.0,0.0,0.0,0,0.0,3652,-20176.894027153514
BTC,11,False,11:00-23:00,23:00-11:00,1,2,Night Cash / Day Long,Cash,Long,2,bps,100.0,20276.894027153514,6835.292992269569,0.0014864915398054093,0.4916479422416397,1.1035730355244877,-0.6310852833236891,7303,7303.0,3652,-13441.601034883945
BTC,11,False,11:00-23:00,23:00-11:00,2,3,Night Cash / Day Short,Cash,Short,2,bps,100.0,20276.894027153514,0.006856938416053958,-0.0022863020326859334,0.4916480600092509,-1.6973528623598426,-0.9999420975400446,7303,7303.0,3652,-20276.887170215097
BTC,11,False,11:00-23:00,23:00-11:00,3,4,Night Cash / Day Momentum,Cash,Momentum,2,bps,100.0,20276.894027153514,0.4959676141248891,-0.0011150147894412577,0.4927778568196314,-0.8258901907092462,-0.9969055701792338,7301,7301.0,3652,-20276.398059539388
BTC,11,False,11:00-23:00,23:00-11:00,4,5,Night Cash / Day Reversal,Cash,Reversal,2,bps,100.0,20276.894027153514,94.57614747469323,0.00031542333270531155,0.4927782270483047,0.23363352948252947,-0.7884198210615387,7301,7301.0,3652,-20182.31787967882
BTC,11,False,11:00-23:00,23:00-11:00,5,6,Night Long / Day Cash,Long,Cash,2,bps,100.0,20276.894027153514,15.944323473607632,-0.00023539611033687293,0.4400087806034603,-0.19526787659810377,-0.9732653229443964,7304,7304.0,3652,-20260.949703679908
BTC,11,False,11:00-23:00,23:00-11:00,6,7,Night Long / Day Long,Long,Long,2,bps,100.0,20276.894027153514,20237.23409103435,0.0020590953551874315,0.663760491893566,1.1322906587876982,-0.8375885656890456,1,1.0,3652,-39.65993611916565
BTC,11,False,11:00-23:00,23:00-11:00,7,8,Night Long / Day Short,Long,Short,2,bps,100.0,20276.894027153514,0.0010929729877403127,-0.0025282923194312676,0.6533654019925412,-1.4124205135106733,-0.9999923600253526,7304,14607.0,3652,-20276.892934180527
BTC,11,False,11:00-23:00,23:00-11:00,8,9,Night Long / Day Momentum,Long,Momentum,2,bps,100.0,20276.894027153514,0.39626118995874776,-0.0008586466148445018,0.6843607928639907,-0.4579543680558702,-0.9990634347966733,3275,6547.0,3652,-20276.497765963555
BTC,11,False,11:00-23:00,23:00-11:00,9,10,Night Long / Day Reversal,Long,Reversal,2,bps,100.0,20276.894027153514,55.818628691892236,0.0003885226725838057,0.6340256619410811,0.2236672488285928,-0.9564819850279176,4032,8061.0,3652,-20221.07539846162
BTC,11,False,11:00-23:00,23:00-11:00,10,11,Night Short / Day Cash,Short,Cash,2,bps,100.0,20276.894027153514,4.830649734520541,-0.0005645238896630371,0.4400087806034603,-0.4682888815182614,-0.9639925830238052,7304,7304.0,3652,-20272.063377418992
BTC,11,False,11:00-23:00,23:00-11:00,11,12,Night Short / Day Long,Short,Long,2,bps,100.0,20276.894027153514,330.09258345839714,0.0009139956926009492,0.6584307126267268,0.506672033065495,-0.8343269424606319,7304,14607.0,3652,-19946.801443695116
BTC,11,False,11:00-23:00,23:00-11:00,12,13,Night Short / Day Short,Short,Short,2,bps,100.0,20276.894027153514,0.006150688330853686,-0.0020444669843619214,0.6647053453909524,-1.1226484854777257,-0.9999609994906395,1,1.0,3652,-20276.88787646518
BTC,11,False,11:00-23:00,23:00-11:00,13,14,Night Short / Day Momentum,Short,Momentum,2,bps,100.0,20276.894027153514,0.08868502935767617,-0.0013712936363601224,0.6312968952309295,-0.7928475192141611,-0.9995193522041151,4032,8061.0,3652,-20276.805342124157
BTC,11,False,11:00-23:00,23:00-11:00,14,15,Night Short / Day Reversal,Short,Reversal,2,bps,100.0,20276.894027153514,22.893347032685675,0.0002415764839661127,0.6917336471184016,0.12747018598119236,-0.9440869897383148,3275,6547.0,3652,-20254.00068012083
BTC,11,False,11:00-23:00,23:00-11:00,15,16,Night Momentum / Day Cash,Momentum,Cash,2,bps,100.0,20276.894027153514,14.371608651452311,-0.0002671083485842849,0.4400124148351663,-0.22157226465936547,-0.9438415083537502,7302,7302.0,3652,-20262.522418502063
BTC,11,False,11:00-23:00,23:00-11:00,16,17,Night Momentum / Day Long,Momentum,Long,2,bps,100.0,20276.894027153514,4274.152128715779,0.0016110449131355536,0.657462298892066,0.8943956091252812,-0.9115571145672758,3627,7253.0,3652,-16002.741898437735
BTC,11,False,11:00-23:00,23:00-11:00,17,18,Night Momentum / Day Short,Momentum,Short,2,bps,100.0,20276.894027153514,0.004202768440107567,-0.0021449405815380934,0.66796188230686,-1.172077828090406,-0.9999658099445322,3677,7353.0,3652,-20276.889824385074
BTC,11,False,11:00-23:00,23:00-11:00,18,19,Night Momentum / Day Momentum,Momentum,Momentum,2,bps,100.0,20276.894027153514,0.29547593711829506,-0.0010072022323475175,0.652813764937037,-0.5631450109546957,-0.9976643395125384,3747,7493.0,3652,-20276.598551216397
BTC,11,False,11:00-23:00,23:00-11:00,19,20,Night Momentum / Day Reversal,Momentum,Reversal,2,bps,100.0,20276.894027153514,60.81870316117496,0.0004731854133675464,0.6739906113920041,0.2562538304835553,-0.9425672339840699,3556,7111.0,3652,-20216.07532399234
BTC,11,False,11:00-23:00,23:00-11:00,20,21,Night Reversal / Day Cash,Reversal,Cash,2,bps,100.0,20276.894027153514,5.363581310986832,-0.0005325926152710468,0.4400124389603949,-0.44179729335203977,-0.9649991714220023,7302,7302.0,3652,-20271.530445842527
BTC,11,False,11:00-23:00,23:00-11:00,21,22,Night Reversal / Day Long,Reversal,Long,2,bps,100.0,20276.894027153514,1563.5502193660666,0.0013621555125766837,0.6648906769886878,0.7477721966899357,-0.6429704466312096,3677,7353.0,3652,-18713.34380778745
BTC,11,False,11:00-23:00,23:00-11:00,22,23,Night Reversal / Day Short,Reversal,Short,2,bps,100.0,20276.894027153514,0.0016001937724079225,-0.0024277090860954347,0.650057172621903,-1.3631321270571222,-0.9999892407106696,3627,7253.0,3652,-20276.89242695974
BTC,11,False,11:00-23:00,23:00-11:00,23,24,Night Reversal / Day Momentum,Reversal,Momentum,2,bps,100.0,20276.894027153514,0.11903052282913876,-0.0012225189827125287,0.6638966703604413,-0.6721218054125989,-0.9995071355443172,3556,7111.0,3652,-20276.774996630684
BTC,11,False,11:00-23:00,23:00-11:00,24,25,Night Reversal / Day Reversal,Reversal,Reversal,2,bps,100.0,20276.894027153514,21.02809379491541,0.00015713277932695018,0.6528443431325015,0.0878516679475866,-0.8819496592503409,3747,7493.0,3652,-20255.8659333586
ETH,0,False,00:00-12:00,12:00-00:00,0,1,Night Cash / Day Cash,Cash,Cash,0,bps,100.0,318302.04869677144,100.0,0.0,0.0,0.0,0.0,0,0.0,3652,-318202.04869677144
ETH,0,False,00:00-12:00,12:00-00:00,1,2,Night Cash / Day Long,Cash,Long,0,bps,100.0,318302.04869677144,147.9971351965194,0.0006968690089931844,0.6536754062826895,0.3891184918964391,-0.9569540051732159,7303,7303.0,3652,-318154.0515615749
ETH,0,False,00:00-12:00,12:00-00:00,2,3,Night Cash / Day Short,Cash,Short,0,bps,100.0,318302.04869677144,0.9130598674006354,-0.0006968690089931845,0.6536754062826895,-0.3891184918964392,-0.991576802378487,7303,7303.0,3652,-318301.13563690404
ETH,0,False,00:00-12:00,12:00-00:00,3,4,Night Cash / Day Momentum,Cash,Momentum,0,bps,100.0,318302.04869677144,3.8549892677856397,-0.0003082371389351648,0.6534141391252475,-0.17218261585516392,-0.9928374842474227,7295,7295.0,3652,-318298.19370750367
ETH,0,False,00:00-12:00,12:00-00:00,4,5,Night Cash / Day Reversal,Cash,Reversal,0,bps,100.0,318302.04869677144,35.22386406699282,0.0003082371389351648,0.6534141391252475,0.17218261585516392,-0.9648273964548117,7295,7295.0,3652,-318266.82483270444
ETH,0,False,00:00-12:00,12:00-00:00,5,6,Night Long / Day Cash,Long,Cash,0,bps,100.0,318302.04869677144,219527.83577707113,0.002810630090603345,0.7206260482696948,1.423595477201352,-0.6819004618179525,7304,7304.0,3652,-98774.21291970031
ETH,0,False,00:00-12:00,12:00-00:00,6,7,Night Long / Day Long,Long,Long,0,bps,100.0,318302.04869677144,324894.90790898557,0.0035525620161558995,0.9923836291159863,1.3066369676533138,-0.9394954585493355,1,1.0,3652,6592.859212214127
ETH,0,False,00:00-12:00,12:00-00:00,7,8,Night Long / Day Short,Long,Short,0,bps,100.0,318302.04869677144,2004.4205662536217,0.002068698165050792,0.9500175191997101,0.7948009536493708,-0.8991569250007352,7304,14607.0,3652,-316297.62813051784
ETH,0,False,00:00-12:00,12:00-00:00,8,9,Night Long / Day Momentum,Long,Momentum,0,bps,100.0,318302.04869677144,8462.774509008173,0.0025317454888006304,0.982599398002475,0.940451526116142,-0.9540562302608363,3647,7285.0,3652,-309839.2741877633
ETH,0,False,00:00-12:00,12:00-00:00,9,10,Night Long / Day Reversal,Long,Reversal,0,bps,100.0,318302.04869677144,77326.18646332754,0.0030895146924060607,0.9598807023302998,1.1748052231809263,-0.8811312469678062,3666,7323.0,3652,-240975.86223344388
ETH,0,False,00:00-12:00,12:00-00:00,10,11,Night Short / Day Cash,Short,Cash,0,bps,100.0,318302.04869677144,0.0002357446652711353,-0.002810630090603345,0.7206260482696948,-1.423595477201352,-0.9999983435735382,7304,7304.0,3652,-318302.04846102674
ETH,0,False,00:00-12:00,12:00-00:00,11,12,Night Short / Day Long,Short,Long,0,bps,100.0,318302.04869677144,0.00034889535097990286,-0.00215882399816953,0.9650309163910331,-0.816523850115275,-0.9999993724573729,7304,14607.0,3652,-318302.0483478761
ETH,0,False,00:00-12:00,12:00-00:00,12,13,Night Short / Day Short,Short,Short,0,bps,100.0,318302.04869677144,2.1524899281287054e-06,-0.003462436183037159,0.9873660150274391,-1.279960204801501,-0.9999999845134544,1,1.0,3652,-318302.048694619
ETH,0,False,00:00-12:00,12:00-00:00,13,14,Night Short / Day Momentum,Short,Momentum,0,bps,100.0,318302.04869677144,9.087931545579345e-06,-0.0031482197666709596,0.9646641672445285,-1.1911919752520668,-0.9999999619647456,3666,7323.0,3652,-318302.04868768353
ETH,0,False,00:00-12:00,12:00-00:00,14,15,Night Short / Day Reversal,Short,Reversal,0,bps,100.0,318302.04869677144,8.303838044029208e-05,-0.00247304041453573,0.9872738387657517,-0.9142952196869805,-0.9999994207558855,3647,7285.0,3652,-318302.04861373303
ETH,0,False,00:00-12:00,12:00-00:00,15,16,Night Momentum / Day Cash,Momentum,Cash,0,bps,100.0,318302.04869677144,2.4734156781705923,-0.00028554977112177897,0.7225624944327786,-0.1442445010120099,-0.981656345467367,7298,7298.0,3652,-318299.57528109325
ETH,0,False,00:00-12:00,12:00-00:00,16,17,Night Momentum / Day Long,Momentum,Long,0,bps,100.0,318302.04869677144,3.660584345194039,0.0003769187791124282,0.9699347259279456,0.1418398070493008,-0.9952932509776568,3517,7029.0,3652,-318298.38811242627
ETH,0,False,00:00-12:00,12:00-00:00,17,18,Night Momentum / Day Short,Momentum,Short,0,bps,100.0,318302.04869677144,0.022583765911370835,-0.0009480183213559857,0.9854999292391267,-0.35111792200948305,-0.9998325040461683,3791,7577.0,3652,-318302.02611300553
ETH,0,False,00:00-12:00,12:00-00:00,18,19,Night Momentum / Day Momentum,Momentum,Momentum,0,bps,100.0,318302.04869677144,0.09534990894120292,-0.000657635344168416,0.9534392870839995,-0.25175897812602327,-0.9995688567768681,3774,7537.0,3652,-318301.9533468625
ETH,0,False,00:00-12:00,12:00-00:00,19,20,Night Momentum / Day Reversal,Momentum,Reversal,0,bps,100.0,318302.04869677144,0.871232576290496,8.653580192485879e-05,1.0011627499130933,0.03154888424016501,-0.9978910357344726,3539,7067.0,3652,-318301.1774641951
ETH,0,False,00:00-12:00,12:00-00:00,20,21,Night Reversal / Day Cash,Reversal,Cash,0,bps,100.0,318302.04869677144,20.936008851976805,0.0002855497711217792,0.7225624944327786,0.14424450101200997,-0.9790130513723073,7298,7298.0,3652,-318281.11268791946
ETH,0,False,00:00-12:00,12:00-00:00,21,22,Night Reversal / Day Long,Reversal,Long,0,bps,100.0,318302.04869677144,30.984693325415407,0.0010168192388739414,0.9905024258230205,0.37469774178554344,-0.9981803214870308,3791,7577.0,3652,-318271.064003446
ETH,0,False,00:00-12:00,12:00-00:00,22,23,Night Reversal / Day Short,Reversal,Short,0,bps,100.0,318302.04869677144,0.19115829466284576,-0.0004457196966303815,0.9547963936722,-0.17038992852118276,-0.9982421320906123,3517,7029.0,3652,-318301.85753847676
ETH,0,False,00:00-12:00,12:00-00:00,23,24,Night Reversal / Day Momentum,Reversal,Momentum,0,bps,100.0,318302.04869677144,0.8070808943463591,4.116106629808705e-05,0.9963495671402494,0.015078833467979995,-0.9996965408444469,3539,7067.0,3652,-318301.2416158771
ETH,0,False,00:00-12:00,12:00-00:00,24,25,Night Reversal / Day Reversal,Reversal,Reversal,0,bps,100.0,318302.04869677144,7.374471299073913,0.0005299384759454725,0.9482864889221024,0.2039758511586119,-0.9884722902983779,3774,7537.0,3652,-318294.6742254724
ETH,0,False,00:00-12:00,12:00-00:00,0,1,Night Cash / Day Cash,Cash,Cash,1,bps,100.0,318302.04869677144,100.0,0.0,0.0,0.0,0.0,0,0.0,3652,-318202.04869677144
ETH,0,False,00:00-12:00,12:00-00:00,1,2,Night Cash / Day Long,Cash,Long,1,bps,100.0,318302.04869677144,71.29715318628547,0.0004967673992065289,0.653544881490096,0.27744093151945337,-0.9693610131006429,7303,7303.0,3652,-318230.75154358515
ETH,0,False,00:00-12:00,12:00-00:00,2,3,Night Cash / Day Short,Cash,Short,1,bps,100.0,318302.04869677144,0.4398637118743571,-0.0008966926401703371,0.6535444810366376,-0.5007965381989432,-0.9958531289383412,7303,7303.0,3652,-318301.60883305955
ETH,0,False,00:00-12:00,12:00-00:00,3,4,Night Cash / Day Momentum,Cash,Momentum,1,bps,100.0,318302.04869677144,1.8586152953483477,-0.0005079194436735687,0.6532834948530026,-0.2837827656775071,-0.9953929118998853,7295,7295.0,3652,-318300.1900814761
ETH,0,False,00:00-12:00,12:00-00:00,4,5,Night Cash / Day Reversal,Cash,Reversal,1,bps,100.0,318302.04869677144,16.98256673845173,0.0001084322804753683,0.6532838206823002,0.06058282957654416,-0.9715668182258539,7295,7295.0,3652,-318285.066130033
ETH,0,False,00:00-12:00,12:00-00:00,5,6,Night Long / Day Cash,Long,Cash,1,bps,100.0,318302.04869677144,105746.2669415648,0.0026100779926915467,0.7204819302663014,1.3222794733801162,-0.7290774175895729,7304,7304.0,3652,-212555.78175520664
ETH,0,False,00:00-12:00,12:00-00:00,6,7,Night Long / Day Long,Long,Long,1,bps,100.0,318302.04869677144,324862.41841819877,0.0035525336608356727,0.9923832960022427,1.306626977125268,-0.9394954585493355,1,1.0,3652,6560.369721427327
ETH,0,False,00:00-12:00,12:00-00:00,7,8,Night Long / Day Short,Long,Short,1,bps,100.0,318302.04869677144,465.10548024917995,0.0016679383470050069,0.9496376068843264,0.6410840222032023,-0.9419380590367583,7304,14607.0,3652,-317836.9432165223
ETH,0,False,00:00-12:00,12:00-00:00,8,9,Night Long / Day Momentum,Long,Momentum,1,bps,100.0,318302.04869677144,4084.111743818784,0.0023321546309839143,0.9825536117880963,0.8663511386009862,-0.9652635249849627,3647,7285.0,3652,-314217.93695295264
ETH,0,False,00:00-12:00,12:00-00:00,9,10,Night Long / Day Reversal,Long,Reversal,1,bps,100.0,318302.04869677144,37175.854112962654,0.0028884039474361247,0.9597059111987062,1.0985317778207375,-0.8888352563691281,3666,7323.0,3652,-281126.19458380877
ETH,0,False,00:00-12:00,12:00-00:00,10,11,Night Short / Day Cash,Short,Cash,1,bps,100.0,318302.04869677144,0.00011355789217147995,-0.0030100579926915032,0.7204819302663014,-1.524911481022588,-0.9999991881771352,7304,7304.0,3652,-318302.04858321353
ETH,0,False,00:00-12:00,12:00-00:00,11,12,Night Short / Day Long,Short,Long,1,bps,100.0,318302.04869677144,8.095763060219956e-05,-0.002557893396031448,0.9646448835397989,-0.9678495221220536,-0.9999998070379255,7304,14607.0,3652,-318302.0486158138
ETH,0,False,00:00-12:00,12:00-00:00,12,13,Night Short / Day Short,Short,Short,1,bps,100.0,318302.04869677144,2.152274679135896e-06,-0.003462462608428464,0.9873663231234112,-1.279969574087273,-0.999999984515003,1,1.0,3652,-318302.04869461915
ETH,0,False,00:00-12:00,12:00-00:00,13,14,Night Short / Day Momentum,Short,Momentum,1,bps,100.0,318302.04869677144,4.369174697206586e-06,-0.0033481085081349627,0.9644768687153832,-1.2670698957217714,-0.9999999786669891,3666,7323.0,3652,-318302.04869240226
ETH,0,False,00:00-12:00,12:00-00:00,14,15,Night Short / Day Reversal,Short,Reversal,1,bps,100.0,318302.04869677144,4.007409442173971e-05,-0.002672391679919755,0.9869404451633841,-0.9883301144976717,-0.999999715522853,3647,7285.0,3652,-318302.0486566973
ETH,0,False,00:00-12:00,12:00-00:00,15,16,Night Momentum / Day Cash,Momentum,Cash,1,bps,100.0,318302.04869677144,1.1921561621591734,-0.00048531837869991907,0.7224180211587773,-0.24520596529600872,-0.9907525349494422,7298,7298.0,3652,-318300.85654060927
ETH,0,False,00:00-12:00,12:00-00:00,16,17,Night Momentum / Day Long,Momentum,Long,1,bps,100.0,318302.04869677144,1.8124010578023053,0.0001851819967580001,0.9700303662909953,0.0696797040231971,-0.997314300183137,3517,7029.0,3652,-318300.23629571364
ETH,0,False,00:00-12:00,12:00-00:00,17,18,Night Momentum / Day Short,Momentum,Short,1,bps,100.0,318302.04869677144,0.010585186995937646,-0.0011556168333513223,0.9852097074532228,-0.4281323468316104,-0.9999199712968337,3791,7577.0,3652,-318302.03811158444
ETH,0,False,00:00-12:00,12:00-00:00,18,19,Night Momentum / Day Momentum,Momentum,Momentum,1,bps,100.0,318302.04869677144,0.04487038732054734,-0.0008635813582098105,0.9533891855963378,-0.33061754895973683,-0.9997869408344305,3774,7537.0,3652,-318302.00382638414
ETH,0,False,00:00-12:00,12:00-00:00,19,20,Night Momentum / Day Reversal,Momentum,Reversal,1,bps,100.0,318302.04869677144,0.4297219359551071,-0.00010705940027694864,1.000920152269396,-0.03904075765932708,-0.9984147082437115,3539,7067.0,3652,-318301.6189748355
ETH,0,False,00:00-12:00,12:00-00:00,20,21,Night Reversal / Day Cash,Reversal,Cash,1,bps,100.0,318302.04869677144,10.090900686116639,8.56669493461836e-05,0.7224179737512876,0.04328302678986506,-0.9874205362394708,7298,7298.0,3652,-318291.95779608533
ETH,0,False,00:00-12:00,12:00-00:00,21,22,Night Reversal / Day Long,Reversal,Long,1,bps,100.0,318302.04869677144,14.522767112820839,0.0008095127652184191,0.9904688371851276,0.29831545245223756,-0.9988861630373259,3791,7577.0,3652,-318287.5259296586
ETH,0,False,00:00-12:00,12:00-00:00,22,23,Night Reversal / Day Short,Reversal,Short,1,bps,100.0,318302.04869677144,0.09464486070632036,-0.000638852430504613,0.9543084547049513,-0.24434566830519971,-0.9991206458748356,3517,7029.0,3652,-318301.9540519107
ETH,0,False,00:00-12:00,12:00-00:00,23,24,Night Reversal / Day Momentum,Reversal,Momentum,1,bps,100.0,318302.04869677144,0.39808011526333376,-0.00015226215997360228,0.9961700628405016,-0.055789358126156756,-0.999820496526921,3539,7067.0,3652,-318301.6506166562
ETH,0,False,00:00-12:00,12:00-00:00,24,25,Night Reversal / Day Reversal,Reversal,Reversal,1,bps,100.0,318302.04869677144,3.470327210042224,0.00032318038934466274,0.9480175298700421,0.12442896718056724,-0.9904710486601086,3774,7537.0,3652,-318298.5783695614
ETH,0,False,00:00-12:00,12:00-00:00,0,1,Night Cash / Day Cash,Cash,Cash,2,bps,100.0,318302.04869677144,100.0,0.0,0.0,0.0,0.0,0,0.0,3652,-318202.04869677144
ETH,0,False,00:00-12:00,12:00-00:00,1,2,Night Cash / Day Long,Cash,Long,2,bps,100.0,318302.04869677144,34.34466993422589,0.000296685797805286,0.6534143713017784,0.16572992721783228,-0.9788821753079137,7303,7303.0,3652,-318267.7040268372
ETH,0,False,00:00-12:00,12:00-00:00,2,3,Night Cash / Day Short,Cash,Short,2,bps,100.0,318302.04869677144,0.21188747832465207,-0.0010964962906858111,0.6534135703906278,-0.6125081636444409,-0.9979585756351309,7303,7303.0,3652,-318301.83680929313
ETH,0,False,00:00-12:00,12:00-00:00,3,4,Night Cash / Day Momentum,Cash,Momentum,2,bps,100.0,318302.04869677144,0.8960333045715316,-0.0007075817983148217,0.653152880420885,-0.39541639350726737,-0.9974096068995392,7295,7295.0,3652,-318301.15266346687
ETH,0,False,00:00-12:00,12:00-00:00,4,5,Night Cash / Day Reversal,Cash,Reversal,2,bps,100.0,318302.04869677144,8.187248556947505,-9.135261570480557e-05,0.6531535320941579,-0.05105033211004244,-0.9770153885292144,7295,7295.0,3652,-318293.8614482145
ETH,0,False,00:00-12:00,12:00-00:00,5,6,Night Long / Day Cash,Long,Cash,2,bps,100.0,318302.04869677144,50934.115237547136,0.002409545950992353,0.720337826675429,1.2209330671572358,-0.7876371059579715,7304,7304.0,3652,-267367.9334592243
ETH,0,False,00:00-12:00,12:00-00:00,6,7,Night Long / Day Long,Long,Long,2,bps,100.0,318302.04869677144,324829.9289274049,0.0035525053055154446,0.9923829639683616,1.3066169851687182,-0.9394954585493354,1,1.0,3652,6527.880230633484
ETH,0,False,00:00-12:00,12:00-00:00,7,8,Night Long / Day Short,Long,Short,2,bps,100.0,318302.04869677144,107.89147790642133,0.00126725868342148,0.9492577716154672,0.4872748301672196,-0.9665736424557133,7304,14607.0,3652,-318194.157218865
ETH,0,False,00:00-12:00,12:00-00:00,8,9,Night Long / Day Momentum,Long,Momentum,2,bps,100.0,318302.04869677144,1970.694026339674,0.002132582398381439,0.982514798212141,0.792245141575117,-0.9737384371402702,3647,7285.0,3652,-316331.35467043176
ETH,0,False,00:00-12:00,12:00-00:00,9,10,Night Long / Day Reversal,Long,Reversal,2,bps,100.0,318302.04869677144,17870.295126746212,0.002687312101197524,0.9595382942653095,1.0222300900331642,-0.8960413523184257,3666,7323.0,3652,-300431.7535700252
ETH,0,False,00:00-12:00,12:00-00:00,10,11,Night Short / Day Cash,Short,Cash,2,bps,100.0,318302.04869677144,5.469668985280886e-05,-0.003209465950992265,0.720337826675429,-1.6262578872454698,-0.999999602149945,7304,7304.0,3652,-318302.04864207475
ETH,0,False,00:00-12:00,12:00-00:00,11,12,Night Short / Day Long,Short,Long,2,bps,100.0,318302.04869677144,1.8779908610825133e-05,-0.0029568829774650157,0.9642589289341266,-1.1192660543654251,-0.9999999463242417,7304,14607.0,3652,-318302.04867799155
ETH,0,False,00:00-12:00,12:00-00:00,12,13,Night Short / Day Short,Short,Short,2,bps,100.0,318302.04869677144,2.1520594301430674e-06,-0.0034624890338197686,0.9873666321620185,-1.2799789421452061,-0.9999999845165517,1,1.0,3652,-318302.0486946194
ETH,0,False,00:00-12:00,12:00-00:00,13,14,Night Short / Day Momentum,Short,Momentum,2,bps,100.0,318302.04869677144,2.1002460646134548e-06,-0.0035479783976493087,0.9642966976926163,-1.3429602302286443,-0.9999999880362379,3666,7323.0,3652,-318302.0486946712
ETH,0,False,00:00-12:00,12:00-00:00,14,15,Night Short / Day Reversal,Short,Reversal,2,bps,100.0,318302.04869677144,1.933683097858905e-05,-0.002871724232268522,0.9866140206970515,-1.0624006174546987,-0.9999998603080492,3647,7285.0,3652,-318302.0486774346
ETH,0,False,00:00-12:00,12:00-00:00,15,16,Night Momentum / Day Cash,Momentum,Cash,2,bps,100.0,318302.04869677144,0.5745627751649025,-0.0006850670084184106,0.7222735789280027,-0.34619770869071925,-0.9954021605700992,7298,7298.0,3652,-318301.4741339963
ETH,0,False,00:00-12:00,12:00-00:00,16,17,Night Momentum / Day Long,Momentum,Long,2,bps,100.0,318302.04869677144,0.8972162692581501,-6.516450792783177e-06,0.970140963019272,-0.0024517102462754273,-0.9984676952399807,3517,7029.0,3652,-318301.15148050216
ETH,0,False,00:00-12:00,12:00-00:00,17,18,Night Momentum / Day Short,Momentum,Short,2,bps,100.0,318302.04869677144,0.004960607756832454,-0.0013631738379659257,0.9849343354188478,-0.505169159978542,-0.9999617683458178,3791,7577.0,3652,-318302.0437361637
ETH,0,False,00:00-12:00,12:00-00:00,18,19,Night Momentum / Day Momentum,Momentum,Momentum,2,bps,100.0,318302.04869677144,0.02111222035805323,-0.001069507385544466,0.9533462323565877,-0.4094736859228671,-0.999894726834929,3774,7537.0,3652,-318302.0275845511
ETH,0,False,00:00-12:00,12:00-00:00,19,20,Night Momentum / Day Reversal,Momentum,Reversal,2,bps,100.0,318302.04869677144,0.21192372623830533,-0.00030063711807379133,1.0006844151058762,-0.10965749684961736,-0.9988084166521062,3539,7067.0,3652,-318301.8367730452
ETH,0,False,00:00-12:00,12:00-00:00,20,21,Night Reversal / Day Cash,Reversal,Cash,2,bps,100.0,318302.04869677144,4.863335933799031,-0.00011419588314776546,0.7222734841177678,-0.05770874643120382,-0.992705768164462,7298,7298.0,3652,-318297.1853608376
ETH,0,False,00:00-12:00,12:00-00:00,21,22,Night Reversal / Day Long,Reversal,Long,2,bps,100.0,318302.04869677144,6.805902552139917,0.000602247740616232,0.9904500083577371,0.22193994999243666,-0.9993383610605666,3791,7577.0,3652,-318295.2427942193
ETH,0,False,00:00-12:00,12:00-00:00,22,23,Night Reversal / Day Short,Reversal,Short,2,bps,100.0,318302.04869677144,0.046853265982062145,-0.000831946550443081,0.9538358226577158,-0.31835718862562906,-0.9995601736874887,3517,7029.0,3652,-318302.0018435055
ETH,0,False,00:00-12:00,12:00-00:00,23,24,Night Reversal / Day Momentum,Reversal,Momentum,2,bps,100.0,318302.04869677144,0.1963190945337131,-0.00034566790714528816,0.9959974684869779,-0.12667581002961129,-0.9998953844212329,3539,7067.0,3652,-318301.8523776769
ETH,0,False,00:00-12:00,12:00-00:00,24,25,Night Reversal / Day Reversal,Reversal,Reversal,2,bps,100.0,318302.04869677144,1.6328433327208929,0.0001164424195501463,0.947755824388609,0.04484433863882696,-0.9922305598023458,3774,7537.0,3652,-318300.4158534387
ETH,1,False,01:00-13:00,13:00-01:00,0,1,Night Cash / Day Cash,Cash,Cash,0,bps,100.0,318302.04869677144,100.0,0.0,0.0,0.0,0.0,0,0.0,3652,-318202.04869677144
ETH,1,False,01:00-13:00,13:00-01:00,1,2,Night Cash / Day Long,Cash,Long,0,bps,100.0,318302.04869677144,197.82666611094078,0.0007784822368741271,0.6552418293699492,0.4336506061163376,-0.9651098045771122,7303,7303.0,3652,-318104.2220306605
ETH,1,False,01:00-13:00,13:00-01:00,2,3,Night Cash / Day Short,Cash,Short,0,bps,100.0,318302.04869677144,0.6658816162480835,-0.0007784822368741278,0.6552418293699492,-0.43365060611633793,-0.9933855515540567,7303,7303.0,3652,-318301.3828151552
ETH,1,False,01:00-13:00,13:00-01:00,3,4,Night Cash / Day Momentum,Cash,Momentum,0,bps,100.0,318302.04869677144,0.9255002072514248,-0.0006893032320020889,0.6552351859758777,-0.3839776694928969,-0.9973653073326121,7299,7299.0,3652,-318301.1231965642
ETH,1,False,01:00-13:00,13:00-01:00,4,5,Night Cash / Day Reversal,Cash,Reversal,0,bps,100.0,318302.04869677144,142.41339088415765,0.0006893032320020882,0.6552351859758777,0.3839776694928965,-0.9687408679570263,7299,7299.0,3652,-318159.63530588726
ETH,1,False,01:00-13:00,13:00-01:00,5,6,Night Long / Day Cash,Long,Cash,0,bps,100.0,318302.04869677144,163513.78938418196,0.0027049283210527006,0.707347378878734,1.3957764836130053,-0.7590547203136233,7304,7304.0,3652,-154788.25931258948
ETH,1,False,01:00-13:00,13:00-01:00,6,7,Night Long / Day Long,Long,Long,0,bps,100.0,318302.04869677144,323473.87817039405,0.003544611094190916,0.9896112766347277,1.3073649016807114,-0.9396203510343881,1,1.0,3652,5171.829473622609
ETH,1,False,01:00-13:00,13:00-01:00,7,8,Night Long / Day Short,Long,Short,0,bps,100.0,318302.04869677144,1088.8082635398807,0.0018652455479144822,0.938758369379613,0.7252288205310046,-0.8972015034874459,7304,14607.0,3652,-317213.2404332316
ETH,1,False,01:00-13:00,13:00-01:00,8,9,Night Long / Day Momentum,Long,Momentum,0,bps,100.0,318302.04869677144,1513.3204596352589,0.0020508552093975716,0.9773687439313546,0.7658953246439082,-0.9624837009000917,3653,7301.0,3652,-316788.72823713615
ETH,1,False,01:00-13:00,13:00-01:00,9,10,Night Long / Day Reversal,Long,Reversal,0,bps,100.0,318302.04869677144,232865.53202519225,0.0033590014327078265,0.9515432694703678,1.2884705953737365,-0.8394156124772901,3656,7307.0,3652,-85436.51667157919
ETH,1,False,01:00-13:00,13:00-01:00,10,11,Night Short / Day Cash,Short,Cash,0,bps,100.0,318302.04869677144,0.0003852047230627769,-0.0027049283210527,0.707347378878734,-1.3957764836130053,-0.9999976308585563,7304,7304.0,3652,-318302.0483115667
ETH,1,False,01:00-13:00,13:00-01:00,11,12,Night Short / Day Long,Short,Long,0,bps,100.0,318302.04869677144,0.0007620376613369722,-0.0019876466204426634,0.9460368316895957,-0.7668739653252877,-0.9999992795050209,7304,14607.0,3652,-318302.0479347338
ETH,1,False,01:00-13:00,13:00-01:00,12,13,Night Short / Day Short,Short,Short,0,bps,100.0,318302.04869677144,2.565007435794368e-06,-0.003422210021662737,0.9846453961064184,-1.268585282423743,-0.9999999817371684,1,1.0,3652,-318302.04869420646
ETH,1,False,01:00-13:00,13:00-01:00,13,14,Night Short / Day Momentum,Short,Momentum,0,bps,100.0,318302.04869677144,3.5650705102882834e-06,-0.0034294616734017493,0.9502272346819072,-1.3173201789050684,-0.9999999794611908,3656,7307.0,3652,-318302.0486932064
ETH,1,False,01:00-13:00,13:00-01:00,14,15,Night Short / Day Reversal,Short,Reversal,0,bps,100.0,318302.04869677144,0.0005485831079596308,-0.001980394968703651,0.9805420617296223,-0.7371883285677466,-0.9999976852478475,3653,7301.0,3652,-318302.04814818833
ETH,1,False,01:00-13:00,13:00-01:00,15,16,Night Momentum / Day Cash,Momentum,Cash,0,bps,100.0,318302.04869677144,9.01372727477271,4.0443894223147114e-05,0.7091847946533633,0.020815479269636773,-0.9544734903201563,7298,7298.0,3652,-318293.03496949666
ETH,1,False,01:00-13:00,13:00-01:00,16,17,Night Momentum / Day Long,Momentum,Long,0,bps,100.0,318302.04869677144,17.83155616001532,0.0008290061027175123,0.9745973487679673,0.31047409258234304,-0.9948647749540556,3507,7009.0,3652,-318284.21714061144
ETH,1,False,01:00-13:00,13:00-01:00,17,18,Night Momentum / Day Short,Momentum,Short,0,bps,100.0,318302.04869677144,0.06002075286145109,-0.0007481183142712208,0.9608144116899143,-0.2841997178505289,-0.9995163712515515,3801,7597.0,3652,-318301.9886760186
ETH,1,False,01:00-13:00,13:00-01:00,18,19,Night Momentum / Day Momentum,Momentum,Momentum,0,bps,100.0,318302.04869677144,0.08342206460909994,-0.0006715152737574782,0.9580479419704534,-0.2558359182081919,-0.9997624319297689,3647,7289.0,3652,-318301.96527470683
ETH,1,False,01:00-13:00,13:00-01:00,19,20,Night Momentum / Day Reversal,Momentum,Reversal,0,bps,100.0,318302.04869677144,12.836754657053895,0.0007524030622037704,0.9773021064466862,0.2810053471621752,-0.9972272797017289,3659,7313.0,3652,-318289.2119421144
ETH,1,False,01:00-13:00,13:00-01:00,20,21,Night Reversal / Day Cash,Reversal,Cash,0,bps,100.0,318302.04869677144,6.992569465306657,-4.0443894223147026e-05,0.7091847946533631,-0.02081547926963673,-0.9799047843077424,7298,7298.0,3652,-318295.05612730613
ETH,1,False,01:00-13:00,13:00-01:00,21,22,Night Reversal / Day Long,Reversal,Long,0,bps,100.0,318302.04869677144,13.833167048707809,0.0007279583710307404,0.9643256775340079,0.27553430507594245,-0.9958762930651875,3801,7597.0,3652,-318288.21552972274
ETH,1,False,01:00-13:00,13:00-01:00,22,23,Night Reversal / Day Short,Reversal,Short,0,bps,100.0,318302.04869677144,0.04656223457285395,-0.0008088461594770344,0.965711122326002,-0.30571134719669824,-0.9995404170402616,3507,7009.0,3652,-318302.00213453686
ETH,1,False,01:00-13:00,13:00-01:00,23,24,Night Reversal / Day Momentum,Reversal,Momentum,0,bps,100.0,318302.04869677144,0.06471624489361281,-0.0007070911902466997,0.9724567077069031,-0.26539822533450275,-0.9999080347881784,3659,7313.0,3652,-318301.98398052657
ETH,1,False,01:00-13:00,13:00-01:00,24,25,Night Reversal / Day Reversal,Reversal,Reversal,0,bps,100.0,318302.04869677144,9.958355285473468,0.0006262034018004059,0.9575194880745258,0.23870453239209524,-0.992084616037145,3647,7289.0,3652,-318292.090341486
ETH,1,False,01:00-13:00,13:00-01:00,0,1,Night Cash / Day Cash,Cash,Cash,1,bps,100.0,318302.04869677144,100.0,0.0,0.0,0.0,0.0,0,0.0,3652,-318202.04869677144
ETH,1,False,01:00-13:00,13:00-01:00,1,2,Night Cash / Day Long,Cash,Long,1,bps,100.0,318302.04869677144,95.30237257170579,0.0005783645657558498,0.6551111399937047,0.32224008051964087,-0.9748843936412389,7303,7303.0,3652,-318206.7463241997
ETH,1,False,01:00-13:00,13:00-01:00,2,3,Night Cash / Day Short,Cash,Short,1,bps,100.0,318302.04869677144,0.32078636883429845,-0.000978289806719667,0.6551104526605486,-0.5450619479547527,-0.9968080884083138,7303,7303.0,3652,-318301.7279104026
ETH,1,False,01:00-13:00,13:00-01:00,3,4,Night Cash / Day Momentum,Cash,Momentum,1,bps,100.0,318302.04869677144,0.44603519368521277,-0.0008890168553612954,0.6551051486444839,-0.4953268233020246,-0.9985005135953581,7299,7299.0,3652,-318301.60266157775
ETH,1,False,01:00-13:00,13:00-01:00,4,5,Night Cash / Day Reversal,Cash,Reversal,1,bps,100.0,318302.04869677144,68.63465171448317,0.0004893106560185076,0.655103235107851,0.2726263279975289,-0.9747556877440847,7299,7299.0,3652,-318233.41404505697
ETH,1,False,01:00-13:00,13:00-01:00,5,6,Night Long / Day Cash,Long,Cash,1,bps,100.0,318302.04869677144,78764.37518568395,0.002504397362437797,0.707205916476432,1.292558526439108,-0.7736082881417913,7304,7304.0,3652,-239537.6735110875
ETH,1,False,01:00-13:00,13:00-01:00,6,7,Night Long / Day Long,Long,Long,1,bps,100.0,318302.04869677144,323441.530782574,0.0035445826820578643,0.9896109200877764,1.3073548934124186,-0.9396203510343882,1,1.0,3652,5139.482085802534
ETH,1,False,01:00-13:00,13:00-01:00,7,8,Night Long / Day Short,Long,Short,1,bps,100.0,318302.04869677144,252.64692392350378,0.0014645666369907937,0.9383827827158386,0.5696681912199122,-0.9350515319529168,7304,14607.0,3652,-318049.4017728479
ETH,1,False,01:00-13:00,13:00-01:00,8,9,Night Long / Day Momentum,Long,Momentum,1,bps,100.0,318302.04869677144,729.1565832272358,0.001850923918221687,0.9773243081767086,0.691262075954386,-0.9728780588487331,3653,7301.0,3652,-317572.8921135442
ETH,1,False,01:00-13:00,13:00-01:00,9,10,Night Long / Day Reversal,Long,Reversal,1,bps,100.0,318302.04869677144,112133.27469085132,0.003158119372176822,0.9513066734769551,1.2117160564336815,-0.8457128336076347,3656,7307.0,3652,-206168.7740059201
ETH,1,False,01:00-13:00,13:00-01:00,10,11,Night Short / Day Cash,Short,Cash,1,bps,100.0,318302.04869677144,0.00018555260351363123,-0.0029043773624377496,0.707205916476432,-1.498994440786903,-0.9999988243094918,7304,7304.0,3652,-318302.04851121886
ETH,1,False,01:00-13:00,13:00-01:00,11,12,Night Short / Day Long,Short,Long,1,bps,100.0,318302.04869677144,0.00017682311706995702,-0.002386784018266489,0.9456585724159434,-0.9212375291450176,-0.9999997789872768,7304,14607.0,3652,-318302.0485199483
ETH,1,False,01:00-13:00,13:00-01:00,12,13,Night Short / Day Short,Short,Short,1,bps,100.0,318302.04869677144,2.5647509350507847e-06,-0.003422236391886115,0.9846457245008865,-1.2685946345540722,-0.9999999817389947,1,1.0,3652,-318302.0486942067
ETH,1,False,01:00-13:00,13:00-01:00,13,14,Night Short / Day Momentum,Short,Momentum,1,bps,100.0,318302.04869677144,1.7167119038431352e-06,-0.003628705526477662,0.9500991825183823,-1.3940413185638338,-0.9999999886884104,3656,7307.0,3652,-318302.0486950547
ETH,1,False,01:00-13:00,13:00-01:00,14,15,Night Short / Day Reversal,Short,Reversal,1,bps,100.0,318302.04869677144,0.00026432140137220384,-0.002180289218706443,0.9802061042343188,-0.8118757487737639,-0.9999988519871389,3653,7301.0,3652,-318302.04843245004
ETH,1,False,01:00-13:00,13:00-01:00,15,16,Night Momentum / Day Cash,Momentum,Cash,1,bps,100.0,318302.04869677144,4.3445065095530015,-0.0001593899088281252,0.7090429698176642,-0.08205048099867127,-0.9742366012571848,7298,7298.0,3652,-318297.7041902619
ETH,1,False,01:00-13:00,13:00-01:00,16,17,Night Momentum / Day Long,Momentum,Long,1,bps,100.0,318302.04869677144,8.846302997511001,0.000637709354725493,0.9746931590212254,0.23880737473169864,-0.9968020893098956,3507,7009.0,3652,-318293.20239377394
ETH,1,False,01:00-13:00,13:00-01:00,17,18,Night Momentum / Day Short,Momentum,Short,1,bps,100.0,318302.04869677144,0.028075980612104832,-0.00095627957736617,0.9605320434871389,-0.3633840725099407,-0.9997704908153892,3801,7597.0,3652,-318302.02062079083
ETH,1,False,01:00-13:00,13:00-01:00,18,19,Night Momentum / Day Momentum,Momentum,Momentum,1,bps,100.0,318302.04869677144,0.04024315644982261,-0.0008705911975705733,0.9580190225093511,-0.3316904775866885,-0.9998670735289407,3647,7289.0,3652,-318302.008453615
ETH,1,False,01:00-13:00,13:00-01:00,19,20,Night Momentum / Day Reversal,Momentum,Reversal,1,bps,100.0,318302.04869677144,6.177659011643536,0.0005518589192714664,0.9770379702715488,0.206162412990052,-0.997942690478874,3659,7313.0,3652,-318295.8710377598
ETH,1,False,01:00-13:00,13:00-01:00,20,21,Night Reversal / Day Cash,Reversal,Cash,1,bps,100.0,318302.04869677144,3.3703331190805796,-0.00024026152052560702,0.7090429766588929,-0.12368143804918494,-0.9892860105327512,7298,7298.0,3652,-318298.6783636524
ETH,1,False,01:00-13:00,13:00-01:00,21,22,Night Reversal / Day Long,Reversal,Long,1,bps,100.0,318302.04869677144,6.4707573855337595,0.0005201436895810366,0.964290035225776,0.19688313656858109,-0.9977840002685404,3801,7597.0,3652,-318295.5779393859
ETH,1,False,01:00-13:00,13:00-01:00,22,23,Night Reversal / Day Short,Reversal,Short,1,bps,100.0,318302.04869677144,0.023099702099824506,-0.001001335105947561,0.9652422380386507,-0.37864828047052856,-0.9997717025190166,3507,7009.0,3652,-318302.02559706935
ETH,1,False,01:00-13:00,13:00-01:00,23,24,Night Reversal / Day Momentum,Reversal,Momentum,1,bps,100.0,318302.04869677144,0.03114454580987621,-0.0009070246653763952,0.9723153223291414,-0.3404903689775597,-0.9999514231750324,3659,7313.0,3652,-318302.0175522256
ETH,1,False,01:00-13:00,13:00-01:00,24,25,Night Reversal / Day Reversal,Reversal,Reversal,1,bps,100.0,318302.04869677144,4.803952666648746,0.00042613404620037523,0.9572083621980121,0.1624922357614773,-0.9931201682199327,3647,7289.0,3652,-318297.2447441048
ETH,1,False,01:00-13:00,13:00-01:00,0,1,Night Cash / Day Cash,Cash,Cash,2,bps,100.0,318302.04869677144,100.0,0.0,0.0,0.0,0.0,0,0.0,3652,-318202.04869677144
ETH,1,False,01:00-13:00,13:00-01:00,1,2,Night Cash / Day Long,Cash,Long,2,bps,100.0,318302.04869677144,45.90826398596713,0.00037826690460315447,0.6549804652490064,0.21079624127058771,-0.981921197713916,7303,7303.0,3652,-318256.1404327855
ETH,1,False,01:00-13:00,13:00-01:00,2,3,Night Cash / Day Short,Cash,Short,2,bps,100.0,318302.04869677144,0.15452653387473955,-0.0011780773974836788,0.6549790905780039,-0.6565068355114654,-0.9984598024685728,7303,7303.0,3652,-318301.8941702376
ETH,1,False,01:00-13:00,13:00-01:00,3,4,Night Cash / Day Momentum,Cash,Momentum,2,bps,100.0,318302.04869677144,0.21494632729659127,-0.001088710514736909,0.6549751350750406,-0.6067090437462851,-0.9991637811735773,7299,7299.0,3652,-318301.8337504441
ETH,1,False,01:00-13:00,13:00-01:00,4,5,Night Cash / Day Reversal,Cash,Reversal,2,bps,100.0,318302.04869677144,33.075341408419106,0.0002893380722397357,0.6549713080194304,0.16124125602822673,-0.9796135836642466,7299,7299.0,3652,-318268.973355363
ETH,1,False,01:00-13:00,13:00-01:00,5,6,Night Long / Day Cash,Long,Cash,2,bps,100.0,318302.04869677144,37937.92327948407,0.002303886457921455,0.7070644682210776,1.1893095961348763,-0.7872841173960988,7304,7304.0,3652,-280364.12541728735
ETH,1,False,01:00-13:00,13:00-01:00,6,7,Night Long / Day Long,Long,Long,2,bps,100.0,318302.04869677144,323409.18339475873,0.0035445542699248113,0.9896105646280409,1.3073448837006252,-0.9396203510343882,1,1.0,3652,5107.134697987291
ETH,1,False,01:00-13:00,13:00-01:00,7,8,Night Long / Day Short,Long,Short,2,bps,100.0,318302.04869677144,58.60702822941285,0.0010639678644395062,0.9380072722454954,0.41401413614923566,-0.9631848303641191,7304,14607.0,3652,-318243.44166854204
ETH,1,False,01:00-13:00,13:00-01:00,8,9,Night Long / Day Momentum,Long,Momentum,2,bps,100.0,318302.04869677144,351.2750299037704,0.0016510114596322975,0.9772869100379912,0.6166246335401773,-0.9837283354035523,3653,7301.0,3652,-317950.7736668677
ETH,1,False,01:00-13:00,13:00-01:00,9,10,Night Long / Day Reversal,Long,Reversal,2,bps,100.0,318302.04869677144,53988.384051860405,0.0029572563421282724,0.9510774282824429,1.134921861016208,-0.8544475544258392,3656,7307.0,3652,-264313.664644911
ETH,1,False,01:00-13:00,13:00-01:00,10,11,Night Short / Day Cash,Short,Cash,2,bps,100.0,318302.04869677144,8.937391326743033e-05,-0.0031038064579213685,0.7070644682210777,-1.602243371091134,-0.9999994171058091,7304,7304.0,3652,-318302.04860739753
ETH,1,False,01:00-13:00,13:00-01:00,11,12,Night Short / Day Long,Short,Long,2,bps,100.0,318302.04869677144,4.101802330619086e-05,-0.0027858415861534754,0.945280389853935,-1.0756937199375727,-0.9999999322201006,7304,14607.0,3652,-318302.04865575343
ETH,1,False,01:00-13:00,13:00-01:00,12,13,Night Short / Day Short,Short,Short,2,bps,100.0,318302.04869677144,2.564494434307227e-06,-0.0034222627621094933,0.9846460538366384,-1.2686039854654272,-0.999999981740821,1,1.0,3652,-318302.0486942069
ETH,1,False,01:00-13:00,13:00-01:00,13,14,Night Short / Day Momentum,Short,Momentum,2,bps,100.0,318302.04869677144,8.265387934723728e-07,-0.0038279305273231823,0.9499783740448796,-1.470764683330522,-0.9999999943896254,3656,7307.0,3652,-318302.0486959449
ETH,1,False,01:00-13:00,13:00-01:00,14,15,Night Short / Day Reversal,Short,Reversal,2,bps,100.0,318302.04869677144,0.00012733822927343927,-0.0023801644796849833,0.9798772600176417,-0.8866008739394335,-0.999999430717165,3653,7301.0,3652,-318302.0485694332
ETH,1,False,01:00-13:00,13:00-01:00,15,16,Night Momentum / Day Cash,Momentum,Cash,2,bps,100.0,318302.04869677144,2.0938462561228177,-0.0003592037274998763,0.7089011760733808,-0.18494730290006353,-0.9870051624073253,7298,7298.0,3652,-318299.9548505153
ETH,1,False,01:00-13:00,13:00-01:00,16,17,Night Momentum / Day Long,Momentum,Long,2,bps,100.0,318302.04869677144,4.388069456145914,0.000446450853380575,0.9748038635852496,0.1671665117171122,-0.9981677758795849,3507,7009.0,3652,-318297.6606273153
ETH,1,False,01:00-13:00,13:00-01:00,17,18,Night Momentum / Day Short,Momentum,Short,2,bps,100.0,318302.04869677144,0.013131140181363144,-0.0011643992203780418,0.9602649051450495,-0.4425921567692693,-0.9998911011505983,3801,7597.0,3652,-318302.03556563123
ETH,1,False,01:00-13:00,13:00-01:00,18,19,Night Momentum / Day Momentum,Momentum,Momentum,2,bps,100.0,318302.04869677144,0.01941063866004214,-0.0010696483921778708,0.957997245676731,-0.40753944221324795,-0.9999256322863036,3647,7289.0,3652,-318302.0292861328
ETH,1,False,01:00-13:00,13:00-01:00,19,20,Night Momentum / Day Reversal,Momentum,Reversal,2,bps,100.0,318302.04869677144,2.972549540624685,0.0003513338075936029,0.976780976154986,0.13128515286657025,-0.9984736037214876,3659,7313.0,3652,-318299.0761472308
ETH,1,False,01:00-13:00,13:00-01:00,20,21,Night Reversal / Day Cash,Reversal,Cash,2,bps,100.0,318302.04869677144,1.6243408469422917,-0.00044005916406630316,0.7089011897551536,-0.22657825548251304,-0.9942880757425521,7298,7298.0,3652,-318300.4243559245
ETH,1,False,01:00-13:00,13:00-01:00,21,22,Night Reversal / Day Long,Reversal,Long,2,bps,100.0,318302.04869677144,3.026374162418421,0.0003123705586955159,0.9642695418324164,0.1182400241608776,-0.9988322118051448,3801,7597.0,3652,-318299.02232260903
ETH,1,False,01:00-13:00,13:00-01:00,22,23,Night Reversal / Day Short,Reversal,Short,2,bps,100.0,318302.04869677144,0.011458243885477424,-0.0011937855671118104,0.9647884838879015,-0.4516344662820812,-0.9998866092708544,3507,7009.0,3652,-318302.03723852756
ETH,1,False,01:00-13:00,13:00-01:00,23,24,Night Reversal / Day Momentum,Reversal,Momentum,2,bps,100.0,318302.04869677144,0.014986049758593235,-0.0011069392180555358,0.9721810483534549,-0.41559420981777534,-0.9999752999412589,3659,7313.0,3652,-318302.0337107217
ETH,1,False,01:00-13:00,13:00-01:00,24,25,Night Reversal / Day Reversal,Reversal,Reversal,2,bps,100.0,318302.04869677144,2.3171092324363562,0.00022608364629511164,0.9569045389525402,0.08623695210814392,-0.9940204088981166,3647,7289.0,3652,-318299.731587539
ETH,2,False,02:00-14:00,14:00-02:00,0,1,Night Cash / Day Cash,Cash,Cash,0,bps,100.0,318302.04869677144,100.0,0.0,0.0,0.0,0.0,0,0.0,3652,-318202.04869677144
ETH,2,False,02:00-14:00,14:00-02:00,1,2,Night Cash / Day Long,Cash,Long,0,bps,100.0,318302.04869677144,168.38377830806584,0.0007353013179352266,0.6571015547031779,0.408437598610752,-0.8851563580661864,7303,7303.0,3652,-318133.6649184634
ETH,2,False,02:00-14:00,14:00-02:00,2,3,Night Cash / Day Short,Cash,Short,0,bps,100.0,318302.04869677144,0.7622330823508636,-0.0007353013179352271,0.6571015547031779,-0.4084375986107523,-0.9930117369676051,7303,7303.0,3652,-318301.28646368906
ETH,2,False,02:00-14:00,14:00-02:00,3,4,Night Cash / Day Momentum,Cash,Momentum,0,bps,100.0,318302.04869677144,0.9415641752675539,-0.0006822135782700512,0.6570803926345421,-0.37896117257460604,-0.9977084361694838,7299,7299.0,3652,-318301.1071325962
ETH,2,False,02:00-14:00,14:00-02:00,4,5,Night Cash / Day Reversal,Cash,Reversal,0,bps,100.0,318302.04869677144,136.38868265561158,0.0006822135782700506,0.6570803926345421,0.3789611725746058,-0.9351742045849505,7299,7299.0,3652,-318165.66001411586
ETH,2,False,02:00-14:00,14:00-02:00,5,6,Night Long / Day Cash,Long,Cash,0,bps,100.0,318302.04869677144,187971.41665727194,0.0027471652885739752,0.7087344969268912,1.414796845190019,-0.8325100031655375,7304,7304.0,3652,-130330.6320394995
ETH,2,False,02:00-14:00,14:00-02:00,6,7,Night Long / Day Long,Long,Long,0,bps,100.0,318302.04869677144,316513.3735067091,0.0035134121381428943,0.9794320729590242,1.309325542656399,-0.9399643581215142,1,1.0,3652,-1788.6751900623203
ETH,2,False,02:00-14:00,14:00-02:00,7,8,Night Long / Day Short,Long,Short,0,bps,100.0,318302.04869677144,1432.7803231252983,0.001980918439005057,0.9482246169712438,0.7625147220352884,-0.8524957970150177,7304,14607.0,3652,-316869.26837364613
ETH,2,False,02:00-14:00,14:00-02:00,8,9,Night Long / Day Momentum,Long,Momentum,0,bps,100.0,318302.04869677144,1769.8715189877853,0.0020841649422984683,0.9669616662797313,0.7867118526691138,-0.9851152537695602,3639,7273.0,3652,-316532.1771777836
ETH,2,False,02:00-14:00,14:00-02:00,9,10,Night Long / Day Reversal,Long,Reversal,0,bps,100.0,318302.04869677144,256371.73894794477,0.0034101656348494835,0.960937635302065,1.2953082603834056,-0.8006809209630349,3670,7335.0,3652,-61930.309748826665
ETH,2,False,02:00-14:00,14:00-02:00,10,11,Night Short / Day Cash,Short,Cash,0,bps,100.0,318302.04869677144,0.0003287669681835869,-0.0027471652885739752,0.7087344969268912,-1.414796845190019,-0.9999977569047601,7304,7304.0,3652,-318302.04836800444
ETH,2,False,02:00-14:00,14:00-02:00,11,12,Night Short / Day Long,Short,Long,0,bps,100.0,318302.04869677144,0.0005535902428563946,-0.002042809502272441,0.964998101294991,-0.7726703993809311,-0.9999989046196062,7304,14607.0,3652,-318302.0481431812
ETH,2,False,02:00-14:00,14:00-02:00,12,13,Night Short / Day Short,Short,Short,0,bps,100.0,318302.04869677144,2.505970595337242e-06,-0.0034515210748755094,0.9775222644131044,-1.2887739115445482,-0.9999999821154766,1,1.0,3652,-318302.0486942655
ETH,2,False,02:00-14:00,14:00-02:00,13,14,Night Short / Day Momentum,Short,Momentum,0,bps,100.0,318302.04869677144,3.0955519925299326e-06,-0.00344859209883857,0.9583014963077101,-1.3135074096470976,-0.9999999833526755,3670,7335.0,3652,-318302.0486936759
ETH,2,False,02:00-14:00,14:00-02:00,14,15,Night Short / Day Reversal,Short,Reversal,0,bps,100.0,318302.04869677144,0.0004484009369123873,-0.00204573847830938,0.9840325520686675,-0.7588108167897457,-0.9999971500599641,3639,7273.0,3652,-318302.0482483705
ETH,2,False,02:00-14:00,14:00-02:00,15,16,Night Momentum / Day Cash,Momentum,Cash,0,bps,100.0,318302.04869677144,1.3788695737241345,-0.0004799049267265461,0.7106017207056069,-0.2465027780699085,-0.9958813929688012,7296,7296.0,3652,-318300.66982719774
ETH,2,False,02:00-14:00,14:00-02:00,16,17,Night Momentum / Day Long,Momentum,Long,0,bps,100.0,318302.04869677144,2.321792686177014,0.0002783073114691356,0.9867329121220781,0.10294798869916155,-0.9991334625353804,3487,6967.0,3652,-318299.72690408526
ETH,2,False,02:00-14:00,14:00-02:00,17,18,Night Momentum / Day Short,Momentum,Short,0,bps,100.0,318302.04869677144,0.010510200053395768,-0.0012381171649222284,0.9600072050136884,-0.4707389307460142,-0.9999066771832444,3823,7639.0,3652,-318302.0381865714
ETH,2,False,02:00-14:00,14:00-02:00,18,19,Night Momentum / Day Momentum,Momentum,Momentum,0,bps,100.0,318302.04869677144,0.012982941929850974,-0.0011815025242447568,0.9610672856862202,-0.44871824041062497,-0.9999762994625185,3649,7289.0,3652,-318302.0357138295
ETH,2,False,02:00-14:00,14:00-02:00,19,20,Night Momentum / Day Reversal,Momentum,Reversal,0,bps,100.0,318302.04869677144,1.8806220471414028,0.00022169267079166446,0.9856750044275909,0.08209381842440934,-0.998880890148995,3662,7315.0,3652,-318300.1680747243
ETH,2,False,02:00-14:00,14:00-02:00,20,21,Night Reversal / Day Cash,Reversal,Cash,0,bps,100.0,318302.04869677144,44.827896403453295,0.0004799049267265464,0.7106017207056069,0.2465027780699086,-0.9761617015253864,7296,7296.0,3652,-318257.220800368
ETH,2,False,02:00-14:00,14:00-02:00,21,22,Night Reversal / Day Long,Reversal,Long,0,bps,100.0,318302.04869677144,75.4829057001601,0.0011922953244013176,0.9603679382838205,0.45314694093616076,-0.9787719921439897,3823,7639.0,3652,-318226.5657910713
ETH,2,False,02:00-14:00,14:00-02:00,22,23,Night Reversal / Day Short,Reversal,Short,0,bps,100.0,318302.04869677144,0.34169305650909476,-0.00023248547094822434,0.9686214213990434,-0.08760615346864523,-0.998006988100814,3487,6967.0,3652,-318301.7070037149
ETH,2,False,02:00-14:00,14:00-02:00,23,24,Night Reversal / Day Momentum,Reversal,Momentum,0,bps,100.0,318302.04869677144,0.42208341306096714,-0.00018292463229534504,0.9669905263939922,-0.06904668553143309,-0.9996562232909062,3662,7315.0,3652,-318301.6266133584
ETH,2,False,02:00-14:00,14:00-02:00,24,25,Night Reversal / Day Reversal,Reversal,Reversal,0,bps,100.0,318302.04869677144,61.14017736689239,0.0011427344857484383,0.9619784107216064,0.4335836258376144,-0.9901318561547474,3649,7289.0,3652,-318240.90851940453
ETH,2,False,02:00-14:00,14:00-02:00,0,1,Night Cash / Day Cash,Cash,Cash,1,bps,100.0,318302.04869677144,100.0,0.0,0.0,0.0,0.0,0,0.0,3652,-318202.04869677144
ETH,2,False,02:00-14:00,14:00-02:00,1,2,Night Cash / Day Long,Cash,Long,1,bps,100.0,318302.04869677144,81.11835421796765,0.0005351922344171767,0.6569704651381335,0.29734238588822487,-0.9142139005848744,7303,7303.0,3652,-318220.9303425535
ETH,2,False,02:00-14:00,14:00-02:00,2,3,Night Cash / Day Short,Cash,Short,1,bps,100.0,318302.04869677144,0.36720338379429673,-0.000935117475380988,0.6569698319501502,-0.5195335644269876,-0.9965588813420552,7303,7303.0,3652,-318301.6814933876
ETH,2,False,02:00-14:00,14:00-02:00,3,4,Night Cash / Day Momentum,Cash,Momentum,1,bps,100.0,318302.04869677144,0.4537770559012276,-0.0008819296393951137,0.6569494092062563,-0.48999864200829374,-0.9986309708411375,7299,7299.0,3652,-318301.59491971554
ETH,2,False,02:00-14:00,14:00-02:00,4,5,Night Cash / Day Reversal,Cash,Reversal,1,bps,100.0,318302.04869677144,65.73110627974303,0.00048222344005233197,0.6569486356354873,0.2679228573917953,-0.9442099188711611,7299,7299.0,3652,-318236.3175904917
ETH,2,False,02:00-14:00,14:00-02:00,5,6,Night Long / Day Cash,Long,Cash,1,bps,100.0,318302.04869677144,90545.58176125339,0.0025466258829879348,0.7085927571148508,1.3117809037101646,-0.8426896675962102,7304,7304.0,3652,-227756.46693551805
ETH,2,False,02:00-14:00,14:00-02:00,6,7,Night Long / Day Long,Long,Long,1,bps,100.0,318302.04869677144,316481.72216935875,0.00351338441140108,0.9794319797670828,1.3093153344516646,-0.9399643581215144,1,1.0,3652,-1820.3265274126898
ETH,2,False,02:00-14:00,14:00-02:00,7,8,Night Long / Day Short,Long,Short,1,bps,100.0,318302.04869677144,332.46215464865816,0.0015801927027827504,0.9478450372651684,0.6085069962278518,-0.9213825455326299,7304,14607.0,3652,-317969.58654212276
ETH,2,False,02:00-14:00,14:00-02:00,8,9,Night Long / Day Momentum,Long,Momentum,1,bps,100.0,318302.04869677144,855.1607988607607,0.0018850652809378383,0.9669364544922745,0.7115760548128225,-0.9912986058627208,3639,7273.0,3652,-317446.88789791067
ETH,2,False,02:00-14:00,14:00-02:00,9,10,Night Long / Day Reversal,Long,Reversal,1,bps,100.0,318302.04869677144,123107.1558254464,0.0032085342250245913,0.9607078616520038,1.219012604019043,-0.8181037945549291,3670,7335.0,3652,-195194.89287132502
ETH,2,False,02:00-14:00,14:00-02:00,10,11,Night Short / Day Cash,Short,Cash,1,bps,100.0,318302.04869677144,0.00015836661194261839,-0.002946605882987892,0.7085927571148508,-1.5178127866698736,-0.9999988907085167,7304,7304.0,3652,-318302.0485384048
ETH,2,False,02:00-14:00,14:00-02:00,11,12,Night Short / Day Long,Short,Long,1,bps,100.0,318302.04869677144,0.000128455005950284,-0.0024419242481897715,0.9646124886464946,-0.924000426160671,-0.999999662981071,7304,14607.0,3652,-318302.04856831644
ETH,2,False,02:00-14:00,14:00-02:00,12,13,Night Short / Day Short,Short,Short,1,bps,100.0,318302.04869677144,2.5057199982777136e-06,-0.0034515481022932993,0.9775223608824738,-1.2887838762069197,-0.9999999821154766,1,1.0,3652,-318302.0486942657
ETH,2,False,02:00-14:00,14:00-02:00,13,14,Night Short / Day Momentum,Short,Momentum,1,bps,100.0,318302.04869677144,1.4864532380752513e-06,-0.003648646691667925,0.9581497460353139,-1.389924746073782,-0.9999999913600796,3670,7335.0,3652,-318302.048695285
ETH,2,False,02:00-14:00,14:00-02:00,14,15,Night Short / Day Reversal,Short,Reversal,1,bps,100.0,318302.04869677144,0.0002166569150958562,-0.00224494512755558,0.9836484314067624,-0.8330262575480516,-0.9999985964185697,3639,7273.0,3652,-318302.04848011455
ETH,2,False,02:00-14:00,14:00-02:00,15,16,Night Momentum / Day Cash,Momentum,Cash,1,bps,100.0,318302.04869677144,0.6647312413085122,-0.0006795799034427476,0.7104596727217651,-0.349135460154041,-0.9968878385994703,7296,7296.0,3652,-318301.38396553014
ETH,2,False,02:00-14:00,14:00-02:00,16,17,Night Momentum / Day Long,Momentum,Long,1,bps,100.0,318302.04869677144,1.1566986457920385,8.812979852647886e-05,0.9867767966186819,0.032598432160535644,-0.9992715725863144,3487,6967.0,3652,-318300.89199812565
ETH,2,False,02:00-14:00,14:00-02:00,17,18,Night Momentum / Day Short,Momentum,Short,1,bps,100.0,318302.04869677144,0.004895761614149143,-0.0014474914918259502,0.9596438865529376,-0.5505525559218231,-0.9999563157008473,3823,7639.0,3652,-318302.04380100983
ETH,2,False,02:00-14:00,14:00-02:00,18,19,Night Momentum / Day Momentum,Momentum,Momentum,1,bps,100.0,318302.04869677144,0.006263026168936858,-0.0013805219726326903,0.9610313626329845,-0.5243226595960391,-0.9999867202569037,3649,7289.0,3652,-318302.0424337453
ETH,2,False,02:00-14:00,14:00-02:00,19,20,Night Momentum / Day Reversal,Momentum,Reversal,1,bps,100.0,318302.04869677144,0.9048640962102603,2.111118348545693e-05,0.9853472639509415,0.007820168842094053,-0.999120050192247,3662,7315.0,3652,-318301.14383267524
ETH,2,False,02:00-14:00,14:00-02:00,20,21,Night Reversal / Day Cash,Reversal,Cash,1,bps,100.0,318302.04869677144,21.610820768954277,0.00028003799763775205,0.7104595647007521,0.14387007257877132,-0.9844171303658931,7296,7296.0,3652,-318280.43787600246
ETH,2,False,02:00-14:00,14:00-02:00,21,22,Night Reversal / Day Long,Reversal,Long,1,bps,100.0,318302.04869677144,35.16073056400909,0.000983386928992496,0.9603759133816193,0.3737455553402998,-0.9864162151753559,3823,7639.0,3652,-318266.8879662074
ETH,2,False,02:00-14:00,14:00-02:00,22,23,Night Reversal / Day Short,Reversal,Short,1,bps,100.0,318302.04869677144,0.17022876249618754,-0.0004238109349322931,0.968210747297629,-0.15976995884629938,-0.9989471684717354,3487,6967.0,3652,-318301.87846800894
ETH,2,False,02:00-14:00,14:00-02:00,23,24,Night Reversal / Day Momentum,Reversal,Momentum,1,bps,100.0,318302.04869677144,0.20308606222355716,-0.0003829493901381686,0.9668520538013728,-0.14456868230343212,-0.999775438466831,3662,7315.0,3652,-318301.8456107092
ETH,2,False,02:00-14:00,14:00-02:00,24,25,Night Reversal / Day Reversal,Reversal,Reversal,1,bps,100.0,318302.04869677144,29.494280486756026,0.000942586926025975,0.961688976730938,0.35774999643750494,-0.9910728089425127,3649,7289.0,3652,-318272.55441628466
ETH,2,False,02:00-14:00,14:00-02:00,0,1,Night Cash / Day Cash,Cash,Cash,2,bps,100.0,318302.04869677144,100.0,0.0,0.0,0.0,0.0,0,0.0,3652,-318202.04869677144
ETH,2,False,02:00-14:00,14:00-02:00,1,2,Night Cash / Day Long,Cash,Long,2,bps,100.0,318302.04869677144,39.07565697531379,0.00033510316001071237,0.6568393902375212,0.18621394395923824,-0.9434497623971994,7303,7303.0,3652,-318262.9730397961
ETH,2,False,02:00-14:00,14:00-02:00,2,3,Night Cash / Day Short,Cash,Short,2,bps,100.0,318302.04869677144,0.17688615115101008,-0.0011349136528912404,0.6568381238571335,-0.6306629719857786,-0.9983056650003627,7303,7303.0,3652,-318301.8718106203
ETH,2,False,02:00-14:00,14:00-02:00,3,4,Night Cash / Day Momentum,Cash,Momentum,2,bps,100.0,318302.04869677144,0.21867716484781033,-0.0010816257361907955,0.6568184495491504,-0.601069281748453,-0.9992400376932141,7299,7299.0,3652,-318301.83001960657
ETH,2,False,02:00-14:00,14:00-02:00,4,5,Night Cash / Day Reversal,Cash,Reversal,2,bps,100.0,318302.04869677144,31.676110055888557,0.00028225329369361895,0.6568169024245207,0.15685109779891807,-0.9519869150186697,7299,7299.0,3652,-318270.37258671556
ETH,2,False,02:00-14:00,14:00-02:00,5,6,Night Long / Day Cash,Long,Cash,2,bps,100.0,318302.04869677144,43612.50027130429,0.002346106532345202,0.7084510314775004,1.2087340497198422,-0.8522515615419841,7304,7304.0,3652,-274689.54842546716
ETH,2,False,02:00-14:00,14:00-02:00,6,7,Night Long / Day Long,Long,Long,2,bps,100.0,318302.04869677144,316450.0708320075,0.003513356684659266,0.9794318876214105,1.3093051248463343,-0.9399643581215142,1,1.0,3652,-1851.9778647639323
ETH,2,False,02:00-14:00,14:00-02:00,7,8,Night Long / Day Short,Long,Short,2,bps,100.0,318302.04869677144,77.12193198364571,0.0011795471144110305,0.9474655345397558,0.4544067103920188,-0.9665510953649729,7304,14607.0,3652,-318224.9267647878
ETH,2,False,02:00-14:00,14:00-02:00,8,9,Night Long / Day Momentum,Long,Momentum,2,bps,100.0,318302.04869677144,413.1337280283309,0.0016859842369780689,0.9669183348297103,0.6364386984195247,-0.9949138448676685,3639,7273.0,3652,-317888.9149687431
ETH,2,False,02:00-14:00,14:00-02:00,9,10,Night Long / Day Reversal,Long,Reversal,2,bps,100.0,318302.04869677144,59106.158175832476,0.0030069219510553964,0.960485360288618,1.142679063640722,-0.8551503111954948,3670,7335.0,3652,-259195.89052093896
ETH,2,False,02:00-14:00,14:00-02:00,10,11,Night Short / Day Cash,Short,Cash,2,bps,100.0,318302.04869677144,7.62794138815565e-05,-0.0031460265323451134,0.7084510314775004,-1.6208596406601956,-0.999999451453992,7304,7304.0,3652,-318302.04862049205
ETH,2,False,02:00-14:00,14:00-02:00,11,12,Night Short / Day Long,Short,Long,2,bps,100.0,318302.04869677144,2.979797277174546e-05,-0.0028409591688189108,0.9642269541585778,-1.0754211880788849,-0.9999999021342446,7304,14607.0,3652,-318302.0486669735
ETH,2,False,02:00-14:00,14:00-02:00,12,13,Night Short / Day Short,Short,Short,2,bps,100.0,318302.04869677144,2.505469401218169e-06,-0.0034515751297110892,0.9775224583479406,-1.2887938395540408,-0.9999999821154766,1,1.0,3652,-318302.04869426595
ETH,2,False,02:00-14:00,14:00-02:00,13,14,Night Short / Day Momentum,Short,Momentum,2,bps,100.0,318302.04869677144,7.13675331231175e-07,-0.0038486823364969583,0.9580051516609033,-1.4663481197214099,-0.9999999957267178,3670,7335.0,3652,-318302.04869605775
ETH,2,False,02:00-14:00,14:00-02:00,14,15,Night Short / Day Reversal,Short,Reversal,2,bps,100.0,318302.04869677144,0.00010466836079940891,-0.0024441329846424907,0.9832713678121036,-0.9072861964643161,-0.999999308840987,3639,7273.0,3652,-318302.04859210306
ETH,2,False,02:00-14:00,14:00-02:00,15,16,Night Momentum / Day Cash,Momentum,Cash,2,bps,100.0,318302.04869677144,0.32043304722728616,-0.0008792349116628509,0.7103176614366007,-0.45179890657355465,-0.9983318354847077,7296,7296.0,3652,-318301.7282637242
ETH,2,False,02:00-14:00,14:00-02:00,16,17,Night Momentum / Day Long,Momentum,Long,2,bps,100.0,318302.04869677144,0.5761777815236375,-0.00010200969715858107,0.9868354042018908,-0.037730242859491794,-0.9993876917167887,3487,6967.0,3652,-318301.47251898993
ETH,2,False,02:00-14:00,14:00-02:00,17,18,Night Momentum / Day Short,Momentum,Short,2,bps,100.0,318302.04869677144,0.0022801488315532963,-0.0016568239614434522,0.9592957793398383,-0.6304007157657113,-0.9999795545355706,3823,7639.0,3652,-318302.0464166226
ETH,2,False,02:00-14:00,14:00-02:00,18,19,Night Momentum / Day Momentum,Momentum,Momentum,2,bps,100.0,318302.04869677144,0.0030208700287405977,-0.0015795227160565408,0.9610025578902921,-0.5999211829636497,-0.9999926160461874,3649,7289.0,3652,-318302.0456759014
ETH,2,False,02:00-14:00,14:00-02:00,19,20,Night Momentum / Day Reversal,Momentum,Reversal,2,bps,100.0,318302.04869677144,0.4353130290284557,-0.0001794512697369129,0.9850266129583214,-0.06649537443182221,-0.9993081336183911,3662,7315.0,3652,-318301.6133837424
ETH,2,False,02:00-14:00,14:00-02:00,20,21,Night Reversal / Day Cash,Reversal,Cash,2,bps,100.0,318302.04869677144,10.417475096322251,8.01910562412531e-05,0.7103174454053875,0.041206555910157545,-0.9898140590058927,7296,7296.0,3652,-318291.63122167514
ETH,2,False,02:00-14:00,14:00-02:00,21,22,Night Reversal / Day Long,Reversal,Long,2,bps,100.0,318302.04869677144,16.375735795710238,0.0007745202973924204,0.9603990771041433,0.2943567057567863,-0.9913085235466873,3823,7639.0,3652,-318285.67296097573
ETH,2,False,02:00-14:00,14:00-02:00,22,23,Night Reversal / Day Short,Reversal,Short,2,bps,100.0,318302.04869677144,0.0847948003426658,-0.000615098151763738,0.9678151804766865,-0.23197696205094043,-0.9994439005625155,3487,6967.0,3652,-318301.9639019711
ETH,2,False,02:00-14:00,14:00-02:00,23,24,Night Reversal / Day Momentum,Reversal,Momentum,2,bps,100.0,318302.04869677144,0.0977008694126101,-0.0005829552878526839,0.966720692614043,-0.22010357458147436,-0.9998533246003247,3662,7315.0,3652,-318301.950995902
ETH,2,False,02:00-14:00,14:00-02:00,24,25,Night Reversal / Day Reversal,Reversal,Reversal,2,bps,100.0,318302.04869677144,14.226092233753867,0.0007424582605430604,0.9614067732074005,0.28187576024051564,-0.9919242007311372,3649,7289.0,3652,-318287.8226045377
ETH,3,False,03:00-15:00,15:00-03:00,0,1,Night Cash / Day Cash,Cash,Cash,0,bps,100.0,318302.04869677144,100.0,0.0,0.0,0.0,0.0,0,0.0,3652,-318202.04869677144
ETH,3,False,03:00-15:00,15:00-03:00,1,2,Night Cash / Day Long,Cash,Long,0,bps,100.0,318302.04869677144,69.94115021894967,0.0004968972383488672,0.6570870373599722,0.27601745535268857,-0.95205883279037,7303,7303.0,3652,-318232.1075465525
ETH,3,False,03:00-15:00,15:00-03:00,2,3,Night Cash / Day Short,Cash,Short,0,bps,100.0,318302.04869677144,1.8525635733490555,-0.0004968972383488655,0.6570870373599723,-0.27601745535268757,-0.9855994010775011,7303,7303.0,3652,-318300.1961331981
ETH,3,False,03:00-15:00,15:00-03:00,3,4,Night Cash / Day Momentum,Cash,Momentum,0,bps,100.0,318302.04869677144,1.0549229361936139,-0.0006569922271263557,0.656988433053163,-0.36500210785555065,-0.9984948602086036,7299,7299.0,3652,-318300.99377383525
ETH,3,False,03:00-15:00,15:00-03:00,4,5,Night Cash / Day Reversal,Cash,Reversal,0,bps,100.0,318302.04869677144,122.90091811552999,0.000656992227126357,0.656988433053163,0.36500210785555137,-0.9780530077529748,7299,7299.0,3652,-318179.1477786559
ETH,3,False,03:00-15:00,15:00-03:00,5,6,Night Long / Day Cash,Long,Cash,0,bps,100.0,318302.04869677144,453432.25842977565,0.0029602632199577576,0.6952341166811766,1.5541470842117486,-0.7886516511138854,7304,7304.0,3652,135130.20973300422
ETH,3,False,03:00-15:00,15:00-03:00,6,7,Night Long / Day Long,Long,Long,0,bps,100.0,318302.04869677144,317135.73700954847,0.0035114396931601698,0.9802736225873853,1.307467077019313,-0.9393816081095812,1,1.0,3652,-1166.311687222973
ETH,3,False,03:00-15:00,15:00-03:00,7,8,Night Long / Day Short,Long,Short,0,bps,100.0,318302.04869677144,8400.120849484038,0.002409086746755345,0.9357219705538794,0.9397200132483897,-0.8866027997827659,7304,14607.0,3652,-309901.9278472874
ETH,3,False,03:00-15:00,15:00-03:00,8,9,Night Long / Day Momentum,Long,Momentum,0,bps,100.0,318302.04869677144,4783.360894276467,0.0022922437991882713,0.9525700515437858,0.878328040386918,-0.9910446180292481,3681,7357.0,3652,-313518.68780249497
ETH,3,False,03:00-15:00,15:00-03:00,9,10,Night Long / Day Reversal,Long,Reversal,0,bps,100.0,318302.04869677144,557272.4086421826,0.0036282826407272434,0.9637964343871975,1.3740693746262682,-0.7430840396010243,3628,7251.0,3652,238970.35994541115
ETH,3,False,03:00-15:00,15:00-03:00,10,11,Night Short / Day Cash,Short,Cash,0,bps,100.0,318302.04869677144,0.00016357054844330185,-0.0029602632199577576,0.6952341166811766,-1.5541470842117486,-0.99999866348567,7304,7304.0,3652,-318302.04853320087
ETH,3,False,03:00-15:00,15:00-03:00,11,12,Night Short / Day Long,Short,Long,0,bps,100.0,318302.04869677144,0.00011440312300069018,-0.0025176452164624363,0.9383266787581778,-0.9793396317207509,-0.9999995680129915,7304,14607.0,3652,-318302.0485823683
ETH,3,False,03:00-15:00,15:00-03:00,12,13,Night Short / Day Short,Short,Short,0,bps,100.0,318302.04869677144,3.030248397187863e-06,-0.0034028812234530776,0.9743400965837541,-1.2747619141563336,-0.9999999786663991,1,1.0,3652,-318302.0486937412
ETH,3,False,03:00-15:00,15:00-03:00,13,14,Night Short / Day Momentum,Short,Momentum,0,bps,100.0,318302.04869677144,1.7255432323860754e-06,-0.0036062282534409834,0.957735221972955,-1.3743603475231991,-0.9999999888825432,3628,7251.0,3652,-318302.0486950459
ETH,3,False,03:00-15:00,15:00-03:00,14,15,Night Short / Day Reversal,Short,Reversal,0,bps,100.0,318302.04869677144,0.00020102970580342615,-0.002314298186474531,0.9551141136656595,-0.8844166639117429,-0.9999986576019051,3681,7357.0,3652,-318302.04849574174
ETH,3,False,03:00-15:00,15:00-03:00,15,16,Night Momentum / Day Cash,Momentum,Cash,0,bps,100.0,318302.04869677144,5.944943496582787,-0.00010331734022693053,0.6975264041422508,-0.05406365832015019,-0.9908998597496864,7302,7302.0,3652,-318296.10375327483
ETH,3,False,03:00-15:00,15:00-03:00,16,17,Night Momentum / Day Long,Momentum,Long,0,bps,100.0,318302.04869677144,4.1579618613766165,0.0004138058854251605,0.9725074137359639,0.15530899409800358,-0.9991358316897287,3419,6837.0,3652,-318297.89073491003
ETH,3,False,03:00-15:00,15:00-03:00,17,18,Night Momentum / Day Short,Momentum,Short,0,bps,100.0,318302.04869677144,0.11013385767387632,-0.0006204405658790201,0.9527226522946487,-0.2376985642153124,-0.9993351752852353,3885,7769.0,3652,-318301.93856291374
ETH,3,False,03:00-15:00,15:00-03:00,18,19,Night Momentum / Day Momentum,Momentum,Momentum,0,bps,100.0,318302.04869677144,0.06271457248920227,-0.000791583451681761,0.9484492322477366,-0.30463197189702,-0.9999680332567126,3690,7377.0,3652,-318301.98598219897
ETH,3,False,03:00-15:00,15:00-03:00,19,20,Night Momentum / Day Reversal,Momentum,Reversal,0,bps,100.0,318302.04869677144,7.306390138749815,0.0005849487712279014,0.9765397502747214,0.21863554600631477,-0.9986759543587738,3615,7227.0,3652,-318294.7423066327
ETH,3,False,03:00-15:00,15:00-03:00,20,21,Night Reversal / Day Cash,Reversal,Cash,0,bps,100.0,318302.04869677144,12.476204807266775,0.00010331734022692992,0.6975264041422508,0.054063658320149865,-0.9723856582233734,7302,7302.0,3652,-318289.57249196415
ETH,3,False,03:00-15:00,15:00-03:00,21,22,Night Reversal / Day Long,Reversal,Long,0,bps,100.0,318302.04869677144,8.726001145874275,0.000579988591272572,0.9498670391640094,0.22286891437016812,-0.9890386523523822,3885,7769.0,3652,-318293.32269562554
ETH,3,False,03:00-15:00,15:00-03:00,22,23,Night Reversal / Day Short,Reversal,Short,0,bps,100.0,318302.04869677144,0.23112962559584996,-0.00037335391081871265,0.9609282918676925,-0.14181513709411453,-0.9984574925562074,3419,6837.0,3652,-318301.81756714586
ETH,3,False,03:00-15:00,15:00-03:00,23,24,Night Reversal / Day Momentum,Reversal,Momentum,0,bps,100.0,318302.04869677144,0.13161434607834754,-0.0005224010025709515,0.9651024353745303,-0.19757111675342617,-0.9998291681745144,3615,7227.0,3652,-318301.9170824254
ETH,3,False,03:00-15:00,15:00-03:00,24,25,Night Reversal / Day Reversal,Reversal,Reversal,0,bps,100.0,318302.04869677144,15.333370254104741,0.000729035683024811,0.9454912130347467,0.2814389183480195,-0.9973190861380846,3690,7377.0,3652,-318286.71532651735
ETH,3,False,03:00-15:00,15:00-03:00,0,1,Night Cash / Day Cash,Cash,Cash,1,bps,100.0,318302.04869677144,100.0,0.0,0.0,0.0,0.0,0,0.0,3652,-318202.04869677144
ETH,3,False,03:00-15:00,15:00-03:00,1,2,Night Cash / Day Long,Cash,Long,1,bps,100.0,318302.04869677144,33.69392856533298,0.0002968353531258121,0.656955680918711,0.16491965445737206,-0.9645765387133349,7303,7303.0,3652,-318268.35476820613
ETH,3,False,03:00-15:00,15:00-03:00,2,3,Night Cash / Day Short,Cash,Short,1,bps,100.0,318302.04869677144,0.8924666595810355,-0.0006967605940896197,0.6569555740772586,-0.38711539543586115,-0.9929089432655758,7303,7303.0,3652,-318301.15623011184
ETH,3,False,03:00-15:00,15:00-03:00,3,4,Night Cash / Day Momentum,Cash,Momentum,1,bps,100.0,318302.04869677144,0.5084091310638338,-0.0008567124757845114,0.656857950547634,-0.4760543027615683,-0.9991773664415886,7299,7299.0,3652,-318301.54028764035
ETH,3,False,03:00-15:00,15:00-03:00,4,5,Night Cash / Day Reversal,Cash,Reversal,1,bps,100.0,318302.04869677144,59.230818519805496,0.00045700627644173385,0.6568562286838439,0.25394794723263564,-0.9812262596026847,7299,7299.0,3652,-318242.8178782516
ETH,3,False,03:00-15:00,15:00-03:00,5,6,Night Long / Day Cash,Long,Cash,1,bps,100.0,318302.04869677144,218417.7166877519,0.0027596811969164215,0.6950950768101816,1.4491307311468202,-0.8014969273112674,7304,7304.0,3652,-99884.33200901953
ETH,3,False,03:00-15:00,15:00-03:00,6,7,Night Long / Day Long,Long,Long,1,bps,100.0,318302.04869677144,317104.02343584545,0.003511412052471124,0.9802735620950933,1.3074568658290815,-0.9393816081095812,1,1.0,3652,-1198.0252609259915
ETH,3,False,03:00-15:00,15:00-03:00,7,8,Night Long / Day Short,Long,Short,1,bps,100.0,318302.04869677144,1949.1629190138751,0.002008190622941058,0.9353477087071382,0.7836546458072188,-0.9417449902718036,7304,14607.0,3652,-316352.88577775756
ETH,3,False,03:00-15:00,15:00-03:00,8,9,Night Long / Day Momentum,Long,Momentum,1,bps,100.0,318302.04869677144,2291.874084949341,0.0020907625613124253,0.9525407390768509,0.8011503377993222,-0.9946547779763183,3681,7357.0,3652,-316010.1746118221
ETH,3,False,03:00-15:00,15:00-03:00,9,10,Night Long / Day Reversal,Long,Reversal,1,bps,100.0,318302.04869677144,269854.166687524,0.003428863369991405,0.9635475929546894,1.2988825245352629,-0.7574656697711959,3628,7251.0,3652,-48447.882009247434
ETH,3,False,03:00-15:00,15:00-03:00,10,11,Night Short / Day Cash,Short,Cash,1,bps,100.0,318302.04869677144,7.879171594908092e-05,-0.003159661196916376,0.6950950768101816,-1.6591634372766775,-0.9999993377221703,7304,7304.0,3652,-318302.04861797974
ETH,3,False,03:00-15:00,15:00-03:00,11,12,Night Short / Day Long,Short,Long,1,bps,100.0,318302.04869677144,2.6546085368048618e-05,-0.0029165709212296857,0.9379513978059819,-1.1349717999663775,-0.9999998978899375,7304,14607.0,3652,-318302.04867022537
ETH,3,False,03:00-15:00,15:00-03:00,12,13,Night Short / Day Short,Short,Short,1,bps,100.0,318302.04869677144,3.029945372348151e-06,-0.0034029083484637276,0.9743401579878991,-1.2747719951872152,-0.9999999786663991,1,1.0,3652,-318302.0486937415
ETH,3,False,03:00-15:00,15:00-03:00,13,14,Night Short / Day Momentum,Short,Momentum,1,bps,100.0,318302.04869677144,8.355788369164114e-07,-0.0038038975579331707,0.9576096275440301,-1.4498837195345224,-0.999999994538926,3628,7251.0,3652,-318302.04869593587
ETH,3,False,03:00-15:00,15:00-03:00,14,15,Night Short / Day Reversal,Short,Reversal,1,bps,100.0,318302.04869677144,9.632030348936439e-05,-0.0025157011615991997,0.9547547337090829,-0.9617453483749848,-0.9999993342309775,3681,7357.0,3652,-318302.04860045115
ETH,3,False,03:00-15:00,15:00-03:00,15,16,Night Momentum / Day Cash,Momentum,Cash,1,bps,100.0,318302.04869677144,2.8642442070956733,-0.0003032319160176654,0.6973869116641103,-0.15870623250204563,-0.9928952054334499,7302,7302.0,3652,-318299.18445256434
ETH,3,False,03:00-15:00,15:00-03:00,16,17,Night Momentum / Day Long,Momentum,Long,1,bps,100.0,318302.04869677144,2.0985710126322945,0.00022742643007048492,0.9726692353652108,0.08534314025523666,-0.9993096870190057,3419,6837.0,3652,-318299.9501257588
ETH,3,False,03:00-15:00,15:00-03:00,17,18,Night Momentum / Day Short,Momentum,Short,1,bps,100.0,318302.04869677144,0.05063883735609989,-0.0008333145174988675,0.9524291220574167,-0.3193516366131762,-0.9996523191236908,3885,7769.0,3652,-318301.9980579341
ETH,3,False,03:00-15:00,15:00-03:00,18,19,Night Momentum / Day Momentum,Momentum,Momentum,1,bps,100.0,318302.04869677144,0.02998868284217999,-0.0009930299760742168,0.9484299258145312,-0.38216417618392257,-0.9999795485982748,3690,7377.0,3652,-318302.0187080886
ETH,3,False,03:00-15:00,15:00-03:00,19,20,Night Momentum / Day Reversal,Momentum,Reversal,1,bps,100.0,318302.04869677144,3.5465562494508793,0.0003867608155800518,0.9762537898647872,0.14460143371763082,-0.9989482358301084,3615,7227.0,3652,-318298.502140522
ETH,3,False,03:00-15:00,15:00-03:00,20,21,Night Reversal / Day Cash,Reversal,Cash,1,bps,100.0,318302.04869677144,6.010973420738819,-9.663856043354883e-05,0.697386905741245,-0.05057891719483026,-0.9828977281612162,7302,7302.0,3652,-318296.0377233507
ETH,3,False,03:00-15:00,15:00-03:00,21,22,Night Reversal / Day Long,Reversal,Long,1,bps,100.0,318302.04869677144,4.012159041078253,0.00036746938234347875,0.9498088572994737,0.14121401745686168,-0.9948330499211603,3885,7769.0,3652,-318298.03653773037
ETH,3,False,03:00-15:00,15:00-03:00,22,23,Night Reversal / Day Short,Reversal,Short,1,bps,100.0,318302.04869677144,0.11665377139255756,-0.000561348373498,0.9604263020218333,-0.21333459516408806,-0.9992157742443418,3419,6837.0,3652,-318301.93204300007
ETH,3,False,03:00-15:00,15:00-03:00,23,24,Night Reversal / Day Momentum,Reversal,Momentum,1,bps,100.0,318302.04869677144,0.06388622462493163,-0.0007199954969977885,0.9649634229812263,-0.27234022569714084,-0.9999151733649081,3615,7227.0,3652,-318301.9848105468
ETH,3,False,03:00-15:00,15:00-03:00,24,25,Night Reversal / Day Reversal,Reversal,Reversal,1,bps,100.0,318302.04869677144,7.33206907423693,0.0005265109163608946,0.9451722441463163,0.20332429952521633,-0.9976060459380098,3690,7377.0,3652,-318294.7166276972
ETH,3,False,03:00-15:00,15:00-03:00,0,1,Night Cash / Day Cash,Cash,Cash,2,bps,100.0,318302.04869677144,100.0,0.0,0.0,0.0,0.0,0,0.0,3652,-318202.04869677144
ETH,3,False,03:00-15:00,15:00-03:00,1,2,Night Cash / Day Long,Cash,Long,2,bps,100.0,318302.04869677144,16.230758223125612,9.679347234229911e-05,0.6568243391417109,0.05378853264040929,-0.9746234805328726,7303,7303.0,3652,-318285.81793854834
ETH,3,False,03:00-15:00,15:00-03:00,2,3,Night Cash / Day Short,Cash,Short,2,bps,100.0,318302.04869677144,0.42991159507484505,-0.0008966039652228238,0.6568241254557897,-0.4982466913486695,-0.9965085116777912,7303,7303.0,3652,-318301.61878517637
ETH,3,False,03:00-15:00,15:00-03:00,3,4,Night Cash / Day Momentum,Cash,Momentum,2,bps,100.0,318302.04869677144,0.24500460285056805,-0.0010564127597801761,0.6567274918112445,-0.587139509351605,-0.999550417119171,7299,7299.0,3652,-318301.8036921686
ETH,3,False,03:00-15:00,15:00-03:00,4,5,Night Cash / Day Reversal,Cash,Reversal,2,bps,100.0,318302.04869677144,28.543592711628268,0.000257040317283003,0.6567240481004099,0.1428601801314751,-0.9839848193963004,7299,7299.0,3652,-318273.5051040598
ETH,3,False,03:00-15:00,15:00-03:00,5,6,Night Long / Day Cash,Long,Cash,2,bps,100.0,318302.04869677144,105203.83814440768,0.0025591192330803474,0.694956050843869,1.34408286529788,-0.8135626657783885,7304,7304.0,3652,-213098.21055236377
ETH,3,False,03:00-15:00,15:00-03:00,6,7,Night Long / Day Long,Long,Long,2,bps,100.0,318302.04869677144,317072.30986214516,0.0035113844117820787,0.9802735026416982,1.3074466532519537,-0.939381608109581,1,1.0,3652,-1229.7388346262742
ETH,3,False,03:00-15:00,15:00-03:00,7,8,Night Long / Day Short,Long,Short,2,bps,100.0,318302.04869677144,452.1513440351999,0.0016073746808857067,0.93497352279362,0.6274955859394806,-0.9700769157658649,7304,14607.0,3652,-317849.8973527362
ETH,3,False,03:00-15:00,15:00-03:00,8,9,Night Long / Day Momentum,Long,Momentum,2,bps,100.0,318302.04869677144,1097.9547785332509,0.0018893004570118886,0.952518637354772,0.7239697364078926,-0.9968099128568881,3681,7357.0,3652,-317204.0939182382
ETH,3,False,03:00-15:00,15:00-03:00,9,10,Night Long / Day Reversal,Long,Reversal,2,bps,100.0,318302.04869677144,130655.51028914019,0.0032294628379332985,0.9633060230134869,1.223654692989655,-0.7715108680340547,3628,7251.0,3652,-187646.53840763125
ETH,3,False,03:00-15:00,15:00-03:00,10,11,Night Short / Day Cash,Short,Cash,2,bps,100.0,318302.04869677144,3.795109232680724e-05,-0.00335903923308026,0.694956050843869,-1.764211303125617,-0.9999996718470473,7304,7304.0,3652,-318302.04865882033
ETH,3,False,03:00-15:00,15:00-03:00,11,12,Night Short / Day Long,Short,Long,2,bps,100.0,318302.04869677144,6.1579501954145955e-06,-0.003315416838345881,0.9375761929773737,-1.2906973908470925,-0.9999999758709024,7304,14607.0,3652,-318302.0486906135
ETH,3,False,03:00-15:00,15:00-03:00,12,13,Night Short / Day Short,Short,Short,2,bps,100.0,318302.04869677144,3.0296423475084304e-06,-0.0034029354734743775,0.9743402203986309,-1.274782074899854,-0.9999999786663991,1,1.0,3652,-318302.0486937418
ETH,3,False,03:00-15:00,15:00-03:00,13,14,Night Short / Day Momentum,Short,Momentum,2,bps,100.0,318302.04869677144,4.045628817380352e-07,-0.004001548325615482,0.9574912117112444,-1.525408401649248,-0.9999999973178139,3628,7251.0,3652,-318302.0486963669
ETH,3,False,03:00-15:00,15:00-03:00,14,15,Night Short / Day Reversal,Short,Reversal,2,bps,100.0,318302.04869677144,4.6143607181744006e-05,-0.0027170848371960723,0.9544026439065744,-1.0391169512242533,-0.9999996698548514,3681,7357.0,3652,-318302.04865062784
ETH,3,False,03:00-15:00,15:00-03:00,15,16,Night Momentum / Day Cash,Momentum,Cash,2,bps,100.0,318302.04869677144,1.379877829998127,-0.0005031264993511986,0.6972474388693313,-0.2633802033908984,-0.9952664857147512,7302,7302.0,3652,-318300.66881894146
ETH,3,False,03:00-15:00,15:00-03:00,16,17,Night Momentum / Day Long,Momentum,Long,2,bps,100.0,318302.04869677144,1.059027976485794,4.108424883589102e-05,0.9728458793036034,0.015414312939100587,-0.9994485905208933,3419,6837.0,3652,-318300.98966879497
ETH,3,False,03:00-15:00,15:00-03:00,17,18,Night Momentum / Day Short,Momentum,Short,2,bps,100.0,318302.04869677144,0.023279792068146416,-0.0010461458955255355,0.9521509238203785,-0.40103227578116013,-0.9998324371822334,3885,7769.0,3652,-318302.0254169794
ETH,3,False,03:00-15:00,15:00-03:00,18,19,Night Momentum / Day Momentum,Momentum,Momentum,2,bps,100.0,318302.04869677144,0.01433779041742337,-0.0011944572841243845,0.9484178354742198,-0.45968864396925524,-0.9999869169512666,3690,7377.0,3652,-318302.034358981
ETH,3,False,03:00-15:00,15:00-03:00,19,20,Night Momentum / Day Reversal,Momentum,Reversal,2,bps,100.0,318302.04869677144,1.7212662806471404,0.00018859144338444225,0.975974995523532,0.07053036927282805,-0.9991645628309582,3615,7227.0,3652,-318300.3274304908
ETH,3,False,03:00-15:00,15:00-03:00,20,21,Night Reversal / Day Cash,Reversal,Cash,2,bps,100.0,318302.04869677144,2.8958455914609047,-0.00029657446450413575,0.6972474270241927,-0.15525289208453907,-0.9905023504240886,7302,7302.0,3652,-318299.15285118
ETH,3,False,03:00-15:00,15:00-03:00,21,22,Night Reversal / Day Long,Reversal,Long,2,bps,100.0,318302.04869677144,1.84447813372604,0.0001549926760080291,0.9497660340306668,0.05956448716411348,-0.9975911362269372,3885,7769.0,3652,-318300.2042186377
ETH,3,False,03:00-15:00,15:00-03:00,22,23,Night Reversal / Day Short,Reversal,Short,2,bps,100.0,318302.04869677144,0.05886844272776703,-0.0007493052389795333,0.9599394916761154,-0.2849100538097329,-0.9996013459694503,3419,6837.0,3652,-318301.9898283287
ETH,3,False,03:00-15:00,15:00-03:00,23,24,Night Reversal / Day Momentum,Reversal,Momentum,2,bps,100.0,318302.04869677144,0.031006192066394725,-0.0009175715483346308,0.9648315656794372,-0.3471213287951385,-0.9999578851874356,3615,7227.0,3652,-318302.01769057935
ETH,3,False,03:00-15:00,15:00-03:00,24,25,Night Reversal / Day Reversal,Reversal,Reversal,2,bps,100.0,318302.04869677144,3.505511404609485,0.00032400559349736246,0.9448606633900111,0.12516347246612186,-0.9978623384934644,3690,7377.0,3652,-318298.54318536684
ETH,4,True,04:00-16:00,16:00-04:00,0,1,Night Cash / Day Cash,Cash,Cash,0,bps,100.0,318302.04869677144,100.0,0.0,0.0,0.0,0.0,0,0.0,3652,-318202.04869677144
ETH,4,True,04:00-16:00,16:00-04:00,1,2,Night Cash / Day Long,Cash,Long,0,bps,100.0,318302.04869677144,333.30162553930666,0.0009491710198974998,0.6730353519998826,0.5147536771034991,-0.9172871846236557,7303,7303.0,3652,-317968.7470712321
ETH,4,True,04:00-16:00,16:00-04:00,2,3,Night Cash / Day Short,Cash,Short,0,bps,100.0,318302.04869677144,0.31285587664986847,-0.0009491710198974994,0.6730353519998825,-0.514753677103499,-0.9980321795588304,7303,7303.0,3652,-318301.7358408948
ETH,4,True,04:00-16:00,16:00-04:00,3,4,Night Cash / Day Momentum,Cash,Momentum,0,bps,100.0,318302.04869677144,0.9312325263701656,-0.000657344948722992,0.6728905236902041,-0.35656752151610804,-0.9991784517064982,7295,7295.0,3652,-318301.11746424506
ETH,4,True,04:00-16:00,16:00-04:00,4,5,Night Cash / Day Reversal,Cash,Reversal,0,bps,100.0,318302.04869677144,112.38683464179564,0.0006573449487229923,0.6728905236902041,0.3565675215161082,-0.9941264936072159,7295,7295.0,3652,-318189.66186212964
ETH,4,True,04:00-16:00,16:00-04:00,5,6,Night Long / Day Cash,Long,Cash,0,bps,100.0,318302.04869677144,95020.0836614602,0.0025087076505420666,0.6824795124205987,1.3416934512805414,-0.7944726295609684,7304,7304.0,3652,-223281.96503531124
ETH,4,True,04:00-16:00,16:00-04:00,6,7,Night Long / Day Long,Long,Long,0,bps,100.0,318302.04869677144,316703.4834324581,0.0034793279321475704,0.9684728926885214,1.3112960670570917,-0.9403796388659991,1,1.0,3652,-1598.5652643133653
ETH,4,True,04:00-16:00,16:00-04:00,7,8,Night Long / Day Short,Long,Short,0,bps,100.0,318302.04869677144,297.2759157325018,0.0015380873689365626,0.9524870485082051,0.5894063237301952,-0.9848733366860928,7304,14607.0,3652,-318004.77278103895
ETH,4,True,04:00-16:00,16:00-04:00,8,9,Night Long / Day Momentum,Long,Momentum,0,bps,100.0,318302.04869677144,884.8579256396604,0.0018312760454550882,0.9504956792775506,0.703228611306423,-0.9991856523794878,3697,7385.0,3652,-317417.1907711318
ETH,4,True,04:00-16:00,16:00-04:00,9,10,Night Long / Day Reversal,Long,Reversal,0,bps,100.0,318302.04869677144,106790.06430110105,0.0031861392556290454,0.9702227076271669,1.1986328697137558,-0.8299405885069953,3616,7223.0,3652,-211511.98439567038
ETH,4,True,04:00-16:00,16:00-04:00,10,11,Night Short / Day Cash,Short,Cash,0,bps,100.0,318302.04869677144,0.0009406781646285904,-0.0025087076505420657,0.6824795124205987,-1.341693451280541,-0.9999908601673893,7304,7304.0,3652,-318302.04775609326
ETH,4,True,04:00-16:00,16:00-04:00,11,12,Night Short / Day Long,Short,Long,0,bps,100.0,318302.04869677144,0.003135295613800439,-0.0015809858923525695,0.9517778371071188,-0.6062967934435545,-0.9999869244097177,7304,14607.0,3652,-318302.04556147585
ETH,4,True,04:00-16:00,16:00-04:00,12,13,Night Short / Day Short,Short,Short,0,bps,100.0,318302.04869677144,2.9429669184026715e-06,-0.003436429408731561,0.9648144365556944,-1.300039351260904,-0.9999999794709531,1,1.0,3652,-318302.04869382846
ETH,4,True,04:00-16:00,16:00-04:00,13,14,Night Short / Day Momentum,Short,Momentum,0,bps,100.0,318302.04869677144,8.759901037483319e-06,-0.00314596594290107,0.9623740088150502,-1.1931718423825048,-0.9999999136466382,3616,7223.0,3652,-318302.04868801153
ETH,4,True,04:00-16:00,16:00-04:00,14,15,Night Short / Day Reversal,Short,Reversal,0,bps,100.0,318302.04869677144,0.0010571984133926082,-0.00187144935818306,0.9540447307728961,-0.7159821690786312,-0.9999981628422003,3697,7385.0,3652,-318302.04763957305
ETH,4,True,04:00-16:00,16:00-04:00,15,16,Night Momentum / Day Cash,Momentum,Cash,0,bps,100.0,318302.04869677144,3.542873646126838,-0.0002750232468401086,0.6841264436241248,-0.14673235632416612,-0.9930832418559263,7298,7298.0,3652,-318298.5058231253
ETH,4,True,04:00-16:00,16:00-04:00,16,17,Night Momentum / Day Long,Momentum,Long,0,bps,100.0,318302.04869677144,11.80845545334437,0.0007025834955891444,0.9757586677452564,0.2628139358296614,-0.998858199147559,3431,6857.0,3652,-318290.24024131807
ETH,4,True,04:00-16:00,16:00-04:00,17,18,Night Momentum / Day Short,Momentum,Short,0,bps,100.0,318302.04869677144,0.01108408840418718,-0.0012526299892693619,0.9524941102107245,-0.4800134102479295,-0.999972825446802,3877,7749.0,3652,-318302.037612683
ETH,4,True,04:00-16:00,16:00-04:00,18,19,Night Momentum / Day Momentum,Momentum,Momentum,0,bps,100.0,318302.04869677144,0.032992391760929655,-0.0009332239736465351,0.9608407666641761,-0.3545090531114381,-0.9999615857725304,3722,7433.0,3652,-318302.01570437965
ETH,4,True,04:00-16:00,16:00-04:00,19,20,Night Momentum / Day Reversal,Momentum,Reversal,0,bps,100.0,318302.04869677144,3.981723546240272,0.00038317747996631757,0.967350267830491,0.14458028786343763,-0.9996050210844123,3591,7171.0,3652,-318298.0669732252
ETH,4,True,04:00-16:00,16:00-04:00,20,21,Night Reversal / Day Cash,Reversal,Cash,0,bps,100.0,318302.04869677144,25.23396094359709,0.0002750232468401098,0.6841264436241248,0.14673235632416678,-0.9558738923864596,7298,7298.0,3652,-318276.81473582785
ETH,4,True,04:00-16:00,16:00-04:00,21,22,Night Reversal / Day Long,Reversal,Long,0,bps,100.0,318302.04869677144,84.1052020129635,0.0011957585442058571,0.9467349192591344,0.46100746867632425,-0.9632642281552979,3877,7749.0,3652,-318217.94349475845
ETH,4,True,04:00-16:00,16:00-04:00,22,23,Night Reversal / Day Short,Reversal,Short,0,bps,100.0,318302.04869677144,0.07894592972357754,-0.0006457120505256364,0.967090776157132,-0.24370504222818004,-0.9994417987178249,3431,6857.0,3652,-318301.96975084173
ETH,4,True,04:00-16:00,16:00-04:00,23,24,Night Reversal / Day Momentum,Reversal,Momentum,0,bps,100.0,318302.04869677144,0.23498685199832156,-0.00038146592379944763,0.9543681532873518,-0.14589240190716624,-0.9997766090899318,3591,7171.0,3652,-318301.81370991946
ETH,4,True,04:00-16:00,16:00-04:00,24,25,Night Reversal / Day Reversal,Reversal,Reversal,0,bps,100.0,318302.04869677144,28.359649959255716,0.0009315124174796684,0.959344849444163,0.3544106507446967,-0.9972534400943013,3722,7433.0,3652,-318273.6890468122
ETH,4,True,04:00-16:00,16:00-04:00,0,1,Night Cash / Day Cash,Cash,Cash,1,bps,100.0,318302.04869677144,100.0,0.0,0.0,0.0,0.0,0,0.0,3652,-318202.04869677144
ETH,4,True,04:00-16:00,16:00-04:00,1,2,Night Cash / Day Long,Cash,Long,1,bps,100.0,318302.04869677144,160.56700706915416,0.0007490185689675938,0.6729007351966085,0.4062884217139277,-0.9374816223249979,7303,7303.0,3652,-318141.4816897023
ETH,4,True,04:00-16:00,16:00-04:00,2,3,Night Cash / Day Short,Cash,Short,1,bps,100.0,318302.04869677144,0.1507173320153564,-0.0011489438099314025,0.6729007696152659,-0.6232189195811672,-0.9990278145515428,7303,7303.0,3652,-318301.8979794394
ETH,4,True,04:00-16:00,16:00-04:00,3,4,Night Cash / Day Momentum,Cash,Momentum,1,bps,100.0,318302.04869677144,0.4489773892500813,-0.0008569575391011802,0.6727558237174798,-0.46493763523819753,-0.9995192901210134,7295,7295.0,3652,-318301.5997193822
ETH,4,True,04:00-16:00,16:00-04:00,4,5,Night Cash / Day Reversal,Cash,Reversal,1,bps,100.0,318302.04869677144,54.185336287852834,0.0004574703759029794,0.6727561593173702,0.24819793158640832,-0.9950719517306131,7295,7295.0,3652,-318247.8633604836
ETH,4,True,04:00-16:00,16:00-04:00,5,6,Night Long / Day Cash,Long,Cash,1,bps,100.0,318302.04869677144,45771.04810470735,0.002308215934099059,0.6823430233429096,1.2347144868846427,-0.816305583117289,7304,7304.0,3652,-272531.0005920641
ETH,4,True,04:00-16:00,16:00-04:00,6,7,Night Long / Day Long,Long,Long,1,bps,100.0,318302.04869677144,316671.8130841147,0.0034793001747520356,0.9684727862674345,1.3112857498856036,-0.9403796388659991,1,1.0,3652,-1630.2356126567465
ETH,4,True,04:00-16:00,16:00-04:00,7,8,Night Long / Day Short,Long,Short,1,bps,100.0,318302.04869677144,68.97986374770812,0.0011375399589864793,0.9521062262776581,0.4360879842718112,-0.9928794596172953,7304,14607.0,3652,-318233.0688330237
ETH,4,True,04:00-16:00,16:00-04:00,8,9,Night Long / Day Momentum,Long,Momentum,1,bps,100.0,318302.04869677144,422.780563182934,0.001629064337332647,0.9504361713790884,0.6256164285747203,-0.9995253710457309,3697,7385.0,3652,-317879.2681335885
ETH,4,True,04:00-16:00,16:00-04:00,9,10,Night Long / Day Reversal,Long,Reversal,1,bps,100.0,318302.04869677144,51857.14345232413,0.0029875231266238357,0.9699564316042311,1.1242215688123114,-0.8466784279294133,3616,7223.0,3652,-266444.9052444473
ETH,4,True,04:00-16:00,16:00-04:00,10,11,Night Short / Day Cash,Short,Cash,1,bps,100.0,318302.04869677144,0.00045312342259835506,-0.002708195934099011,0.6823430233429096,-1.4486724156764408,-0.9999955748427969,7304,7304.0,3652,-318302.048243648
ETH,4,True,04:00-16:00,16:00-04:00,11,12,Night Short / Day Long,Short,Long,1,bps,100.0,318302.04869677144,0.0007275135751102972,-0.001980286570989703,0.9513970347419429,-0.7597297153730305,-0.9999969265853297,7304,14607.0,3652,-318302.04796925787
ETH,4,True,04:00-16:00,16:00-04:00,12,13,Night Short / Day Short,Short,Short,1,bps,100.0,318302.04869677144,2.94267262171086e-06,-0.0034364564156890084,0.9648145420119243,-1.3000494261942683,-0.9999999794709531,1,1.0,3652,-318302.04869382875
ETH,4,True,04:00-16:00,16:00-04:00,13,14,Night Short / Day Momentum,Short,Momentum,1,bps,100.0,318302.04869677144,4.253798775212928e-06,-0.003342915995337831,0.9622703850276176,-1.2680057053437106,-0.9999999580459247,3616,7223.0,3652,-318302.0486925176
ETH,4,True,04:00-16:00,16:00-04:00,14,15,Night Short / Day Reversal,Short,Reversal,1,bps,100.0,318302.04869677144,0.0005051239613264748,-0.0020736587269235044,0.9536933730623915,-0.7936360435185312,-0.9999984212955201,3697,7385.0,3652,-318302.04819164745
ETH,4,True,04:00-16:00,16:00-04:00,15,16,Night Momentum / Day Cash,Momentum,Cash,1,bps,100.0,318302.04869677144,1.7076218470909739,-0.0004747939596178404,0.6839896580508187,-0.2533661046197222,-0.995635846868636,7298,7298.0,3652,-318300.34107492433
ETH,4,True,04:00-16:00,16:00-04:00,16,17,Night Momentum / Day Long,Momentum,Long,1,bps,100.0,318302.04869677144,5.947953938677253,0.0005154179177810646,0.9758560916430282,0.19278205219105843,-0.9991379322219843,3431,6857.0,3652,-318296.10074283276
ETH,4,True,04:00-16:00,16:00-04:00,17,18,Night Momentum / Day Short,Momentum,Short,1,bps,100.0,318302.04869677144,0.005106596459848312,-0.0014648290803123993,0.9521792317963618,-0.5615146775521895,-0.9999834948944202,3877,7749.0,3652,-318302.043590175
ETH,4,True,04:00-16:00,16:00-04:00,18,19,Night Momentum / Day Momentum,Momentum,Momentum,1,bps,100.0,318302.04869677144,0.015688103672778907,-0.0011362944693459186,0.9607658808923657,-0.43168423188179833,-0.9999785576139377,3722,7433.0,3652,-318302.03300866776
ETH,4,True,04:00-16:00,16:00-04:00,19,20,Night Momentum / Day Reversal,Momentum,Reversal,1,bps,100.0,318302.04869677144,1.9436023114749863,0.00018644808597559614,0.967020073118055,0.07037449715150279,-0.9997082194054855,3591,7171.0,3652,-318300.10509445996
ETH,4,True,04:00-16:00,16:00-04:00,20,21,Night Reversal / Day Cash,Reversal,Cash,1,bps,100.0,318302.04869677144,12.162461126163759,7.5142530264109e-05,0.6839896098256691,0.040098596751184865,-0.9720356968268858,7298,7298.0,3652,-318289.8862356453
ETH,4,True,04:00-16:00,16:00-04:00,21,22,Night Reversal / Day Long,Reversal,Long,1,bps,100.0,318302.04869677144,38.748457355498935,0.0009836497978282421,0.946658635772555,0.3792625584768549,-0.9665871181839858,3877,7749.0,3652,-318263.30023941596
ETH,4,True,04:00-16:00,16:00-04:00,22,23,Night Reversal / Day Short,Reversal,Short,1,bps,100.0,318302.04869677144,0.039765298306553024,-0.0008340319962004159,0.9666623834366518,-0.31492037326504846,-0.9997126637222794,3431,6857.0,3652,-318302.00893147313
ETH,4,True,04:00-16:00,16:00-04:00,23,24,Night Reversal / Day Momentum,Reversal,Momentum,1,bps,100.0,318302.04869677144,0.11470434433887902,-0.0005774475456416621,0.9542741072044544,-0.22086772822187584,-0.99987309145877,3591,7171.0,3652,-318301.9339924271
ETH,4,True,04:00-16:00,16:00-04:00,24,25,Night Reversal / Day Reversal,Reversal,Reversal,1,bps,100.0,318302.04869677144,13.485203858769768,0.0007275257120474498,0.9590632330473376,0.27688151911899245,-0.9976041560628276,3722,7433.0,3652,-318288.5634929127
ETH,4,True,04:00-16:00,16:00-04:00,0,1,Night Cash / Day Cash,Cash,Cash,2,bps,100.0,318302.04869677144,100.0,0.0,0.0,0.0,0.0,0,0.0,3652,-318202.04869677144
ETH,4,True,04:00-16:00,16:00-04:00,1,2,Night Cash / Day Long,Cash,Long,2,bps,100.0,318302.04869677144,77.34699933541516,0.0005488861315458008,0.6727661333418529,0.29779061115791433,-0.9527468856097734,7303,7303.0,3652,-318224.70169743604
ETH,4,True,04:00-16:00,16:00-04:00,2,3,Night Cash / Day Short,Cash,Short,2,bps,100.0,318302.04869677144,0.07260229602589884,-0.0013486966244263298,0.6727662021735276,-0.7317167038492777,-0.9995197336742229,7303,7303.0,3652,-318301.9760944754
ETH,4,True,04:00-16:00,16:00-04:00,3,4,Night Cash / Day Momentum,Cash,Momentum,2,bps,100.0,318302.04869677144,0.2164507602915469,-0.0010565501863436307,0.6726211534956945,-0.573340306071557,-0.9997187388693348,7295,7295.0,3652,-318301.8322460111
ETH,4,True,04:00-16:00,16:00-04:00,4,5,Night Cash / Day Reversal,Cash,Reversal,2,bps,100.0,318302.04869677144,26.12260108632352,0.00025761577232400005,0.6726218247264198,0.13979587554493253,-0.995865292071462,7295,7295.0,3652,-318275.9260956851
ETH,4,True,04:00-16:00,16:00-04:00,5,6,Night Long / Day Cash,Long,Cash,2,bps,100.0,318302.04869677144,22046.242445577074,0.0021077442678301994,0.682206547914811,1.1277034207741006,-0.8358210893903671,7304,7304.0,3652,-296255.8062511944
ETH,4,True,04:00-16:00,16:00-04:00,6,7,Night Long / Day Long,Long,Long,2,bps,100.0,318302.04869677144,316640.1427357731,0.0034792724173564995,0.9684726809067945,1.3112754312760426,-0.9403796388659991,1,1.0,3652,-1661.9059609983233
ETH,4,True,04:00-16:00,16:00-04:00,7,8,Night Long / Day Short,Long,Short,2,bps,100.0,318302.04869677144,16.001401319839655,0.0007370726609757771,0.951725481271625,0.28267764870254247,-0.9974857834731452,7304,14607.0,3652,-318286.0472954516
ETH,4,True,04:00-16:00,16:00-04:00,8,9,Night Long / Day Momentum,Long,Momentum,2,bps,100.0,318302.04869677144,201.97255006410904,0.0014268718235146533,0.9503838589613846,0.5479977491957906,-0.9997234002848266,3697,7385.0,3652,-318100.07614670735
ETH,4,True,04:00-16:00,16:00-04:00,9,10,Night Long / Day Reversal,Long,Reversal,2,bps,100.0,318302.04869677144,25178.137899517104,0.0027889254828370683,0.9696973252468901,1.0497685976150881,-0.8617717361804333,3616,7223.0,3652,-293123.91079725436
ETH,4,True,04:00-16:00,16:00-04:00,10,11,Night Short / Day Cash,Short,Cash,2,bps,100.0,318302.04869677144,0.00021825300590714702,-0.0029076642678301104,0.682206547914811,-1.5556834817869813,-0.9999978576636367,7304,7304.0,3652,-318302.04847851844
ETH,4,True,04:00-16:00,16:00-04:00,11,12,Night Short / Day Long,Short,Long,2,bps,100.0,318302.04869677144,0.00016876282509847642,-0.00237950738690396,0.9510163095915587,-0.913254785917348,-0.9999992789492396,7304,14607.0,3652,-318302.0485280086
ETH,4,True,04:00-16:00,16:00-04:00,12,13,Night Short / Day Short,Short,Short,2,bps,100.0,318302.04869677144,2.942378325018994e-06,-0.003436483422646457,0.9648146484758423,-1.3000594997676003,-0.9999999794709531,1,1.0,3652,-318302.04869382904
ETH,4,True,04:00-16:00,16:00-04:00,13,14,Night Short / Day Momentum,Short,Momentum,2,bps,100.0,318302.04869677144,2.06534191875755e-06,-0.003539847760716997,0.9621738608694231,-1.3428388415106274,-0.9999999796198975,3616,7223.0,3652,-318302.0486947061
ETH,4,True,04:00-16:00,16:00-04:00,14,15,Night Short / Day Reversal,Short,Reversal,2,bps,100.0,318302.04869677144,0.00024130999258697782,-0.002275848745103323,0.953349273970507,-0.8713331143612021,-0.9999989201578176,3697,7385.0,3652,-318302.04845546145
ETH,4,True,04:00-16:00,16:00-04:00,15,16,Night Momentum / Day Cash,Momentum,Cash,2,bps,100.0,318302.04869677144,0.8229928079387052,-0.0006745446943253909,0.6838529036842923,-0.36003183155661855,-0.9973882850055847,7298,7298.0,3652,-318301.2257039635
ETH,4,True,04:00-16:00,16:00-04:00,16,17,Night Momentum / Day Long,Momentum,Long,2,bps,100.0,318302.04869677144,2.9955911336029444,0.00032828976032336525,0.9759683534303873,0.12277627865376793,-0.9993491692653775,3431,6857.0,3652,-318299.05310563784
ETH,4,True,04:00-16:00,16:00-04:00,17,18,Night Momentum / Day Short,Momentum,Short,2,bps,100.0,318302.04869677144,0.0023523166713816227,-0.0016769857436459421,0.951879666559289,-0.6430432521405723,-0.9999904713313127,3877,7749.0,3652,-318302.04634445475
ETH,4,True,04:00-16:00,16:00-04:00,18,19,Night Momentum / Day Momentum,Momentum,Momentum,2,bps,100.0,318302.04869677144,0.007458690055094599,-0.001339345539118548,0.9606980712866143,-0.5088603135463392,-0.999988032498641,3722,7433.0,3652,-318302.0412380814
ETH,4,True,04:00-16:00,16:00-04:00,19,20,Night Momentum / Day Reversal,Momentum,Reversal,2,bps,100.0,318302.04869677144,0.9485963445663758,-1.0263137909263732e-05,0.966697025624124,-0.00387509761340449,-0.9997844675770056,3591,7171.0,3652,-318301.1001004269
ETH,4,True,04:00-16:00,16:00-04:00,20,21,Night Reversal / Day Cash,Reversal,Cash,2,bps,100.0,318302.04869677144,5.861729896884784,-0.00012471819724078486,0.6838528072388195,-0.06656716403152664,-0.9823210003534828,7298,7298.0,3652,-318296.1869668746
ETH,4,True,04:00-16:00,16:00-04:00,21,22,Night Reversal / Day Long,Reversal,Long,2,bps,100.0,318302.04869677144,17.849196219896257,0.0007715834609336369,0.9465977859067901,0.29751597503578875,-0.9739703818312566,3877,7749.0,3652,-318284.19950055156
ETH,4,True,04:00-16:00,16:00-04:00,22,23,Night Reversal / Day Short,Reversal,Short,2,bps,100.0,318302.04869677144,0.020027151565110608,-0.0010223142904724107,0.9662490866709901,-0.3861785963576144,-0.9998521121779472,3431,6857.0,3652,-318302.0286696199
ETH,4,True,04:00-16:00,16:00-04:00,23,24,Night Reversal / Day Momentum,Reversal,Momentum,2,bps,100.0,318302.04869677144,0.055982708552744426,-0.0007734111223504759,0.9541872596244294,-0.29584869930985636,-0.9999279113150488,3591,7171.0,3652,-318301.99271406286
ETH,4,True,04:00-16:00,16:00-04:00,24,25,Night Reversal / Day Reversal,Reversal,Reversal,2,bps,100.0,318302.04869677144,6.411352067162285,0.0005235586606856684,0.9587888762931636,0.19931281627827074,-0.9979105298874755,3722,7433.0,3652,-318295.6373447043
ETH,5,True,05:00-17:00,17:00-05:00,0,1,Night Cash / Day Cash,Cash,Cash,0,bps,100.0,318302.04869677144,100.0,0.0,0.0,0.0,0.0,0,0.0,3652,-318202.04869677144
ETH,5,True,05:00-17:00,17:00-05:00,1,2,Night Cash / Day Long,Cash,Long,0,bps,100.0,318302.04869677144,402.06320516823536,0.0010239006120989194,0.6850994837709818,0.5455028536279493,-0.856275171605145,7303,7303.0,3652,-317899.9854916032
ETH,5,True,05:00-17:00,17:00-05:00,2,3,Night Cash / Day Short,Cash,Short,0,bps,100.0,318302.04869677144,0.22010433438973895,-0.0010239006120989194,0.6850994837709818,-0.5455028536279493,-0.9986375459650816,7303,7303.0,3652,-318301.828592437
ETH,5,True,05:00-17:00,17:00-05:00,3,4,Night Cash / Day Momentum,Cash,Momentum,0,bps,100.0,318302.04869677144,0.0038189148095708714,-0.002134102716555134,0.6840974003405637,-1.1386499804776937,-0.9999627987884521,7299,7299.0,3652,-318302.0448778566
ETH,5,True,05:00-17:00,17:00-05:00,4,5,Night Cash / Day Reversal,Cash,Reversal,0,bps,100.0,318302.04869677144,23194.38189339888,0.002134102716555134,0.6840974003405637,1.1386499804776937,-0.9211551836196702,7299,7299.0,3652,-295107.66680337256
ETH,5,True,05:00-17:00,17:00-05:00,5,6,Night Long / Day Cash,Long,Cash,0,bps,100.0,318302.04869677144,79517.52795911477,0.002414879203769379,0.6556093565294014,1.3444452868120327,-0.8401917172720003,7304,7304.0,3652,-238784.52073765668
ETH,5,True,05:00-17:00,17:00-05:00,6,7,Night Long / Day Long,Long,Long,0,bps,100.0,318302.04869677144,319710.721582966,0.0034448524919384687,0.9531084707255625,1.3192319638082282,-0.939944820015023,1,1.0,3652,1408.6728861945448
ETH,5,True,05:00-17:00,17:00-05:00,7,8,Night Long / Day Short,Long,Short,0,bps,100.0,318302.04869677144,175.02152563758557,0.0013849059156002886,0.9464048456223701,0.5341167276692111,-0.997387483958032,7304,14607.0,3652,-318127.02717113384
ETH,5,True,05:00-17:00,17:00-05:00,8,9,Night Long / Day Momentum,Long,Momentum,0,bps,100.0,318302.04869677144,3.0367066514353116,0.0002880095082136214,0.9491070256201227,0.11076039652038899,-0.9999582151753713,3641,7277.0,3652,-318299.01199012
ETH,5,True,05:00-17:00,17:00-05:00,9,10,Night Long / Day Reversal,Long,Reversal,0,bps,100.0,318302.04869677144,18443599.107027315,0.004541748899325136,0.9489885795279176,1.7468475216828536,-0.7301500620674959,3668,7331.0,3652,18125297.058330543
ETH,5,True,05:00-17:00,17:00-05:00,10,11,Night Short / Day Cash,Short,Cash,0,bps,100.0,318302.04869677144,0.0016284525995540133,-0.0024148792037693794,0.6556093565294014,-1.344445286812033,-0.9999837930305028,7304,7304.0,3652,-318302.0470683188
ETH,5,True,05:00-17:00,17:00-05:00,11,12,Night Short / Day Long,Short,Long,0,bps,100.0,318302.04869677144,0.006547408716412343,-0.0013970512677406299,0.9490978408317847,-0.5372720185291278,-0.9999528029625392,7304,14607.0,3652,-318302.04214936274
ETH,5,True,05:00-17:00,17:00-05:00,12,13,Night Short / Day Short,Short,Short,0,bps,100.0,318302.04869677144,3.5842947551007536e-06,-0.003432707139798127,0.9479283720508911,-1.3217645372461224,-0.999999974664945,1,1.0,3652,-318302.0486931871
ETH,5,True,05:00-17:00,17:00-05:00,13,14,Night Short / Day Momentum,Short,Momentum,0,bps,100.0,318302.04869677144,6.218921749121083e-08,-0.004556214941323889,0.9382502542564616,-1.772467895466884,-0.9999999993922983,3668,7331.0,3652,-318302.0486967093
ETH,5,True,05:00-17:00,17:00-05:00,14,15,Night Short / Day Reversal,Short,Reversal,0,bps,100.0,318302.04869677144,0.37770951489353644,-0.00027354346621486945,0.9572186575132913,-0.10430570317946501,-0.9999659192662913,3641,7277.0,3652,-318301.67098725657
ETH,5,True,05:00-17:00,17:00-05:00,15,16,Night Momentum / Day Cash,Momentum,Cash,0,bps,100.0,318302.04869677144,2.5802304544550148,-0.0004128835981930601,0.6571090033726708,-0.22934172651260717,-0.9966937276687516,7298,7298.0,3652,-318299.468466317
ETH,5,True,05:00-17:00,17:00-05:00,16,17,Night Momentum / Day Long,Momentum,Long,0,bps,100.0,318302.04869677144,10.37415726590876,0.0006569255423774864,0.9736194720624491,0.24627467901792627,-0.9977559821148473,3431,6857.0,3652,-318291.6745395055
ETH,5,True,05:00-17:00,17:00-05:00,17,18,Night Momentum / Day Short,Momentum,Short,0,bps,100.0,318302.04869677144,0.005679199067499578,-0.001482692738763605,0.9342105654033883,-0.5792942936960205,-0.9999905714636765,3877,7749.0,3652,-318302.0430175724
ETH,5,True,05:00-17:00,17:00-05:00,18,19,Night Momentum / Day Momentum,Momentum,Momentum,0,bps,100.0,318302.04869677144,9.853680294624051e-05,-0.0026368258045712505,0.9130560175723494,-1.0540880298094564,-0.9999990970315017,3711,7415.0,3652,-318302.04859823466
ETH,5,True,05:00-17:00,17:00-05:00,19,20,Night Momentum / Day Reversal,Momentum,Reversal,0,bps,100.0,318302.04869677144,598.4685053360743,0.0018110586081851309,0.9919935655419515,0.6663716529516314,-0.9916900508895055,3598,7189.0,3652,-317703.58019143535
ETH,5,True,05:00-17:00,17:00-05:00,20,21,Night Reversal / Day Cash,Reversal,Cash,0,bps,100.0,318302.04869677144,50.23501454987842,0.00041288359819306,0.6571090033726708,0.22934172651260712,-0.9239193392567869,7298,7298.0,3652,-318251.8136822216
ETH,5,True,05:00-17:00,17:00-05:00,21,22,Night Reversal / Day Long,Reversal,Long,0,bps,100.0,318302.04869677144,201.97650961597083,0.0013908756818203527,0.9301884226218919,0.5457707401189501,-0.9677363139326114,3877,7749.0,3652,-318100.0721871555
ETH,5,True,05:00-17:00,17:00-05:00,22,23,Night Reversal / Day Short,Reversal,Short,0,bps,100.0,318302.04869677144,0.11056944440559933,-0.0005651084854342332,0.9619716206242875,-0.21441858861661245,-0.9992853265777883,3431,6857.0,3652,-318301.938127327
ETH,5,True,05:00-17:00,17:00-05:00,23,24,Night Reversal / Day Momentum,Reversal,Momentum,0,bps,100.0,318302.04869677144,0.0019184324102354117,-0.0016313796285390165,0.9753721228354472,-0.6104886027352645,-0.9999841478111662,3598,7189.0,3652,-318302.046778339
ETH,5,True,05:00-17:00,17:00-05:00,24,25,Night Reversal / Day Reversal,Reversal,Reversal,0,bps,100.0,318302.04869677144,11651.701118903335,0.0024571468249251355,0.9147425522001913,0.9804491864301038,-0.9609222759620646,3711,7415.0,3652,-306650.3475778681
ETH,5,True,05:00-17:00,17:00-05:00,0,1,Night Cash / Day Cash,Cash,Cash,1,bps,100.0,318302.04869677144,100.0,0.0,0.0,0.0,0.0,0,0.0,3652,-318202.04869677144
ETH,5,True,05:00-17:00,17:00-05:00,1,2,Night Cash / Day Long,Cash,Long,1,bps,100.0,318302.04869677144,193.69268122240356,0.0008237332389678722,0.6849624656966518,0.4389476026507229,-0.888280869110138,7303,7303.0,3652,-318108.35601554904
ETH,5,True,05:00-17:00,17:00-05:00,2,3,Night Cash / Day Short,Cash,Short,1,bps,100.0,318302.04869677144,0.1060345690145478,-0.0012236584799316865,0.684962477205391,-0.6520581200262429,-0.9993262173489077,7303,7303.0,3652,-318301.9426622024
ETH,5,True,05:00-17:00,17:00-05:00,3,4,Night Cash / Day Momentum,Cash,Momentum,1,bps,100.0,318302.04869677144,0.0018404862510112223,-0.002333528233021188,0.6839611768330776,-1.2453013912229733,-0.9999820676769429,7299,7299.0,3652,-318302.0468562852
ETH,5,True,05:00-17:00,17:00-05:00,4,5,Night Cash / Day Reversal,Cash,Reversal,1,bps,100.0,318302.04869677144,11178.290981646962,0.0019338220336784034,0.6839600280626021,1.031997504725542,-0.9342294279255597,7299,7299.0,3652,-307123.75771512446
ETH,5,True,05:00-17:00,17:00-05:00,5,6,Night Long / Day Cash,Long,Cash,1,bps,100.0,318302.04869677144,38303.48761164277,0.0022144062520774404,0.6554782412141891,1.23308178851379,-0.8880046796711896,7304,7304.0,3652,-279998.5610851287
ETH,5,True,05:00-17:00,17:00-05:00,6,7,Night Long / Day Long,Long,Long,1,bps,100.0,318302.04869677144,319678.75051080895,0.003444824405911953,0.9531082318225362,1.319221538726545,-0.939944820015023,1,1.0,3652,1376.7018140375149
ETH,5,True,05:00-17:00,17:00-05:00,7,8,Night Long / Day Short,Long,Short,1,bps,100.0,318302.04869677144,40.61197141264613,0.000984420053710964,0.946026571218704,0.3798131368991275,-0.9987125764304952,7304,14607.0,3652,-318261.43672535877
ETH,5,True,05:00-17:00,17:00-05:00,8,9,Night Long / Day Momentum,Long,Momentum,1,bps,100.0,318302.04869677144,1.4666792549508474,8.918444866301678e-05,0.9490961521981124,0.03429823594438745,-0.9999764935300852,3641,7277.0,3652,-318300.5820175165
ETH,5,True,05:00-17:00,17:00-05:00,9,10,Night Long / Day Reversal,Long,Reversal,1,bps,100.0,318302.04869677144,8859976.246684458,0.004339940057495565,0.948744709426567,1.6696568689624816,-0.7412501361237924,3668,7331.0,3652,8541674.197987687
ETH,5,True,05:00-17:00,17:00-05:00,10,11,Night Short / Day Cash,Short,Cash,1,bps,100.0,318302.04869677144,0.0007844234544770643,-0.0026143862520773965,0.6554782412141891,-1.455808785110277,-0.9999921915627081,7304,7304.0,3652,-318302.047912348
ETH,5,True,05:00-17:00,17:00-05:00,11,12,Night Short / Day Long,Short,Long,1,bps,100.0,318302.04869677144,0.0015192598433203808,-0.0017964257955000542,0.948718003390694,-0.6911383709533087,-0.9999888706401746,7304,14607.0,3652,-318302.0471775116
ETH,5,True,05:00-17:00,17:00-05:00,12,13,Night Short / Day Short,Short,Short,1,bps,100.0,318302.04869677144,3.583936325625215e-06,-0.0034327338191479538,0.9479286010566106,-1.3217744908133398,-0.9999999746674785,1,1.0,3652,-318302.0486931875
ETH,5,True,05:00-17:00,17:00-05:00,13,14,Night Short / Day Momentum,Short,Momentum,1,bps,100.0,318302.04869677144,2.9874591535774266e-08,-0.004755871485576935,0.9381367835034328,-1.85036246607127,-0.9999999997078081,3668,7331.0,3652,-318302.0486967416
ETH,5,True,05:00-17:00,17:00-05:00,14,15,Night Short / Day Reversal,Short,Reversal,1,bps,100.0,318302.04869677144,0.18242746945282523,-0.00047323258926595463,0.9568262263297952,-0.1805237882584309,-0.9999711786774793,3641,7277.0,3652,-318301.866269302
ETH,5,True,05:00-17:00,17:00-05:00,15,16,Night Momentum / Day Cash,Momentum,Cash,1,bps,100.0,318302.04869677144,1.2436395803654303,-0.0006126267402791235,0.6569776349527018,-0.3403597752882082,-0.9978971391138421,7298,7298.0,3652,-318300.80505719106
ETH,5,True,05:00-17:00,17:00-05:00,16,17,Night Momentum / Day Long,Momentum,Long,1,bps,100.0,318302.04869677144,5.225493699325708,0.0004697496840487613,0.9737023801829492,0.1760893658754151,-0.9982586814485118,3431,6857.0,3652,-318296.8232030721
ETH,5,True,05:00-17:00,17:00-05:00,17,18,Night Momentum / Day Short,Momentum,Short,1,bps,100.0,318302.04869677144,0.002616487418298792,-0.0016948235424426568,0.9339076948206825,-0.6623894378666061,-0.9999942015405036,3877,7749.0,3652,-318302.046080284
ETH,5,True,05:00-17:00,17:00-05:00,18,19,Night Momentum / Day Momentum,Momentum,Momentum,1,bps,100.0,318302.04869677144,4.6939333318838336e-05,-0.0028390047019559704,0.9130144899392632,-1.1349619613187771,-0.9999995646501955,3711,7415.0,3652,-318302.0486498321
ETH,5,True,05:00-17:00,17:00-05:00,19,20,Night Momentum / Day Reversal,Momentum,Reversal,1,bps,100.0,318302.04869677144,291.60555101925877,0.0016135205196259727,0.9916551331079879,0.5938909304262603,-0.9933085416355721,3598,7189.0,3652,-318010.4431457522
ETH,5,True,05:00-17:00,17:00-05:00,20,21,Night Reversal / Day Cash,Reversal,Cash,1,bps,100.0,318302.04869677144,24.212663759004013,0.0002129753109253882,0.6569775595771039,0.11832365863121001,-0.9445834515855637,7298,7298.0,3652,-318277.8360330124
ETH,5,True,05:00-17:00,17:00-05:00,21,22,Night Reversal / Day Long,Reversal,Long,1,bps,100.0,318302.04869677144,93.05343762756479,0.0011786994645634204,0.9301109107742062,0.4625526908479519,-0.9758154619947504,3877,7749.0,3652,-318208.9952591439
ETH,5,True,05:00-17:00,17:00-05:00,22,23,Night Reversal / Day Short,Reversal,Short,1,bps,100.0,318302.04869677144,0.055694156187324664,-0.0007534313109506278,0.9615402805411404,-0.2860019845889471,-0.9996330744239945,3431,6857.0,3652,-318301.9930026152
ETH,5,True,05:00-17:00,17:00-05:00,23,24,Night Reversal / Day Momentum,Reversal,Momentum,1,bps,100.0,318302.04869677144,0.0009347618714968936,-0.0018275699951369104,0.9752920588422007,-0.6839623497159029,-0.9999922566379397,3598,7189.0,3652,-318302.04776200955
ETH,5,True,05:00-17:00,17:00-05:00,24,25,Night Reversal / Day Reversal,Reversal,Reversal,1,bps,100.0,318302.04869677144,5550.444769860066,0.0022532935897790984,0.9144434742750649,0.8994018585144137,-0.9648036583941849,3711,7415.0,3652,-312751.60392691137
ETH,5,True,05:00-17:00,17:00-05:00,0,1,Night Cash / Day Cash,Cash,Cash,2,bps,100.0,318302.04869677144,100.0,0.0,0.0,0.0,0.0,0,0.0,3652,-318202.04869677144
ETH,5,True,05:00-17:00,17:00-05:00,1,2,Night Cash / Day Long,Cash,Long,2,bps,100.0,318302.04869677144,93.30402278303576,0.0006235858808349467,0.6848254627861431,0.33236037336981017,-0.9131614913949208,7303,7303.0,3652,-318208.7446739884
ETH,5,True,05:00-17:00,17:00-05:00,2,3,Night Cash / Day Short,Cash,Short,2,bps,100.0,318302.04869677144,0.05107808813778933,-0.001423396373715468,0.6848254857976459,-0.7586453588260014,-0.9996668136472402,7303,7303.0,3652,-318301.9976186833
ETH,5,True,05:00-17:00,17:00-05:00,3,4,Night Cash / Day Momentum,Cash,Momentum,2,bps,100.0,318302.04869677144,0.000886938442740749,-0.002532933814231916,0.6838249772023038,-1.3519846057350688,-0.9999913566056541,7299,7299.0,3652,-318302.047809833
ETH,5,True,05:00-17:00,17:00-05:00,4,5,Night Cash / Day Reversal,Cash,Reversal,2,bps,100.0,318302.04869677144,5386.867731458303,0.001733561371734746,0.683822679711566,0.925312832487618,-0.9451366632781589,7299,7299.0,3652,-312915.18096531316
ETH,5,True,05:00-17:00,17:00-05:00,5,6,Night Long / Day Cash,Long,Cash,2,bps,100.0,318302.04869677144,18449.39124980612,0.002013953348683084,0.655347139011164,1.121684872811817,-0.9215152958392132,7304,7304.0,3652,-299852.65744696534
ETH,5,True,05:00-17:00,17:00-05:00,6,7,Night Long / Day Long,Long,Long,2,bps,100.0,318302.04869677144,319646.77943864866,0.0034447963198854376,0.9531079940226699,1.3192111121127355,-0.939944820015023,1,1.0,3652,1344.7307418772252
ETH,5,True,05:00-17:00,17:00-05:00,7,8,Night Long / Day Short,Long,Short,2,bps,100.0,318302.04869677144,9.420842803349197,0.0005840142913938359,0.9456483735359292,0.225416996765607,-0.9993656594716414,7304,14607.0,3652,-318292.62785396806
ETH,5,True,05:00-17:00,17:00-05:00,8,9,Night Long / Day Momentum,Long,Momentum,2,bps,100.0,318302.04869677144,0.7082788068884819,-0.00010962230610700914,0.9490923641608123,-0.04215832224552462,-0.9999867777226502,3641,7277.0,3652,-318301.34041796456
ETH,5,True,05:00-17:00,17:00-05:00,9,10,Night Long / Day Reversal,Long,Reversal,2,bps,100.0,318302.04869677144,4255550.625039012,0.004138150051296699,0.9485080944035391,1.5924215909544897,-0.7518957019086043,3668,7331.0,3652,3937248.576342241
ETH,5,True,05:00-17:00,17:00-05:00,10,11,Night Short / Day Cash,Short,Cash,2,bps,100.0,318302.04869677144,0.00037782813314296446,-0.0028138733486829945,0.6553471390111638,-1.5672057008122482,-0.9999962382085021,7304,7304.0,3652,-318302.0483189433
ETH,5,True,05:00-17:00,17:00-05:00,11,12,Night Short / Day Long,Short,Long,2,bps,100.0,318302.04869677144,0.00035242584054674556,-0.0021957204457087663,0.948338242974304,-0.8450971671986186,-0.9999973763850182,7304,14607.0,3652,-318302.0483443456
ETH,5,True,05:00-17:00,17:00-05:00,12,13,Night Short / Day Short,Short,Short,2,bps,100.0,318302.04869677144,3.5835778961497454e-06,-0.00343276049849778,0.9479288310631923,-1.3217844429801535,-0.999999974670012,1,1.0,3652,-318302.0486931879
ETH,5,True,05:00-17:00,17:00-05:00,13,14,Night Short / Day Momentum,Short,Momentum,2,bps,100.0,318302.04869677144,1.434911710180083e-08,-0.004955509439668639,0.9380304766600934,-1.9282539218973362,-0.9999999998595304,3668,7331.0,3652,-318302.04869675706
ETH,5,True,05:00-17:00,17:00-05:00,14,15,Night Short / Day Reversal,Short,Reversal,2,bps,100.0,318302.04869677144,0.08809663733333542,-0.0006729031788704525,0.9564409371513182,-0.2567954284968642,-0.9999756272619928,3641,7277.0,3652,-318301.9606001341
ETH,5,True,05:00-17:00,17:00-05:00,15,16,Night Momentum / Day Cash,Momentum,Cash,2,bps,100.0,318302.04869677144,0.5993753429966051,-0.0008123499070522143,0.6568462979184229,-0.4514111094387001,-0.9986625954151865,7298,7298.0,3652,-318301.44932142843
ETH,5,True,05:00-17:00,17:00-05:00,16,17,Night Momentum / Day Long,Momentum,Long,2,bps,100.0,318302.04869677144,2.631735678484274,0.00028261124816799087,0.9738001696586512,0.10592841200415398,-0.9986488358275373,3431,6857.0,3652,-318299.41696109297
ETH,5,True,05:00-17:00,17:00-05:00,17,18,Night Momentum / Day Short,Momentum,Short,2,bps,100.0,318302.04869677144,0.0012052659776267574,-0.0019069119321123264,0.933620426901074,-0.7455094545556138,-0.9999964343495992,3877,7749.0,3652,-318302.04749150545
ETH,5,True,05:00-17:00,17:00-05:00,18,19,Night Momentum / Day Momentum,Momentum,Momentum,2,bps,100.0,318302.04869677144,2.2356868142765047e-05,-0.0030411645500262865,0.9129803134196097,-1.2158258447018913,-0.9999997903308613,3711,7415.0,3652,-318302.0486744146
ETH,5,True,05:00-17:00,17:00-05:00,19,20,Night Momentum / Day Reversal,Momentum,Reversal,2,bps,100.0,318302.04869677144,142.06524221457278,0.0014160004870714049,0.9913236303319493,0.5213637221660866,-0.9946120396375703,3598,7189.0,3652,-318159.98345455684
ETH,5,True,05:00-17:00,17:00-05:00,20,21,Night Reversal / Day Cash,Reversal,Cash,2,bps,100.0,318302.04869677144,11.669356519796724,1.3087015486038135e-05,0.6568461471747716,0.007272267140409872,-0.9596363061196989,7298,7298.0,3652,-318290.3793402516
ETH,5,True,05:00-17:00,17:00-05:00,21,22,Night Reversal / Day Long,Reversal,Long,2,bps,100.0,318302.04869677144,42.86439204306909,0.0009665656703262865,0.930049112846038,0.37933101036944605,-0.9818725562968758,3877,7749.0,3652,-318259.18430472835
ETH,5,True,05:00-17:00,17:00-05:00,22,23,Night Reversal / Day Short,Reversal,Short,2,bps,100.0,318302.04869677144,0.028049464099472985,-0.0009417164845294787,0.9611241169318046,-0.357629686736545,-0.9998116392409584,3431,6857.0,3652,-318302.02064730733
ETH,5,True,05:00-17:00,17:00-05:00,23,24,Night Reversal / Day Momentum,Reversal,Momentum,2,bps,100.0,318302.04869677144,0.00045540001287006315,-0.0020237425494651806,0.9752188887351789,-0.7574361398114551,-0.9999962181206403,3598,7189.0,3652,-318302.0482413714
ETH,5,True,05:00-17:00,17:00-05:00,24,25,Night Reversal / Day Reversal,Reversal,Reversal,2,bps,100.0,318302.04869677144,2643.6370753407837,0.0020494596353550837,0.9141518771746603,0.8183025004735406,-0.9683001859222123,3711,7415.0,3652,-315658.41162143066
ETH,6,True,06:00-18:00,18:00-06:00,0,1,Night Cash / Day Cash,Cash,Cash,0,bps,100.0,318302.04869677144,100.0,0.0,0.0,0.0,0.0,0,0.0,3652,-318202.04869677144
ETH,6,True,06:00-18:00,18:00-06:00,1,2,Night Cash / Day Long,Cash,Long,0,bps,100.0,318302.04869677144,169.6420304444049,0.0008036867070846697,0.6917834667121665,0.4240425829777139,-0.8853620648643308,7303,7303.0,3652,-318132.40666632704
ETH,6,True,06:00-18:00,18:00-06:00,2,3,Night Cash / Day Short,Cash,Short,0,bps,100.0,318302.04869677144,0.4773113388552559,-0.0008036867070846694,0.6917834667121665,-0.4240425829777137,-0.9968439149033617,7303,7303.0,3652,-318301.57138543256
ETH,6,True,06:00-18:00,18:00-06:00,3,4,Night Cash / Day Momentum,Cash,Momentum,0,bps,100.0,318302.04869677144,0.02357156537949924,-0.0016277358269398306,0.6909388174903044,-0.8598787067588298,-0.9997743921983289,7293,7293.0,3652,-318302.02512520604
ETH,6,True,06:00-18:00,18:00-06:00,4,5,Night Cash / Day Reversal,Cash,Reversal,0,bps,100.0,318302.04869677144,3450.198174723743,0.001627735826939831,0.6909388174903044,0.8598787067588299,-0.8768090394200322,7293,7293.0,3652,-314851.8505220477
ETH,6,True,06:00-18:00,18:00-06:00,5,6,Night Long / Day Cash,Long,Cash,0,bps,100.0,318302.04869677144,186086.7608726898,0.00261798340139839,0.6396009393627764,1.4940002159196708,-0.6692997369640922,7304,7304.0,3652,-132215.28782408164
ETH,6,True,06:00-18:00,18:00-06:00,6,7,Night Long / Day Long,Long,Long,0,bps,100.0,318302.04869677144,315681.3595326544,0.0034507390989313123,0.9557735188484855,1.3178014940478748,-0.9403652600898793,1,1.0,3652,-2620.689164117037
ETH,6,True,06:00-18:00,18:00-06:00,7,8,Night Long / Day Short,Long,Short,0,bps,100.0,318302.04869677144,888.2132097538116,0.001785227703865468,0.9349714935332704,0.696928319652249,-0.98933413707604,7304,14607.0,3652,-317413.83548701764
ETH,6,True,06:00-18:00,18:00-06:00,8,9,Night Long / Day Momentum,Long,Momentum,0,bps,100.0,318302.04869677144,43.86356250169818,0.0009640956875206748,0.9325200508719981,0.37735909873035955,-0.9986498814735728,3641,7271.0,3652,-318258.18513426976
ETH,6,True,06:00-18:00,18:00-06:00,9,10,Night Long / Day Reversal,Long,Reversal,0,bps,100.0,318302.04869677144,6420362.027032033,0.0042718711152761055,0.9569531795272136,1.6293722518860572,-0.8325284775493945,3674,7337.0,3652,6102059.978335261
ETH,6,True,06:00-18:00,18:00-06:00,10,11,Night Short / Day Cash,Short,Cash,0,bps,100.0,318302.04869677144,0.0008545764878723458,-0.0026179834013983915,0.6396009393627764,-1.4940002159196717,-0.9999921248978796,7304,7304.0,3652,-318302.04784219497
ETH,6,True,06:00-18:00,18:00-06:00,11,12,Night Short / Day Long,Short,Long,0,bps,100.0,318302.04869677144,0.0014497209057271242,-0.0018433656847619754,0.9296440434871762,-0.723748492395307,-0.9999860529595291,7304,14607.0,3652,-318302.0472470505
ETH,6,True,06:00-18:00,18:00-06:00,12,13,Night Short / Day Short,Short,Short,0,bps,100.0,318302.04869677144,4.0789904758057466e-06,-0.0033926011180348053,0.9506134586889112,-1.302631891821277,-0.9999999715282876,1,1.0,3652,-318302.0486926924
ETH,6,True,06:00-18:00,18:00-06:00,13,14,Night Short / Day Momentum,Short,Momentum,0,bps,100.0,318302.04869677144,2.01437055556656e-07,-0.004219567341400337,0.9442786521233111,-1.6310249905024854,-0.9999999980922826,3674,7337.0,3652,-318302.04869657
ETH,6,True,06:00-18:00,18:00-06:00,14,15,Night Short / Day Reversal,Short,Reversal,0,bps,100.0,318302.04869677144,0.029484582386189968,-0.001016399461396444,0.9348209150536296,-0.39685227131275613,-0.9999400695288074,3641,7271.0,3652,-318302.0192121891
ETH,6,True,06:00-18:00,18:00-06:00,15,16,Night Momentum / Day Cash,Momentum,Cash,0,bps,100.0,318302.04869677144,0.5417008699378439,-0.0008683754216464381,0.6413021625910892,-0.4942397630788123,-0.9983745201713632,7294,7294.0,3652,-318301.5069959015
ETH,6,True,06:00-18:00,18:00-06:00,16,17,Night Momentum / Day Long,Momentum,Long,0,bps,100.0,318302.04869677144,0.9189523546975513,-5.9899072837946324e-05,0.9476047605784018,-0.023072025907199437,-0.9985114451906418,3461,6913.0,3652,-318301.12974441674
ETH,6,True,06:00-18:00,18:00-06:00,17,18,Night Momentum / Day Short,Momentum,Short,0,bps,100.0,318302.04869677144,0.0025855996748908655,-0.0016768517704549275,0.9433299446134906,-0.6488195352123834,-0.9999870609400494,3851,7693.0,3652,-318302.0461111718
ETH,6,True,06:00-18:00,18:00-06:00,18,19,Night Momentum / Day Momentum,Momentum,Momentum,0,bps,100.0,318302.04869677144,0.00012768737471871369,-0.0025473043619348864,0.9203625177727401,-1.0102172504332856,-0.9999989936991239,3673,7329.0,3652,-318302.0485690841
ETH,6,True,06:00-18:00,18:00-06:00,19,20,Night Momentum / Day Reversal,Momentum,Reversal,0,bps,100.0,318302.04869677144,18.68975352705787,0.0008105535186420125,0.9686366845498109,0.30543137486253313,-0.9968643957698591,3646,7275.0,3652,-318283.3589432444
ETH,6,True,06:00-18:00,18:00-06:00,20,21,Night Reversal / Day Cash,Reversal,Cash,0,bps,100.0,318302.04869677144,293.70752414476857,0.0008683754216464367,0.6413021625910892,0.4942397630788115,-0.885672342899979,7294,7294.0,3652,-318008.34117262665
ETH,6,True,06:00-18:00,18:00-06:00,21,22,Night Reversal / Day Long,Reversal,Long,0,bps,100.0,318302.04869677144,498.25140752717783,0.0016672724870072835,0.9403524509486408,0.6471557096955934,-0.9113360084238253,3851,7693.0,3652,-317803.79728924425
ETH,6,True,06:00-18:00,18:00-06:00,22,23,Night Reversal / Day Short,Reversal,Short,0,bps,100.0,318302.04869677144,1.40189931581403,6.947835628558983e-05,0.9445672818870342,0.02684784930680372,-0.9943417316917126,3461,6913.0,3652,-318300.6467974556
ETH,6,True,06:00-18:00,18:00-06:00,23,24,Night Reversal / Day Momentum,Reversal,Momentum,0,bps,100.0,318302.04869677144,0.06923146107829292,-0.0007081672919447761,0.9583209672605811,-0.2697228490144874,-0.9994147521665938,3646,7275.0,3652,-318301.97946531035
ETH,6,True,06:00-18:00,18:00-06:00,24,25,Night Reversal / Day Reversal,Reversal,Reversal,0,bps,100.0,318302.04869677144,10133.49163706916,0.002444918135237649,0.9251570653696438,0.9645876930153346,-0.9536716363267566,3673,7329.0,3652,-308168.5570597023
ETH,6,True,06:00-18:00,18:00-06:00,0,1,Night Cash / Day Cash,Cash,Cash,1,bps,100.0,318302.04869677144,100.0,0.0,0.0,0.0,0.0,0,0.0,3652,-318202.04869677144
ETH,6,True,06:00-18:00,18:00-06:00,1,2,Night Cash / Day Long,Cash,Long,1,bps,100.0,318302.04869677144,81.72451321687203,0.0006035632023685298,0.6916450247993521,0.31851681276594607,-0.9108904799303013,7303,7303.0,3652,-318220.32418355456
ETH,6,True,06:00-18:00,18:00-06:00,2,3,Night Cash / Day Short,Cash,Short,1,bps,100.0,318302.04869677144,0.22994323233842162,-0.0010034884433323423,0.6916452115755451,-0.5295681596377229,-0.9984376053827647,7303,7303.0,3652,-318301.8187535391
ETH,6,True,06:00-18:00,18:00-06:00,3,4,Night Cash / Day Momentum,Cash,Momentum,1,bps,100.0,318302.04869677144,0.011366889066254231,-0.0018271015896549323,0.6907996251582432,-0.9653914911596594,-0.9998907365598382,7293,7293.0,3652,-318302.0373298824
ETH,6,True,06:00-18:00,18:00-06:00,4,5,Night Cash / Day Reversal,Cash,Reversal,1,bps,100.0,318302.04869677144,1663.785127430964,0.0014277239445290165,0.690801718776298,0.7543687654341877,-0.8979129091474056,7293,7293.0,3652,-316638.26356934046
ETH,6,True,06:00-18:00,18:00-06:00,5,6,Night Long / Day Cash,Long,Cash,1,bps,100.0,318302.04869677144,89637.74557280987,0.0024174698308979696,0.6394730255709133,1.3798494275657436,-0.6834408125591243,7304,7304.0,3652,-228664.30312396155
ETH,6,True,06:00-18:00,18:00-06:00,6,7,Night Long / Day Long,Long,Long,1,bps,100.0,318302.04869677144,315649.7913967019,0.003450711501456006,0.9557734728989478,1.3177910182119146,-0.9403652600898794,1,1.0,3652,-2652.2573000695556
ETH,6,True,06:00-18:00,18:00-06:00,7,8,Night Long / Day Short,Long,Short,1,bps,100.0,318302.04869677144,206.100874457867,0.0013845815901894836,0.9345977340865116,0.5407377548514165,-0.9927019271850079,7304,14607.0,3652,-318095.9478223136
ETH,6,True,06:00-18:00,18:00-06:00,8,9,Night Long / Day Momentum,Long,Momentum,1,bps,100.0,318302.04869677144,21.198094581236063,0.0007652786518329856,0.9325146066089387,0.2995413754802221,-0.9992209363829105,3641,7271.0,3652,-318280.8506021902
ETH,6,True,06:00-18:00,18:00-06:00,9,10,Night Long / Day Reversal,Long,Reversal,1,bps,100.0,318302.04869677144,3082377.398423564,0.004069803631813177,0.9566458244322594,1.5527986300399066,-0.842942001640619,3674,7337.0,3652,2764075.349726793
ETH,6,True,06:00-18:00,18:00-06:00,10,11,Night Short / Day Cash,Short,Cash,1,bps,100.0,318302.04869677144,0.00041164835925546227,-0.002817449830897922,0.6394730255709133,-1.6081510042735996,-0.9999961396011586,7304,7304.0,3652,-318302.0482851231
ETH,6,True,06:00-18:00,18:00-06:00,11,12,Night Short / Day Long,Short,Long,1,bps,100.0,318302.04869677144,0.0003363930451710264,-0.0022425615604471497,0.9292720407804776,-0.8808346034770805,-0.9999967582237215,7304,14607.0,3652,-318302.04836037837
ETH,6,True,06:00-18:00,18:00-06:00,12,13,Night Short / Day Short,Short,Short,1,bps,100.0,318302.04869677144,4.078582576758138e-06,-0.0033926282808590343,0.9506135074147698,-1.3026422545595606,-0.9999999715282876,1,1.0,3652,-318302.0486926928
ETH,6,True,06:00-18:00,18:00-06:00,13,14,Night Short / Day Momentum,Short,Momentum,1,bps,100.0,318302.04869677144,9.67087252461152e-08,-0.004419303396581812,0.944217426493476,-1.7083414206224743,-0.999999999070273,3674,7337.0,3652,-318302.04869667476
ETH,6,True,06:00-18:00,18:00-06:00,14,15,Night Short / Day Reversal,Short,Reversal,1,bps,100.0,318302.04869677144,0.014249115449446424,-0.0012157509478592813,0.9344479464288109,-0.4748783467977195,-0.9999519648060726,3641,7271.0,3652,-318302.034447656
ETH,6,True,06:00-18:00,18:00-06:00,15,16,Night Momentum / Day Cash,Momentum,Cash,1,bps,100.0,318302.04869677144,0.2611976697848896,-0.0010679179463739875,0.641174059505089,-0.6079317225144409,-0.9989380766289063,7294,7294.0,3652,-318301.78749910166
ETH,6,True,06:00-18:00,18:00-06:00,16,17,Night Momentum / Day Long,Momentum,Long,1,bps,100.0,318302.04869677144,0.4602938924365897,-0.0002483172506405151,0.947767611333376,-0.09563082278816867,-0.9988485982890266,3461,6913.0,3652,-318301.588402879
ETH,6,True,06:00-18:00,18:00-06:00,17,18,Night Momentum / Day Short,Momentum,Short,1,bps,100.0,318302.04869677144,0.0011979126314445282,-0.0018873447467057422,0.9430533311717881,-0.730479189010052,-0.9999926363992758,3851,7693.0,3652,-318302.0474988588
ETH,6,True,06:00-18:00,18:00-06:00,18,19,Night Momentum / Day Momentum,Momentum,Momentum,1,bps,100.0,318302.04869677144,6.13510126213095e-05,-0.002747013760675328,0.9203829617698615,-1.0893943763565739,-0.9999995100200373,3673,7329.0,3652,-318302.04863542045
ETH,6,True,06:00-18:00,18:00-06:00,19,20,Night Momentum / Day Reversal,Momentum,Reversal,1,bps,100.0,318302.04869677144,9.028649139403043,0.0006108701488654952,0.9683003666076665,0.23026698328851009,-0.9978141912713295,3646,7275.0,3652,-318293.02004763205
ETH,6,True,06:00-18:00,18:00-06:00,20,21,Night Reversal / Day Cash,Reversal,Cash,1,bps,100.0,318302.04869677144,141.62008067977786,0.0006684855641177371,0.6411737887765,0.3805477316354029,-0.889527480712713,7294,7294.0,3652,-318160.42861609167
ETH,6,True,06:00-18:00,18:00-06:00,21,22,Night Reversal / Day Long,Reversal,Long,1,bps,100.0,318302.04869677144,230.84070612633303,0.0014565177446058872,0.9402521171038506,0.5654110925255492,-0.9344230878254423,3851,7693.0,3652,-318071.2079906451
ETH,6,True,06:00-18:00,18:00-06:00,22,23,Night Reversal / Day Short,Reversal,Short,1,bps,100.0,318302.04869677144,0.70219711564111,-0.00012064296770149256,0.9440829131233441,-0.04664281346366414,-0.9969312916669301,3461,6913.0,3652,-318301.3464996558
ETH,6,True,06:00-18:00,18:00-06:00,23,24,Night Reversal / Day Momentum,Reversal,Momentum,1,bps,100.0,318302.04869677144,0.03344434535100752,-0.0009069023965668315,0.9582360082880413,-0.34544660384687875,-0.9997137790815291,3646,7275.0,3652,-318302.0152524261
ETH,6,True,06:00-18:00,18:00-06:00,24,25,Night Reversal / Day Reversal,Reversal,Reversal,1,bps,100.0,318302.04869677144,4868.922825716596,0.0022432930215924092,0.9248125353411086,0.8853707336257306,-0.9550679508590264,3673,7329.0,3652,-313433.1258710548
ETH,6,True,06:00-18:00,18:00-06:00,0,1,Night Cash / Day Cash,Cash,Cash,2,bps,100.0,318302.04869677144,100.0,0.0,0.0,0.0,0.0,0,0.0,3652,-318202.04869677144
ETH,6,True,06:00-18:00,18:00-06:00,1,2,Night Cash / Day Long,Cash,Long,2,bps,100.0,318302.04869677144,39.36765083221702,0.00040345970828066215,0.6915065981692106,0.21295934689896726,-0.930873501863845,7303,7303.0,3652,-318262.6810459392
ETH,6,True,06:00-18:00,18:00-06:00,2,3,Night Cash / Day Short,Cash,Short,2,bps,100.0,318302.04869677144,0.11076633589616129,-0.0012032702011611867,0.6915069717169403,-0.6351253731157052,-0.9992267755080231,7303,7303.0,3652,-318301.9379304355
ETH,6,True,06:00-18:00,18:00-06:00,3,4,Night Cash / Day Momentum,Cash,Momentum,2,bps,100.0,318302.04869677144,0.005481042112287614,-0.002026447439195007,0.6906604653584494,-1.0709362304707872,-0.9999470867869612,7293,7293.0,3652,-318302.04321572935
ETH,6,True,06:00-18:00,18:00-06:00,4,5,Night Cash / Day Reversal,Cash,Reversal,2,bps,100.0,318302.04869677144,802.2666796599771,0.001227732039414154,0.6906646526868655,0.648827462999379,-0.915403060360798,7293,7293.0,3652,-317499.7820171115
ETH,6,True,06:00-18:00,18:00-06:00,5,6,Night Long / Day Cash,Long,Cash,2,bps,100.0,318302.04869677144,43175.22873088501,0.002216976312757209,0.639345124571069,1.2656643854119696,-0.7464486456193544,7304,7304.0,3652,-275126.8199658864
ETH,6,True,06:00-18:00,18:00-06:00,6,7,Night Long / Day Long,Long,Long,2,bps,100.0,318302.04869677144,315618.22326074855,0.0034506839039806993,0.9557734280116104,1.3177805409104293,-0.9403652600898794,1,1.0,3652,-2683.8254360228893
ETH,6,True,06:00-18:00,18:00-06:00,7,8,Night Long / Day Short,Long,Short,2,bps,100.0,318302.04869677144,47.8096450963174,0.0009840156081670842,0.9342240504716317,0.38445349035883336,-0.9961679561843695,7304,14607.0,3652,-318254.23905167513
ETH,6,True,06:00-18:00,18:00-06:00,8,9,Night Long / Day Momentum,Long,Momentum,2,bps,100.0,318302.04869677144,10.24298690057701,0.0005664797059287604,0.9325163190338144,0.22172812254720436,-0.9995505036173792,3641,7271.0,3652,-318291.8057098709
ETH,6,True,06:00-18:00,18:00-06:00,9,10,Night Long / Day Reversal,Long,Reversal,2,bps,100.0,318302.04869677144,1479613.889725328,0.003867754830057757,0.9563455908372166,1.4761719262334922,-0.8527405705587161,3674,7337.0,3652,1161311.8410285565
ETH,6,True,06:00-18:00,18:00-06:00,10,11,Night Short / Day Cash,Short,Cash,2,bps,100.0,318302.04869677144,0.00019827598244438223,-0.003016896312757125,0.639345124571069,-1.7223360464273718,-0.9999981077557598,7304,7304.0,3652,-318302.0484984955
ETH,6,True,06:00-18:00,18:00-06:00,11,12,Night Short / Day Long,Short,Long,2,bps,100.0,318302.04869677144,7.803378876873094e-05,-0.0026416775943444415,0.9289001135526516,-1.0380150759676572,-0.9999992467186051,7304,14607.0,3652,-318302.04861873767
ETH,6,True,06:00-18:00,18:00-06:00,12,13,Night Short / Day Short,Short,Short,2,bps,100.0,318302.04869677144,4.078174677710563e-06,-0.003392655443683263,0.9506135571752187,-1.3026526158790537,-0.9999999715282876,1,1.0,3652,-318302.04869269324
ETH,6,True,06:00-18:00,18:00-06:00,13,14,Night Short / Day Momentum,Short,Momentum,2,bps,100.0,318302.04869677144,4.6422470267580475e-08,-0.00461902109943296,0.9441631866494089,-1.7856475714500215,-0.9999999995469623,3674,7337.0,3652,-318302.048696725
ETH,6,True,06:00-18:00,18:00-06:00,14,15,Night Short / Day Reversal,Short,Reversal,2,bps,100.0,318302.04869677144,0.006885218024391789,-0.00141508421576175,0.9340821417530283,-0.5529553726224681,-0.999974635704668,3641,7271.0,3652,-318302.0418115534
ETH,6,True,06:00-18:00,18:00-06:00,15,16,Night Momentum / Day Cash,Momentum,Cash,2,bps,100.0,318302.04869677144,0.12593527054922854,-0.001267440515851307,0.6410460003762061,-0.7216577094533543,-0.9993698514131067,7294,7294.0,3652,-318301.9227615009
ETH,6,True,06:00-18:00,18:00-06:00,16,17,Night Momentum / Day Long,Momentum,Long,2,bps,100.0,318302.04869677144,0.2305246648567046,-0.00043669776823195694,0.9479456649648297,-0.16814749124948852,-0.9992711398161028,3461,6913.0,3652,-318301.8181721066
ETH,6,True,06:00-18:00,18:00-06:00,17,18,Night Momentum / Day Short,Momentum,Short,2,bps,100.0,318302.04869677144,0.0005549095461630124,-0.0020977956477278422,0.9427921702268287,-0.8121571599777306,-0.9999964372548608,3851,7693.0,3652,-318302.0481418619
ETH,6,True,06:00-18:00,18:00-06:00,18,19,Night Momentum / Day Momentum,Momentum,Momentum,2,bps,100.0,318302.04869677144,2.9473512933429618e-05,-0.002946704819102773,0.9204105738255222,-1.1685516111599978,-0.99999976145719,3673,7329.0,3652,-318302.04866729793
ETH,6,True,06:00-18:00,18:00-06:00,19,20,Night Momentum / Day Reversal,Momentum,Reversal,2,bps,100.0,318302.04869677144,4.360927205092515,0.00041120505592526934,0.9679710247195499,0.15505613451209327,-0.9984763971075805,3646,7275.0,3652,-318297.6877695664
ETH,6,True,06:00-18:00,18:00-06:00,20,21,Night Reversal / Day Cash,Reversal,Cash,2,bps,100.0,318302.04869677144,68.28147889029587,0.000468615696574283,0.641045458946142,0.266821528586764,-0.8933313449052673,7294,7294.0,3652,-318233.76721788116
ETH,6,True,06:00-18:00,18:00-06:00,21,22,Night Reversal / Day Long,Reversal,Long,2,bps,100.0,318302.04869677144,106.93243239120424,0.0012458051301753132,0.9401673512737106,0.4836573742940017,-0.9515014850792123,3851,7693.0,3652,-318195.1162643802
ETH,6,True,06:00-18:00,18:00-06:00,22,23,Night Reversal / Day Short,Reversal,Short,2,bps,100.0,318302.04869677144,0.3516747830166139,-0.00031072629119779086,0.9436140026231064,-0.12019225654972963,-0.9983359186530829,3461,6913.0,3652,-318301.6970219884
ETH,6,True,06:00-18:00,18:00-06:00,23,24,Night Reversal / Day Momentum,Reversal,Momentum,2,bps,100.0,318302.04869677144,0.016153950967172214,-0.0011056194089923267,0.9581580011889457,-0.4211738395770285,-0.9998600409936166,3646,7275.0,3652,-318302.0325428205
ETH,6,True,06:00-18:00,18:00-06:00,24,25,Night Reversal / Day Reversal,Reversal,Reversal,2,bps,100.0,318302.04869677144,2339.0691325896905,0.0020416865190717977,0.9244752995430995,0.8060957170294455,-0.9564224470749534,3673,7329.0,3652,-315962.97956418176
ETH,7,True,07:00-19:00,19:00-07:00,0,1,Night Cash / Day Cash,Cash,Cash,0,bps,100.0,318302.04869677144,100.0,0.0,0.0,0.0,0.0,0,0.0,3652,-318202.04869677144
ETH,7,True,07:00-19:00,19:00-07:00,1,2,Night Cash / Day Long,Cash,Long,0,bps,100.0,318302.04869677144,220.75727873187793,0.0008922369399929099,0.7015950418349768,0.46418013765555166,-0.8791412203048086,7303,7303.0,3652,-318081.2914180396
ETH,7,True,07:00-19:00,19:00-07:00,2,3,Night Cash / Day Short,Cash,Short,0,bps,100.0,318302.04869677144,0.31928969221745523,-0.0008922369399929097,0.7015950418349768,-0.4641801376555516,-0.9980306708451641,7303,7303.0,3652,-318301.7294070792
ETH,7,True,07:00-19:00,19:00-07:00,3,4,Night Cash / Day Momentum,Cash,Momentum,0,bps,100.0,318302.04869677144,0.12325868089419913,-0.0011590581401234791,0.7013002086273129,-0.6032455372758796,-0.9997327267194592,7293,7293.0,3652,-318301.9254380905
ETH,7,True,07:00-19:00,19:00-07:00,4,5,Night Cash / Day Reversal,Cash,Reversal,0,bps,100.0,318302.04869677144,573.0754971325522,0.0011590581401234798,0.7013002086273129,0.60324553727588,-0.9748601459881928,7293,7293.0,3652,-317728.9731996389
ETH,7,True,07:00-19:00,19:00-07:00,5,6,Night Long / Day Cash,Long,Cash,0,bps,100.0,318302.04869677144,144627.91760983886,0.002539556287533855,0.6340658534167194,1.461895542797282,-0.7118991323327498,7304,7304.0,3652,-173674.13108693258
ETH,7,True,07:00-19:00,19:00-07:00,6,7,Night Long / Day Long,Long,Long,0,bps,100.0,318302.04869677144,319276.65520206466,0.0034728257954599155,0.9617953275050161,1.3179325986445471,-0.9414233331684818,1,1.0,3652,974.6065052932245
ETH,7,True,07:00-19:00,19:00-07:00,7,8,Night Long / Day Short,Long,Short,0,bps,100.0,318302.04869677144,461.7820329969719,0.0016062867796077943,0.9329698052876202,0.6284176307035995,-0.9662053484268905,7304,14607.0,3652,-317840.26666377444
ETH,7,True,07:00-19:00,19:00-07:00,8,9,Night Long / Day Momentum,Long,Momentum,0,bps,100.0,318302.04869677144,178.26646345063781,0.0013995007857531242,0.9550665934010435,0.5348504390472298,-0.9988197898329245,3695,7379.0,3652,-318123.7822333208
ETH,7,True,07:00-19:00,19:00-07:00,9,10,Night Long / Day Reversal,Long,Reversal,0,bps,100.0,318302.04869677144,828827.1578350383,0.003679611789314585,0.9394712234715685,1.429589613332599,-0.7477966944814582,3620,7229.0,3652,510525.1091382668
ETH,7,True,07:00-19:00,19:00-07:00,10,11,Night Short / Day Cash,Short,Cash,0,bps,100.0,318302.04869677144,0.0011797987817872735,-0.002539556287533855,0.6340658534167194,-1.461895542797282,-0.9999882431143956,7304,7304.0,3652,-318302.04751697264
ETH,7,True,07:00-19:00,19:00-07:00,11,12,Night Short / Day Long,Short,Long,0,bps,100.0,318302.04869677144,0.002604491685185398,-0.001688351915474095,0.9299484409695082,-0.6626694792945521,-0.9999741493352301,7304,14607.0,3652,-318302.0460922798
ETH,7,True,07:00-19:00,19:00-07:00,12,13,Night Short / Day Short,Short,Short,0,bps,100.0,318302.04869677144,3.766975899153865e-06,-0.003390760659593614,0.9609454847842138,-1.2879270055882366,-0.9999999735524652,1,1.0,3652,-318302.0486930045
ETH,7,True,07:00-19:00,19:00-07:00,13,14,Night Short / Day Momentum,Short,Momentum,0,bps,100.0,318302.04869677144,1.454204415636814e-06,-0.003717617066000084,0.9361456844437219,-1.4494861768191007,-0.999999985722405,3620,7229.0,3652,-318302.04869531724
ETH,7,True,07:00-19:00,19:00-07:00,14,15,Night Short / Day Reversal,Short,Reversal,0,bps,100.0,318302.04869677144,0.006761137733891238,-0.0013614955090676254,0.9544228523833795,-0.5206768253386984,-0.9999898389226857,3695,7379.0,3652,-318302.0419356337
ETH,7,True,07:00-19:00,19:00-07:00,15,16,Night Momentum / Day Cash,Momentum,Cash,0,bps,100.0,318302.04869677144,0.15560130401900352,-0.0012133657616281153,0.6354144581290613,-0.6969915420217073,-0.9992120842443436,7300,7300.0,3652,-318301.8930954674
ETH,7,True,07:00-19:00,19:00-07:00,16,17,Night Momentum / Day Long,Momentum,Long,0,bps,100.0,318302.04869677144,0.34350120442366894,-0.00033339065958118343,0.9437462932549204,-0.12894099994548242,-0.9991498320179565,3437,6871.0,3652,-318301.705195567
ETH,7,True,07:00-19:00,19:00-07:00,17,18,Night Momentum / Day Short,Momentum,Short,0,bps,100.0,318302.04869677144,0.0004968189246886208,-0.002093340863675047,0.9533332656437306,-0.8014714714958157,-0.999996655029221,3869,7735.0,3652,-318302.0481999525
ETH,7,True,07:00-19:00,19:00-07:00,18,19,Night Momentum / Day Momentum,Momentum,Momentum,0,bps,100.0,318302.04869677144,0.0001917921147879981,-0.00236629353732236,0.9495169306826519,-0.9096174204094595,-0.9999992475506492,3670,7329.0,3652,-318302.04850497935
ETH,7,True,07:00-19:00,19:00-07:00,19,20,Night Momentum / Day Reversal,Momentum,Reversal,0,bps,100.0,318302.04869677144,0.891712946551635,-6.043798593387022e-05,0.947156502133916,-0.023290622844442704,-0.9995383635653731,3643,7275.0,3652,-318301.1569838249
ETH,7,True,07:00-19:00,19:00-07:00,20,21,Night Reversal / Day Cash,Reversal,Cash,0,bps,100.0,318302.04869677144,1097.7503884281869,0.001213365761628116,0.6354144581290614,0.6969915420217075,-0.7675674327960799,7300,7300.0,3652,-317204.2983083433
ETH,7,True,07:00-19:00,19:00-07:00,21,22,Night Reversal / Day Long,Reversal,Long,0,bps,100.0,318302.04869677144,2423.363884762659,0.0021178645395670036,0.9501360848196346,0.8135893050401297,-0.8020372028292481,3869,7735.0,3652,-315878.68481200875
ETH,7,True,07:00-19:00,19:00-07:00,22,23,Night Reversal / Day Short,Reversal,Short,0,bps,100.0,318302.04869677144,3.5050038365282274,0.00030886698368922684,0.9424932582114763,0.1196151251633378,-0.9856592061988034,3437,6871.0,3652,-318298.5436929349
ETH,7,True,07:00-19:00,19:00-07:00,23,24,Night Reversal / Day Momentum,Reversal,Momentum,0,bps,100.0,318302.04869677144,1.3530726482875308,4.81772570754002e-05,0.943633914746289,0.01863508565951553,-0.9990467043491816,3643,7275.0,3652,-318300.69562412315
ETH,7,True,07:00-19:00,19:00-07:00,24,25,Night Reversal / Day Reversal,Reversal,Reversal,0,bps,100.0,318302.04869677144,6290.938495759346,0.00237855426618083,0.9485598925580463,0.9152530208870031,-0.9873161385781907,3670,7329.0,3652,-312011.1102010121
ETH,7,True,07:00-19:00,19:00-07:00,0,1,Night Cash / Day Cash,Cash,Cash,1,bps,100.0,318302.04869677144,100.0,0.0,0.0,0.0,0.0,0,0.0,3652,-318202.04869677144
ETH,7,True,07:00-19:00,19:00-07:00,1,2,Night Cash / Day Long,Cash,Long,1,bps,100.0,318302.04869677144,106.34912289237421,0.0006920954574442165,0.7014545009916112,0.36013004636798257,-0.8989804776821605,7303,7303.0,3652,-318195.6995738791
ETH,7,True,07:00-19:00,19:00-07:00,2,3,Night Cash / Day Short,Cash,Short,1,bps,100.0,318302.04869677144,0.1538168023766244,-0.0010920206984080282,0.701454967332611,-0.5682297132125529,-0.9990260957178653,7303,7303.0,3652,-318301.89487996907
ETH,7,True,07:00-19:00,19:00-07:00,3,4,Night Cash / Day Momentum,Cash,Momentum,1,bps,100.0,318302.04869677144,0.05943889298908186,-0.0013585150402242623,0.7011602398676443,-0.7071963889102685,-0.9998539301071605,7293,7293.0,3652,-318301.98925787845
ETH,7,True,07:00-19:00,19:00-07:00,4,5,Night Cash / Day Reversal,Cash,Reversal,1,bps,100.0,318302.04869677144,276.3535428223902,0.0009591373950983477,0.7011597489178409,0.4992944186417045,-0.977447138337832,7293,7293.0,3652,-318025.695153949
ETH,7,True,07:00-19:00,19:00-07:00,5,6,Night Long / Day Cash,Long,Cash,1,bps,100.0,318302.04869677144,69667.07583407934,0.0023390584016719316,0.6339390465866946,1.3467482736820173,-0.7241082748325507,7304,7304.0,3652,-248634.97286269208
ETH,7,True,07:00-19:00,19:00-07:00,6,7,Night Long / Day Long,Long,Long,1,bps,100.0,318302.04869677144,319244.7275365407,0.0034727980776944577,0.9617952356568963,1.3179222056477944,-0.9414233331684819,1,1.0,3652,942.6788397692726
ETH,7,True,07:00-19:00,19:00-07:00,7,8,Night Long / Day Short,Long,Short,1,bps,100.0,318302.04869677144,107.15184120712115,0.00120571291234173,0.9325971302126512,0.4718920943970554,-0.9846237547545647,7304,14607.0,3652,-318194.8968555643
ETH,7,True,07:00-19:00,19:00-07:00,8,9,Night Long / Day Momentum,Long,Momentum,1,bps,100.0,318302.04869677144,85.22592501592399,0.0011977634700971105,0.955096059576479,0.4577379020695645,-0.9993028537739174,3695,7379.0,3652,-318216.8227717555
ETH,7,True,07:00-19:00,19:00-07:00,9,10,Night Long / Day Reversal,Long,Reversal,1,bps,100.0,318302.04869677144,402236.16610615584,0.003480770044974447,0.9392308104846848,1.3526824846813197,-0.7623427310480583,3620,7229.0,3652,83934.1174093844
ETH,7,True,07:00-19:00,19:00-07:00,10,11,Night Short / Day Cash,Short,Cash,1,bps,100.0,318302.04869677144,0.0005683075063105077,-0.0027390384016718885,0.6339390465866946,-1.5770428119125457,-0.9999943169249369,7304,7304.0,3652,-318302.0481284639
ETH,7,True,07:00-19:00,19:00-07:00,11,12,Night Short / Day Long,Short,Long,1,bps,100.0,318302.04869677144,0.0006043459024705837,-0.0020876104480217345,0.9295760724247639,-0.8197046332532449,-0.9999939980147314,7304,14607.0,3652,-318302.0480924255
ETH,7,True,07:00-19:00,19:00-07:00,12,13,Night Short / Day Short,Short,Short,1,bps,100.0,318302.04869677144,3.766599201563913e-06,-0.0033907876824812075,0.9609455852236277,-1.2879371351892126,-0.9999999735524652,1,1.0,3652,-318302.0486930048
ETH,7,True,07:00-19:00,19:00-07:00,13,14,Night Short / Day Momentum,Short,Momentum,1,bps,100.0,318302.04869677144,7.057365378908228e-07,-0.003914639717473241,0.9360467248719743,-1.526465996740878,-0.9999999930695878,3620,7229.0,3652,-318302.0486960657
ETH,7,True,07:00-19:00,19:00-07:00,14,15,Night Short / Day Reversal,Short,Reversal,1,bps,100.0,318302.04869677144,0.0032323758848254126,-0.0015638516459720434,0.9539965877733747,-0.5983311241312246,-0.999993361261598,3695,7379.0,3652,-318302.04546439555
ETH,7,True,07:00-19:00,19:00-07:00,15,16,Night Momentum / Day Cash,Momentum,Cash,1,bps,100.0,318302.04869677144,0.07498293016714393,-0.0014130035770606865,0.6352874642400325,-0.8118313907612139,-0.9995821484284807,7300,7300.0,3652,-318301.9737138413
ETH,7,True,07:00-19:00,19:00-07:00,16,17,Night Momentum / Day Long,Momentum,Long,1,bps,100.0,318302.04869677144,0.17278048463024542,-0.0005207042732108607,0.9438746601464182,-0.20135836647260094,-0.9995677663420646,3437,6871.0,3652,-318301.87591628684
ETH,7,True,07:00-19:00,19:00-07:00,17,18,Night Momentum / Day Short,Momentum,Short,1,bps,100.0,318302.04869677144,0.00022921221506158325,-0.0023049719763563264,0.9530284212800904,-0.8827803584703386,-0.9999983736578466,3869,7735.0,3652,-318302.0484675592
ETH,7,True,07:00-19:00,19:00-07:00,18,19,Night Momentum / Day Momentum,Momentum,Momentum,1,bps,100.0,318302.04869677144,9.215194632889378e-05,-0.002565965065804255,0.9495485448701925,-0.9863395126855652,-0.9999995941953208,3670,7329.0,3652,-318302.0486046195
ETH,7,True,07:00-19:00,19:00-07:00,19,20,Night Momentum / Day Reversal,Momentum,Reversal,1,bps,100.0,318302.04869677144,0.43076882069337935,-0.0002598475239404101,0.9468721906561616,-0.10016594338093786,-0.9997144178676088,3643,7275.0,3652,-318301.61792795075
ETH,7,True,07:00-19:00,19:00-07:00,20,21,Night Reversal / Day Cash,Reversal,Cash,1,bps,100.0,318302.04869677144,528.9964710476539,0.0010132426241582107,0.6352873115242428,0.5821516518729242,-0.7765699981220803,7300,7300.0,3652,-317773.0522257238
ETH,7,True,07:00-19:00,19:00-07:00,21,22,Night Reversal / Day Long,Reversal,Long,1,bps,100.0,318302.04869677144,1118.0423617615438,0.0019059460379492212,0.9500666145978678,0.7322331857181616,-0.8281326541666681,3869,7735.0,3652,-317184.0063350099
ETH,7,True,07:00-19:00,19:00-07:00,22,23,Night Reversal / Day Short,Reversal,Short,1,bps,100.0,318302.04869677144,1.7630105912504948,0.00011995259873816538,0.9420502839610215,0.04647596766845401,-0.9920690226937406,3437,6871.0,3652,-318300.28568618017
ETH,7,True,07:00-19:00,19:00-07:00,23,24,Night Reversal / Day Momentum,Reversal,Momentum,1,bps,100.0,318302.04869677144,0.6536425329129615,-0.0001508016525890632,0.9435288607356207,-0.05833695765500398,-0.9994262037658722,3643,7275.0,3652,-318301.3950542385
ETH,7,True,07:00-19:00,19:00-07:00,24,25,Night Reversal / Day Reversal,Reversal,Reversal,1,bps,100.0,318302.04869677144,3022.6593374832264,0.0021768754520103857,0.948181257946263,0.8379827520581739,-0.98857138795214,3670,7329.0,3652,-315279.3893592882
ETH,7,True,07:00-19:00,19:00-07:00,0,1,Night Cash / Day Cash,Cash,Cash,2,bps,100.0,318302.04869677144,100.0,0.0,0.0,0.0,0.0,0,0.0,3652,-318202.04869677144
ETH,7,True,07:00-19:00,19:00-07:00,1,2,Night Cash / Day Long,Cash,Long,2,bps,100.0,318302.04869677144,51.22961240808252,0.0004919739873485414,0.7013139756067897,0.2560486624080889,-0.9197781330731467,7303,7303.0,3652,-318250.81908436335
ETH,7,True,07:00-19:00,19:00-07:00,2,3,Night Cash / Day Short,Cash,Short,2,bps,100.0,318302.04869677144,0.07409534703525132,-0.0012917844802290655,0.7013149082836722,-0.6723104410221565,-0.9995184031301851,7303,7303.0,3652,-318301.9746014244
ETH,7,True,07:00-19:00,19:00-07:00,3,4,Night Cash / Day Momentum,Cash,Momentum,2,bps,100.0,318302.04869677144,0.02866105877184159,-0.00155795201829521,0.7010203035842,-0.8111783407275456,-0.9999211385302404,7293,7293.0,3652,-318302.0200357127
ETH,7,True,07:00-19:00,19:00-07:00,4,5,Night Cash / Day Reversal,Cash,Reversal,2,bps,100.0,318302.04869677144,133.25593284676665,0.000759236618514357,0.7010193217508411,0.3953120223071908,-0.9799637283576906,7293,7293.0,3652,-318168.7927639247
ETH,7,True,07:00-19:00,19:00-07:00,5,6,Night Long / Day Cash,Long,Cash,2,bps,100.0,318302.04869677144,33556.086388910175,0.0021385805666011342,0.6338122524379869,1.2315664517479286,-0.7358011623372391,7304,7304.0,3652,-284745.96230786125
ETH,7,True,07:00-19:00,19:00-07:00,6,7,Night Long / Day Long,Long,Long,2,bps,100.0,318302.04869677144,319212.799871024,0.003472770359929001,0.9617951448735415,1.3179118111900496,-0.9414233331684818,1,1.0,3652,910.7511742525385
ETH,7,True,07:00-19:00,19:00-07:00,7,8,Night Long / Day Short,Long,Short,2,bps,100.0,318302.04869677144,24.856233691413024,0.0008052191621430411,0.9322245307527609,0.3152727529545752,-0.9930050566567921,7304,14607.0,3652,-318277.19246308005
ETH,7,True,07:00-19:00,19:00-07:00,8,9,Night Long / Day Momentum,Long,Momentum,2,bps,100.0,318302.04869677144,40.738940250694704,0.0009960448782865275,0.9551325135600474,0.38063449355263357,-0.999588241392647,3695,7379.0,3652,-318261.3097565207
ETH,7,True,07:00-19:00,19:00-07:00,9,10,Night Long / Day Reversal,Long,Reversal,2,bps,100.0,318302.04869677144,195180.08038858508,0.003281946399979522,0.9389976456655654,1.2757331624015325,-0.7760524743676365,3620,7229.0,3652,-123121.96830818636
ETH,7,True,07:00-19:00,19:00-07:00,10,11,Night Short / Day Cash,Short,Cash,2,bps,100.0,318302.04869677144,0.0002737329728412783,-0.0029385005666010483,0.6338122524379869,-1.6922246338466334,-0.9999972626702716,7304,7304.0,3652,-318302.04842303845
ETH,7,True,07:00-19:00,19:00-07:00,11,12,Night Short / Day Long,Short,Long,2,bps,100.0,318302.04869677144,0.00014019136594415038,-0.0024867891261173133,0.9292037794303742,-0.9768342005552854,-0.9999986068712161,7304,14607.0,3652,-318302.0485565801
ETH,7,True,07:00-19:00,19:00-07:00,12,13,Night Short / Day Short,Short,Short,2,bps,100.0,318302.04869677144,3.7662225039740456e-06,-0.0033908147053688014,0.9609456866759818,-1.2879472634304365,-0.9999999735524652,1,1.0,3652,-318302.0486930052
ETH,7,True,07:00-19:00,19:00-07:00,13,14,Night Short / Day Momentum,Short,Momentum,2,bps,100.0,318302.04869677144,3.424498486352909e-07,-0.00411164448932711,0.9359548778534544,-1.6034429373841808,-0.9999999966364311,3620,7229.0,3652,-318302.048696429
ETH,7,True,07:00-19:00,19:00-07:00,14,15,Night Short / Day Reversal,Short,Reversal,2,bps,100.0,318302.04869677144,0.0015451116314089475,-0.0017661888832515486,0.953577357733818,-0.6760426274370134,-0.9999956629502057,3695,7379.0,3652,-318302.0471516598
ETH,7,True,07:00-19:00,19:00-07:00,15,16,Night Momentum / Day Cash,Momentum,Cash,2,bps,100.0,318302.04869677144,0.03613099097512807,-0.0016126214277134739,0.6351604956352838,-0.9267056518159191,-0.9997950185584968,7300,7300.0,3652,-318302.0125657805
ETH,7,True,07:00-19:00,19:00-07:00,16,17,Night Momentum / Day Long,Momentum,Long,2,bps,100.0,318302.04869677144,0.0868963270253058,-0.0007079804311980431,0.9440183192039387,-0.2737371215478077,-0.9997802779444519,3437,6871.0,3652,-318301.9618004444
ETH,7,True,07:00-19:00,19:00-07:00,17,18,Night Momentum / Day Short,Momentum,Short,2,bps,100.0,318302.04869677144,0.00010573291034453856,-0.0025165607696631424,0.9527388588375537,-0.9641096008698254,-0.9999992445914923,3869,7735.0,3652,-318302.0485910385
ETH,7,True,07:00-19:00,19:00-07:00,18,19,Night Momentum / Day Momentum,Momentum,Momentum,2,bps,100.0,318302.04869677144,4.427052172997235e-05,-0.002765618206854015,0.9495871188092394,-1.0630416372618274,-0.9999997811718452,3670,7329.0,3652,-318302.0486525009
ETH,7,True,07:00-19:00,19:00-07:00,19,20,Night Momentum / Day Reversal,Momentum,Reversal,2,bps,100.0,318302.04869677144,0.20806559997114168,-0.0004592387696677318,0.9465950123340846,-0.17707905571507773,-0.9998233472904712,3643,7275.0,3652,-318301.8406311715
ETH,7,True,07:00-19:00,19:00-07:00,20,21,Night Reversal / Day Cash,Reversal,Cash,2,bps,100.0,318302.04869677144,254.90023767666128,0.0008131395000027158,0.6351601902189856,0.46727726654068835,-0.7852247251199492,7300,7300.0,3652,-318047.14845909475
ETH,7,True,07:00-19:00,19:00-07:00,21,22,Night Reversal / Day Long,Reversal,Long,2,bps,100.0,318302.04869677144,515.7398473103625,0.0016940699134436806,0.9500125559825472,0.6508708906141055,-0.8711258215898379,3869,7735.0,3652,-317786.3088494611
ETH,7,True,07:00-19:00,19:00-07:00,22,23,Night Reversal / Day Short,Reversal,Short,2,bps,100.0,318302.04869677144,0.8866692625282816,-6.892401063836262e-05,0.9416228260595588,-0.026716922303464983,-0.9959286434138103,3437,6871.0,3652,-318301.1620275089
ETH,7,True,07:00-19:00,19:00-07:00,23,24,Night Reversal / Day Momentum,Reversal,Momentum,2,bps,100.0,318302.04869677144,0.31571580681786554,-0.00034976234630570415,0.9434309442711327,-0.1353180719551349,-0.9996546625437173,3643,7275.0,3652,-318301.73298096465
ETH,7,True,07:00-19:00,19:00-07:00,24,25,Night Reversal / Day Reversal,Reversal,Reversal,2,bps,100.0,318302.04869677144,1452.1093825274634,0.0019752153446156097,0.9478097825423427,0.7606522047608106,-0.9897026265268143,3670,7329.0,3652,-316849.93931424397
ETH,8,True,08:00-20:00,20:00-08:00,0,1,Night Cash / Day Cash,Cash,Cash,0,bps,100.0,318302.04869677144,100.0,0.0,0.0,0.0,0.0,0,0.0,3652,-318202.04869677144
ETH,8,True,08:00-20:00,20:00-08:00,1,2,Night Cash / Day Long,Cash,Long,0,bps,100.0,318302.04869677144,339.65638240824217,0.0010151932528906467,0.705482808510569,0.5252368063899246,-0.8112506196303753,7303,7303.0,3652,-317962.3923143632
ETH,8,True,08:00-20:00,20:00-08:00,2,3,Night Cash / Day Short,Cash,Short,0,bps,100.0,318302.04869677144,0.19511479176598306,-0.0010151932528906465,0.705482808510569,-0.5252368063899245,-0.9989283343949349,7303,7303.0,3652,-318301.8535819797
ETH,8,True,08:00-20:00,20:00-08:00,3,4,Night Cash / Day Momentum,Cash,Momentum,0,bps,100.0,318302.04869677144,0.011825289941868548,-0.0017826536570704013,0.704369754389871,-0.9237599723376951,-0.9999216669300975,7295,7295.0,3652,-318302.0368714815
ETH,8,True,08:00-20:00,20:00-08:00,4,5,Night Cash / Day Reversal,Cash,Reversal,0,bps,100.0,318302.04869677144,5648.598641219549,0.0017826536570704015,0.7043697543898711,0.923759972337695,-0.6487140010307375,7295,7295.0,3652,-312653.4500555519
ETH,8,True,08:00-20:00,20:00-08:00,5,6,Night Long / Day Cash,Long,Cash,0,bps,100.0,318302.04869677144,93613.11600280205,0.0024115846540753395,0.6298223229954681,1.3975820903760383,-0.7963021847660949,7304,7304.0,3652,-224688.9326939694
ETH,8,True,08:00-20:00,20:00-08:00,6,7,Night Long / Day Long,Long,Long,0,bps,100.0,318302.04869677144,317962.9232747494,0.003495850336616486,0.972963986660499,1.3114415233852361,-0.9398163840789275,1,1.0,3652,-339.1254220220144
ETH,8,True,08:00-20:00,20:00-08:00,7,8,Night Long / Day Short,Long,Short,0,bps,100.0,318302.04869677144,182.653036354516,0.0013273189715341926,0.9206513774630406,0.5262267960158776,-0.9811793266507173,7304,14607.0,3652,-318119.3956604169
ETH,8,True,08:00-20:00,20:00-08:00,8,9,Night Long / Day Momentum,Long,Momentum,0,bps,100.0,318302.04869677144,11.070022390949132,0.0006018335461175699,0.934699349879975,0.23501593786399955,-0.9985033686401807,3679,7349.0,3652,-318290.9786743805
ETH,8,True,08:00-20:00,20:00-08:00,9,10,Night Long / Day Reversal,Long,Reversal,0,bps,100.0,318302.04869677144,5287829.198537597,0.00422133576203311,0.9575691734476094,1.6090613564706453,-0.8190866442703949,3634,7259.0,3652,4969527.149840826
ETH,8,True,08:00-20:00,20:00-08:00,10,11,Night Short / Day Cash,Short,Cash,0,bps,100.0,318302.04869677144,0.001927562911890009,-0.0024115846540753404,0.6298223229954681,-1.397582090376039,-0.9999807243708811,7304,7304.0,3652,-318302.0467692085
ETH,8,True,08:00-20:00,20:00-08:00,11,12,Night Short / Day Long,Short,Long,0,bps,100.0,318302.04869677144,0.006547090455168549,-0.0014654638308351947,0.9201944453877249,-0.5812839894175493,-0.9999347757347355,7304,14607.0,3652,-318302.04214968096
ETH,8,True,08:00-20:00,20:00-08:00,12,13,Night Short / Day Short,Short,Short,0,bps,100.0,318302.04869677144,3.76096036169248e-06,-0.0033577054773154856,0.9707181983987724,-1.2625317020343831,-0.9999999730704114,1,1.0,3652,-318302.04869301047
ETH,8,True,08:00-20:00,20:00-08:00,13,14,Night Short / Day Momentum,Short,Momentum,0,bps,100.0,318302.04869677144,2.2793990314291723e-07,-0.004167140860258371,0.9512256409766264,-1.5989964404583157,-0.9999999980673528,3634,7259.0,3652,-318302.0486965435
ETH,8,True,08:00-20:00,20:00-08:00,14,15,Night Short / Day Reversal,Short,Reversal,0,bps,100.0,318302.04869677144,0.10888029244967015,-0.0006560284478923081,0.9388910564995809,-0.25503532260007133,-0.9993061013190999,3679,7349.0,3652,-318301.939816479
ETH,8,True,08:00-20:00,20:00-08:00,15,16,Night Momentum / Day Cash,Momentum,Cash,0,bps,100.0,318302.04869677144,1.5866618498434144,-0.0005844986584359662,0.6312033915500459,-0.3379924968483197,-0.9954975595020862,7296,7296.0,3652,-318300.46203492157
ETH,8,True,08:00-20:00,20:00-08:00,16,17,Night Momentum / Day Long,Momentum,Long,0,bps,100.0,318302.04869677144,5.389198240229853,0.0004357405137665399,0.9509829465257719,0.1672430490008549,-0.9929965757572079,3459,6911.0,3652,-318296.6594985312
ETH,8,True,08:00-20:00,20:00-08:00,17,18,Night Momentum / Day Short,Momentum,Short,0,bps,100.0,318302.04869677144,0.003095811964352264,-0.001604737830638471,0.9456054838701788,-0.6194224950830086,-0.9999877819212414,3851,7695.0,3652,-318302.04560095945
ETH,8,True,08:00-20:00,20:00-08:00,18,19,Night Momentum / Day Momentum,Momentum,Momentum,0,bps,100.0,318302.04869677144,0.00018762736414099947,-0.0023477556552056102,0.9517473642737546,-0.9003763459896122,-0.9999992825459488,3691,7369.0,3652,-318302.04850914405
ETH,8,True,08:00-20:00,20:00-08:00,19,20,Night Momentum / Day Reversal,Momentum,Reversal,0,bps,100.0,318302.04869677144,89.62415969100425,0.0011787583383336792,0.942911284294101,0.45629615495999915,-0.9573469842504312,3624,7235.0,3652,-318212.42453708046
ETH,8,True,08:00-20:00,20:00-08:00,20,21,Night Reversal / Day Cash,Reversal,Cash,0,bps,100.0,318302.04869677144,114.01917988917222,0.0005844986584359654,0.6312033915500459,0.3379924968483193,-0.8156715693673893,7296,7296.0,3652,-318188.02951688226
ETH,8,True,08:00-20:00,20:00-08:00,21,22,Night Reversal / Day Long,Reversal,Long,0,bps,100.0,318302.04869677144,387.27342166311,0.001594645992014752,0.9448461059458478,0.6160217874875206,-0.8342924519589853,3851,7695.0,3652,-317914.77527510835
ETH,8,True,08:00-20:00,20:00-08:00,22,23,Night Reversal / Day Short,Reversal,Short,0,bps,100.0,318302.04869677144,0.2224682854140415,-0.00042564867514282163,0.9481595815118802,-0.1638561371487688,-0.9991723553570768,3459,6911.0,3652,-318301.826228486
ETH,8,True,08:00-20:00,20:00-08:00,23,24,Night Reversal / Day Momentum,Reversal,Momentum,0,bps,100.0,318302.04869677144,0.013483098611235237,-0.0012175516589351914,0.9359854682208741,-0.47480048633241567,-0.9999086822909097,3624,7235.0,3652,-318302.03521367285
ETH,8,True,08:00-20:00,20:00-08:00,24,25,Night Reversal / Day Reversal,Reversal,Reversal,0,bps,100.0,318302.04869677144,6440.4858459494435,0.0023865489758071222,0.9554778123358305,0.9116803811907142,-0.8268665400519557,3691,7369.0,3652,-311861.562850822
ETH,8,True,08:00-20:00,20:00-08:00,0,1,Night Cash / Day Cash,Cash,Cash,1,bps,100.0,318302.04869677144,100.0,0.0,0.0,0.0,0.0,0,0.0,3652,-318202.04869677144
ETH,8,True,08:00-20:00,20:00-08:00,1,2,Night Cash / Day Long,Cash,Long,1,bps,100.0,318302.04869677144,163.6283911516526,0.0008150273520654642,0.7053415763114492,0.4217601705255746,-0.8644595198540589,7303,7303.0,3652,-318138.4203056198
ETH,8,True,08:00-20:00,20:00-08:00,2,3,Night Cash / Day Short,Cash,Short,1,bps,100.0,318302.04869677144,0.09399593565765613,-0.0012149525930292742,0.705341865775053,-0.6287131361023055,-0.9994361218852323,7303,7303.0,3652,-318301.9547008358
ETH,8,True,08:00-20:00,20:00-08:00,3,4,Night Cash / Day Momentum,Cash,Momentum,1,bps,100.0,318302.04869677144,0.005701355628030255,-0.0019820411865071313,0.704228912431261,-1.0272867533619157,-0.9999602648603761,7295,7295.0,3652,-318302.0429954158
ETH,8,True,08:00-20:00,20:00-08:00,4,5,Night Cash / Day Reversal,Cash,Reversal,1,bps,100.0,318302.04869677144,2723.3725187217565,0.0015825540233089291,0.704228934729861,0.8202335774932851,-0.6975748605640908,7295,7295.0,3652,-315578.6761780497
ETH,8,True,08:00-20:00,20:00-08:00,5,6,Night Long / Day Cash,Long,Cash,1,bps,100.0,318302.04869677144,45093.31365210758,0.0022111123612603926,0.6296963648290923,1.281658997791878,-0.8050515036065276,7304,7304.0,3652,-273208.7350446639
ETH,8,True,08:00-20:00,20:00-08:00,6,7,Night Long / Day Long,Long,Long,1,bps,100.0,318302.04869677144,317931.1269824201,0.0034958225230280323,0.9729638592714323,1.3114312610344008,-0.9398163840789275,1,1.0,3652,-370.92171435133787
ETH,8,True,08:00-20:00,20:00-08:00,7,8,Night Long / Day Short,Long,Short,1,bps,100.0,318302.04869677144,42.38278613924745,0.0009268564213857253,0.920283528190284,0.3676069205226935,-0.9908977793210232,7304,14607.0,3652,-318259.6659106322
ETH,8,True,08:00-20:00,20:00-08:00,8,9,Night Long / Day Momentum,Long,Momentum,1,bps,100.0,318302.04869677144,5.308277074888279,0.00040093312240423824,0.9346804106207505,0.15656751550014575,-0.9991185932995706,3679,7349.0,3652,-318296.74041969655
ETH,8,True,08:00-20:00,20:00-08:00,9,10,Night Long / Day Reversal,Long,Reversal,1,bps,100.0,318302.04869677144,2558536.0706805866,0.004021576688556175,0.9573305717745875,1.5333005490486196,-0.826250574409009,3634,7259.0,3652,2240234.0219838154
ETH,8,True,08:00-20:00,20:00-08:00,10,11,Night Short / Day Cash,Short,Cash,1,bps,100.0,318302.04869677144,0.0009285044946845289,-0.002611092361260352,0.6296963648290923,-1.5135051829602004,-0.9999907149550532,7304,7304.0,3652,-318302.04776826693
ETH,8,True,08:00-20:00,20:00-08:00,11,12,Night Short / Day Long,Short,Long,1,bps,100.0,318302.04869677144,0.0015191859940238913,-0.0018648112620263035,0.9198260620365598,-0.7399835020249155,-0.9999848562857956,7304,14607.0,3652,-318302.0471775854
ETH,8,True,08:00-20:00,20:00-08:00,12,13,Night Short / Day Short,Short,Short,1,bps,100.0,318302.04869677144,3.760584265656333e-06,-0.0033577324155543713,0.9707183291701336,-1.2625416610038531,-0.9999999730704114,1,1.0,3652,-318302.0486930109
ETH,8,True,08:00-20:00,20:00-08:00,13,14,Night Short / Day Momentum,Short,Momentum,1,bps,100.0,318302.04869677144,1.102895805144166e-07,-0.004364907595642704,0.9511147285017302,-1.675077910862873,-0.9999999990509373,3634,7259.0,3652,-318302.04869666114
ETH,8,True,08:00-20:00,20:00-08:00,14,15,Night Short / Day Reversal,Short,Reversal,1,bps,100.0,318302.04869677144,0.052210080513501365,-0.0008575604688650718,0.938523902039848,-0.33351262600284987,-0.999621346839363,3679,7349.0,3652,-318301.99648669094
ETH,8,True,08:00-20:00,20:00-08:00,15,16,Night Momentum / Day Cash,Momentum,Cash,1,bps,100.0,318302.04869677144,0.7649046154051166,-0.0007841527174517646,0.631077243898437,-0.4535351965819837,-0.9976436018103306,7296,7296.0,3652,-318301.283792156
ETH,8,True,08:00-20:00,20:00-08:00,16,17,Night Momentum / Day Long,Momentum,Long,1,bps,100.0,318302.04869677144,2.6999345720810535,0.0002470218656510658,0.9510484073881933,0.09480377682377719,-0.9964536064421265,3459,6911.0,3652,-318299.34876219934
ETH,8,True,08:00-20:00,20:00-08:00,17,18,Night Momentum / Day Short,Momentum,Short,1,bps,100.0,318302.04869677144,0.001434007960762417,-0.0018154831147629664,0.9452682931725822,-0.7010193208368825,-0.9999934992368024,3851,7695.0,3652,-318302.0472627635
ETH,8,True,08:00-20:00,20:00-08:00,18,19,Night Momentum / Day Momentum,Momentum,Momentum,1,bps,100.0,318302.04869677144,8.979095580882296e-05,-0.0025487767104919712,0.9516772270518452,-0.977540990669191,-0.9999996367683095,3691,7369.0,3652,-318302.0486069805
ETH,8,True,08:00-20:00,20:00-08:00,19,20,Night Momentum / Day Reversal,Momentum,Reversal,1,bps,100.0,318302.04869677144,43.46919943809641,0.0009801068725489221,0.9425957935533139,0.3795253606339402,-0.9735450161721992,3624,7235.0,3652,-318258.5794973333
ETH,8,True,08:00-20:00,20:00-08:00,20,21,Night Reversal / Day Cash,Reversal,Cash,1,bps,100.0,318302.04869677144,54.966845613979245,0.00038461081164676647,0.6310770957853324,0.2224497564380351,-0.8352855299732937,7296,7296.0,3652,-318247.0818511575
ETH,8,True,08:00-20:00,20:00-08:00,21,22,Night Reversal / Day Long,Reversal,Long,1,bps,100.0,318302.04869677144,179.388533945663,0.0013840505941179035,0.9448273763224211,0.5346780581436532,-0.854727496365374,3851,7695.0,3652,-318122.6601628258
ETH,8,True,08:00-20:00,20:00-08:00,22,23,Night Reversal / Day Short,Reversal,Short,1,bps,100.0,318302.04869677144,0.11145439232447722,-0.0006153436610431246,0.9477864894492415,-0.23697366314142726,-0.9994477816930715,3459,6911.0,3652,-318301.9372423791
ETH,8,True,08:00-20:00,20:00-08:00,23,24,Night Reversal / Day Momentum,Reversal,Momentum,1,bps,100.0,318302.04869677144,0.006539525777379564,-0.0014150930033549794,0.9359199345000575,-0.551873004500617,-0.9999549634624751,3624,7235.0,3652,-318302.0421572457
ETH,8,True,08:00-20:00,20:00-08:00,24,25,Night Reversal / Day Reversal,Reversal,Reversal,1,bps,100.0,318302.04869677144,3082.1590583472434,0.0021840239917206485,0.955193931159725,0.8345622087550053,-0.8393456294058521,3691,7369.0,3652,-315219.8896384242
ETH,8,True,08:00-20:00,20:00-08:00,0,1,Night Cash / Day Cash,Cash,Cash,2,bps,100.0,318302.04869677144,100.0,0.0,0.0,0.0,0.0,0,0.0,3652,-318202.04869677144
ETH,8,True,08:00-20:00,20:00-08:00,1,2,Night Cash / Day Long,Cash,Long,2,bps,100.0,318302.04869677144,78.82170374024012,0.0006148814661180672,0.7052003596413879,0.31825243998347313,-0.9028462943284182,7303,7303.0,3652,-318223.2269930312
ETH,8,True,08:00-20:00,20:00-08:00,2,3,Night Cash / Day Short,Cash,Short,2,bps,100.0,318302.04869677144,0.04527893809288737,-0.0014146919589985967,0.7052009385628238,-0.7322204733402901,-0.9997204355438912,7303,7303.0,3652,-318302.00341783336
ETH,8,True,08:00-20:00,20:00-08:00,3,4,Night Cash / Day Momentum,Cash,Momentum,2,bps,100.0,318302.04869677144,0.0027486078139499974,-0.002181408795316388,0.7040881000996327,-1.1308445777990175,-0.9999798453686749,7295,7295.0,3652,-318302.0459481636
ETH,8,True,08:00-20:00,20:00-08:00,4,5,Night Cash / Day Reversal,Cash,Reversal,2,bps,100.0,318302.04869677144,1312.9303754449943,0.001382474381296757,0.7040881447775588,0.7166761049963917,-0.7467677264657301,7295,7295.0,3652,-316989.11832132644
ETH,8,True,08:00-20:00,20:00-08:00,5,6,Night Long / Day Cash,Long,Cash,2,bps,100.0,318302.04869677144,21719.80250866442,0.0020106601166771402,0.6295704192591628,1.1657011195836533,-0.8277449465380754,7304,7304.0,3652,-296582.246188107
ETH,8,True,08:00-20:00,20:00-08:00,6,7,Night Long / Day Long,Long,Long,2,bps,100.0,318302.04869677144,317899.3306900948,0.003495794709439579,0.9729637329421906,1.3114209972523803,-0.9398163840789275,1,1.0,3652,-402.718006676645
ETH,8,True,08:00-20:00,20:00-08:00,7,8,Night Long / Day Short,Long,Short,2,bps,100.0,318302.04869677144,9.831622349204446,0.0005264739660907746,0.9199157535819485,0.2088919521976795,-0.99581676369822,7304,14607.0,3652,-318292.2170744222
ETH,8,True,08:00-20:00,20:00-08:00,8,9,Night Long / Day Momentum,Long,Momentum,2,bps,100.0,318302.04869677144,2.545041384695097,0.00020005133760568058,0.9346686503183984,0.0781225926441411,-0.9994809707266316,3679,7349.0,3652,-318299.50365538674
ETH,8,True,08:00-20:00,20:00-08:00,9,10,Night Long / Day Reversal,Long,Reversal,2,bps,100.0,318302.04869677144,1237777.6387279704,0.0038218359625314716,0.9570991191062349,1.457498077760899,-0.8331321712052643,3634,7259.0,3652,919475.5900311989
ETH,8,True,08:00-20:00,20:00-08:00,10,11,Night Short / Day Cash,Short,Cash,2,bps,100.0,318302.04869677144,0.00044722670878751366,-0.002810580116677052,0.6295704192591629,-1.6294630611684242,-0.9999955277329121,7304,7304.0,3652,-318302.04824954475
ETH,8,True,08:00-20:00,20:00-08:00,11,12,Night Short / Day Long,Short,Long,2,bps,100.0,318302.04869677144,0.00035240870957307203,-0.002264078821033386,0.9194577534512237,-0.8987784012645501,-0.9999964849723534,7304,14607.0,3652,-318302.0483443627
ETH,8,True,08:00-20:00,20:00-08:00,12,13,Night Short / Day Short,Short,Short,2,bps,100.0,318302.04869677144,3.7602081696201174e-06,-0.0033577593537932574,0.9707184609379574,-1.2625516186746042,-0.9999999730704114,1,1.0,3652,-318302.0486930112
ETH,8,True,08:00-20:00,20:00-08:00,13,14,Night Short / Day Momentum,Short,Momentum,2,bps,100.0,318302.04869677144,5.3356283739677774e-08,-0.0045626562162134395,0.9510108452446276,-1.7511572315345403,-0.9999999995340112,3634,7259.0,3652,-318302.04869671806
ETH,8,True,08:00-20:00,20:00-08:00,14,15,Night Short / Day Reversal,Short,Reversal,2,bps,100.0,318302.04869677144,0.025032004496095498,-0.0010590736817905925,0.938163965628693,-0.41204086707222765,-0.9998014527608476,3679,7349.0,3652,-318302.0236647669
ETH,8,True,08:00-20:00,20:00-08:00,15,16,Night Momentum / Day Cash,Momentum,Cash,2,bps,100.0,318302.04869677144,0.36872152461195956,-0.000983786810063338,0.6309511341847741,-0.5691125131854681,-0.9988435817754145,7296,7296.0,3652,-318301.67997524684
ETH,8,True,08:00-20:00,20:00-08:00,16,17,Night Momentum / Day Long,Momentum,Long,2,bps,100.0,318302.04869677144,1.3524533651720971,5.834094241225962e-05,0.9511291210922452,0.022388594259442847,-0.9982044217867563,3459,6911.0,3652,-318300.6962434063
ETH,8,True,08:00-20:00,20:00-08:00,17,18,Night Momentum / Day Short,Momentum,Short,2,bps,100.0,318302.04869677144,0.0006641431780256291,-0.0020261862668035876,0.9449465233125496,-0.7826453340351557,-0.9999965605041506,3851,7695.0,3652,-318302.04803262826
ETH,8,True,08:00-20:00,20:00-08:00,18,19,Night Momentum / Day Momentum,Momentum,Momentum,2,bps,100.0,318302.04869677144,4.2964032479427985e-05,-0.002749779047173645,0.9516141078056594,-1.0547020520037855,-0.9999998173354344,3691,7369.0,3652,-318302.04865380743
ETH,8,True,08:00-20:00,20:00-08:00,19,20,Night Momentum / Day Reversal,Momentum,Reversal,2,bps,100.0,318302.04869677144,21.08023150768688,0.000781473590877802,0.9422875089796542,0.3027078868733646,-0.9842050539755601,3624,7235.0,3652,-318280.9684652638
ETH,8,True,08:00-20:00,20:00-08:00,20,21,Night Reversal / Day Cash,Reversal,Cash,2,bps,100.0,318302.04869677144,26.49671437420036,0.00018474295464173838,0.6309508379733949,0.10687231775588489,-0.8560334616788685,7296,7296.0,3652,-318275.5519823972
ETH,8,True,08:00-20:00,20:00-08:00,21,22,Night Reversal / Day Long,Reversal,Long,2,bps,100.0,318302.04869677144,83.08159668283061,0.001173497296885253,0.9448241009197744,0.45333995285063833,-0.8726673227969413,3851,7695.0,3652,-318218.9671000886
ETH,8,True,08:00-20:00,20:00-08:00,22,23,Night Reversal / Day Short,Reversal,Short,2,bps,100.0,318302.04869677144,0.05582982251539047,-0.0008050007253402466,0.9474288165799476,-0.3101291195784479,-0.999717384325043,3459,6911.0,3652,-318301.99286694895
ETH,8,True,08:00-20:00,20:00-08:00,23,24,Night Reversal / Day Momentum,Reversal,Momentum,2,bps,100.0,318302.04869677144,0.0031713194427232193,-0.0016126163320648685,0.9358615751768525,-0.6289444687291991,-0.9999777917869113,3624,7235.0,3652,-318302.045525452
ETH,8,True,08:00-20:00,20:00-08:00,24,25,Night Reversal / Day Reversal,Reversal,Reversal,2,bps,100.0,318302.04869677144,1474.780847322071,0.0019815179545486137,0.9549171941533846,0.7573997597262558,-0.8509274747837619,3691,7369.0,3652,-316827.26784944936
ETH,9,True,09:00-21:00,21:00-09:00,0,1,Night Cash / Day Cash,Cash,Cash,0,bps,100.0,318302.04869677144,100.0,0.0,0.0,0.0,0.0,0,0.0,3652,-318202.04869677144
ETH,9,True,09:00-21:00,21:00-09:00,1,2,Night Cash / Day Long,Cash,Long,0,bps,100.0,318302.04869677144,1516.2431518147605,0.0014199880168389773,0.7049856731555124,0.7351860411947635,-0.8306370147983598,7303,7303.0,3652,-316785.8055449567
ETH,9,True,09:00-21:00,21:00-09:00,2,3,Night Cash / Day Short,Cash,Short,0,bps,100.0,318302.04869677144,0.043893882304272325,-0.001419988016838978,0.7049856731555124,-0.7351860411947639,-0.9997892066749101,7303,7303.0,3652,-318302.00480288913
ETH,9,True,09:00-21:00,21:00-09:00,3,4,Night Cash / Day Momentum,Cash,Momentum,0,bps,100.0,318302.04869677144,0.4418523856948233,-0.0007974097633145908,0.7052971675817784,-0.41266940658184076,-0.9967057791680203,7297,7297.0,3652,-318301.60684438574
ETH,9,True,09:00-21:00,21:00-09:00,4,5,Night Cash / Day Reversal,Cash,Reversal,0,bps,100.0,318302.04869677144,150.72207749374112,0.0007974097633145903,0.7052971675817784,0.4126694065818405,-0.9686457362697956,7297,7297.0,3652,-318151.3266192777
ETH,9,True,09:00-21:00,21:00-09:00,5,6,Night Long / Day Cash,Long,Cash,0,bps,100.0,318302.04869677144,21070.75808237868,0.002005343409481711,0.6288950371865958,1.1638672611176157,-0.7516993407413113,7304,7304.0,3652,-297231.2906143928
ETH,9,True,09:00-21:00,21:00-09:00,6,7,Night Long / Day Long,Long,Long,0,bps,100.0,318302.04869677144,319483.9264595206,0.003486047094012131,0.9687619927535536,1.3134363226800532,-0.9411516290462218,1,1.0,3652,1181.8777627491509
ETH,9,True,09:00-21:00,21:00-09:00,7,8,Night Long / Day Short,Long,Short,0,bps,100.0,318302.04869677144,9.248773753297284,0.0005246397249512907,0.9226879759790144,0.20753873963084613,-0.9960307697617952,7304,14607.0,3652,-318292.79992301814
ETH,9,True,09:00-21:00,21:00-09:00,8,9,Night Long / Day Momentum,Long,Momentum,0,bps,100.0,318302.04869677144,93.10164727097558,0.0012429959470446096,0.9547400095265718,0.47520111878023846,-0.9892912187913461,3632,7257.0,3652,-318208.9470495005
ETH,9,True,09:00-21:00,21:00-09:00,9,10,Night Long / Day Reversal,Long,Reversal,0,bps,100.0,318302.04869677144,31758.28432544136,0.0027676908719188125,0.9377459677141353,1.0772716738125396,-0.862665334852835,3679,7351.0,3652,-286543.7643713301
ETH,9,True,09:00-21:00,21:00-09:00,10,11,Night Short / Day Cash,Short,Cash,0,bps,100.0,318302.04869677144,0.008713567304114192,-0.00200534340948171,0.6288950371865958,-1.1638672611176153,-0.9999128643269588,7304,7304.0,3652,-318302.03998320416
ETH,9,True,09:00-21:00,21:00-09:00,11,12,Night Short / Day Long,Short,Long,0,bps,100.0,318302.04869677144,0.13211886752740012,-0.0006460710603341766,0.9236749564705645,-0.2553018628144319,-0.9986813189653034,7304,14607.0,3652,-318301.9165779039
ETH,9,True,09:00-21:00,21:00-09:00,12,13,Night Short / Day Short,Short,Short,0,bps,100.0,318302.04869677144,3.824722976971452e-06,-0.0033646157586292467,0.9669797688375897,-1.2700211436439468,-0.9999999723003167,1,1.0,3652,-318302.04869294673
ETH,9,True,09:00-21:00,21:00-09:00,13,14,Night Short / Day Momentum,Short,Momentum,0,bps,100.0,318302.04869677144,3.8501105012353e-05,-0.0028378154736737903,0.9257492262139994,-1.1188803820306878,-0.9999996557738617,3679,7351.0,3652,-318302.04865827033
ETH,9,True,09:00-21:00,21:00-09:00,14,15,Night Short / Day Reversal,Short,Reversal,0,bps,100.0,318302.04869677144,0.013133269664576189,-0.0011728713452896326,0.9653658365877388,-0.4434567961757444,-0.9999561044419729,3632,7257.0,3652,-318302.03556350176
ETH,9,True,09:00-21:00,21:00-09:00,15,16,Night Momentum / Day Cash,Momentum,Cash,0,bps,100.0,318302.04869677144,6.69914876143608,-0.0001971205575605701,0.6299563762010117,-0.11421267603242735,-0.9879405021796447,7296,7296.0,3652,-318295.34954801
ETH,9,True,09:00-21:00,21:00-09:00,16,17,Night Momentum / Day Long,Momentum,Long,0,bps,100.0,318302.04869677144,101.57538432515827,0.0012225081828188748,0.9513650372571081,0.4690265768178516,-0.9730022958341803,3521,7035.0,3652,-318200.47331244627
ETH,9,True,09:00-21:00,21:00-09:00,17,18,Night Momentum / Day Short,Momentum,Short,0,bps,100.0,318302.04869677144,0.0029405164727328774,-0.0016167492979400158,0.9499421955881654,-0.621209897285099,-0.9999942301099526,3789,7571.0,3652,-318302.045756255
ETH,9,True,09:00-21:00,21:00-09:00,18,19,Night Momentum / Day Momentum,Momentum,Momentum,0,bps,100.0,318302.04869677144,0.029600348623651202,-0.0010003638167229401,0.942954993136187,-0.3872218671746707,-0.99982350827144,3695,7379.0,3652,-318302.0190964228
ETH,9,True,09:00-21:00,21:00-09:00,19,20,Night Momentum / Day Reversal,Momentum,Reversal,0,bps,100.0,318302.04869677144,10.097096187632726,0.0006061227016017987,0.9587448381196432,0.23075460465430775,-0.998383116295216,3618,7225.0,3652,-318291.9516005838
ETH,9,True,09:00-21:00,21:00-09:00,20,21,Night Reversal / Day Cash,Reversal,Cash,0,bps,100.0,318302.04869677144,27.439055053083244,0.00019712055756057037,0.6299563762010117,0.11421267603242749,-0.898080902652732,7296,7296.0,3652,-318274.6096417183
ETH,9,True,09:00-21:00,21:00-09:00,21,22,Night Reversal / Day Long,Reversal,Long,0,bps,100.0,318302.04869677144,416.0427931650577,0.0016174678508590798,0.9431010469313622,0.625994178974261,-0.9260437037682208,3789,7571.0,3652,-317886.00590360636
ETH,9,True,09:00-21:00,21:00-09:00,22,23,Night Reversal / Day Short,Reversal,Short,0,bps,100.0,318302.04869677144,0.012044066530404946,-0.0012232267357379402,0.9415426217705631,-0.4741981384812409,-0.999936163781974,3521,7035.0,3652,-318302.03665270493
ETH,9,True,09:00-21:00,21:00-09:00,23,24,Night Reversal / Day Momentum,Reversal,Momentum,0,bps,100.0,318302.04869677144,0.12124011936416525,-0.0005944557099062412,0.9392281616107978,-0.2310155753248057,-0.9991942842687113,3618,7225.0,3652,-318301.92745665205
ETH,9,True,09:00-21:00,21:00-09:00,24,25,Night Reversal / Day Reversal,Reversal,Reversal,0,bps,100.0,318302.04869677144,41.356713820658435,0.0009886968250273807,0.945874993480802,0.3815243490125299,-0.9929849552291006,3695,7379.0,3652,-318260.6919829508
ETH,9,True,09:00-21:00,21:00-09:00,0,1,Night Cash / Day Cash,Cash,Cash,1,bps,100.0,318302.04869677144,100.0,0.0,0.0,0.0,0.0,0,0.0,3652,-318202.04869677144
ETH,9,True,09:00-21:00,21:00-09:00,1,2,Night Cash / Day Long,Cash,Long,1,bps,100.0,318302.04869677144,730.4453570607633,0.0012197408672489048,0.7048443870399744,0.6316364643485498,-0.8511654669077706,7303,7303.0,3652,-317571.6033397107
ETH,9,True,09:00-21:00,21:00-09:00,2,3,Night Cash / Day Short,Cash,Short,1,bps,100.0,318302.04869677144,0.021145739384974948,-0.0016196661082127158,0.7048449925877505,-0.8387349498323092,-0.9998838888021009,7303,7303.0,3652,-318302.0275510321
ETH,9,True,09:00-21:00,21:00-09:00,3,4,Night Cash / Day Momentum,Cash,Momentum,1,bps,100.0,318302.04869677144,0.21298875477857399,-0.0009970484606206546,0.7051562978988548,-0.516087978241015,-0.9983887119135842,7297,7297.0,3652,-318301.83570801665
ETH,9,True,09:00-21:00,21:00-09:00,4,5,Night Cash / Day Reversal,Cash,Reversal,1,bps,100.0,318302.04869677144,72.65346672860062,0.0005974517793501625,0.7051559643240392,0.30925059206136124,-0.9786973615551119,7297,7297.0,3652,-318229.39523004286
ETH,9,True,09:00-21:00,21:00-09:00,5,6,Night Long / Day Cash,Long,Cash,1,bps,100.0,318302.04869677144,10149.756184464035,0.0018049523608532718,0.6287692644681089,1.0477732436058962,-0.7691110838582179,7304,7304.0,3652,-308152.2925123074
ETH,9,True,09:00-21:00,21:00-09:00,6,7,Night Long / Day Long,Long,Long,1,bps,100.0,318302.04869677144,319451.9780668747,0.003486019443850734,0.9687619276522413,1.3134259932046721,-0.9411516290462218,1,1.0,3652,1149.9293701032875
ETH,9,True,09:00-21:00,21:00-09:00,7,8,Night Long / Day Short,Long,Short,1,bps,100.0,318302.04869677144,2.146084225369587,0.00012449865906599664,0.9223195112349764,0.04926927166296459,-0.9986319591652626,7304,14607.0,3652,-318299.90261254605
ETH,9,True,09:00-21:00,21:00-09:00,8,9,Night Long / Day Momentum,Long,Momentum,1,bps,100.0,318302.04869677144,45.05659350345288,0.0010445720867586898,0.9547593445766447,0.39933498826972186,-0.9936566201763014,3632,7257.0,3652,-318256.992103268
ETH,9,True,09:00-21:00,21:00-09:00,9,10,Night Long / Day Reversal,Long,Reversal,1,bps,100.0,318302.04869677144,15225.629057443206,0.0025656950400896297,0.9375013728709153,0.9989091394767041,-0.8919497091120183,3679,7351.0,3652,-303076.41963932826
ETH,9,True,09:00-21:00,21:00-09:00,10,11,Night Short / Day Cash,Short,Cash,1,bps,100.0,318302.04869677144,0.004197313798008969,-0.0022049323608532238,0.6287692644681089,-1.2799612786293342,-0.99995802686202,7304,7304.0,3652,-318302.04449945764
ETH,9,True,09:00-21:00,21:00-09:00,11,12,Night Short / Day Long,Short,Long,1,bps,100.0,318302.04869677144,0.03065684435984471,-0.0010457466401247227,0.9233050200086692,-0.4134034965410887,-0.9996939522194298,7304,14607.0,3652,-318302.01803992706
ETH,9,True,09:00-21:00,21:00-09:00,12,13,Night Short / Day Short,Short,Short,1,bps,100.0,318302.04869677144,3.824340504673736e-06,-0.0033646428398863464,0.9669798473380845,-1.2700312627395827,-0.9999999723003167,1,1.0,3652,-318302.0486929471
ETH,9,True,09:00-21:00,21:00-09:00,13,14,Night Short / Day Momentum,Short,Momentum,1,bps,100.0,318302.04869677144,1.845828751996383e-05,-0.0030383521494621066,0.9256404263164428,-1.1980878352157691,-0.9999998335780925,3679,7351.0,3652,-318302.04867831315
ETH,9,True,09:00-21:00,21:00-09:00,14,15,Night Short / Day Reversal,Short,Reversal,1,bps,100.0,318302.04869677144,0.006355853091683378,-0.0013718606901713518,0.9649795808782156,-0.5189012926644895,-0.9999709571639427,3632,7257.0,3652,-318302.0423409183
ETH,9,True,09:00-21:00,21:00-09:00,15,16,Night Momentum / Day Cash,Momentum,Cash,1,bps,100.0,318302.04869677144,3.229553800271728,-0.0003968520883227586,0.6298304289333183,-0.22998414427693936,-0.993101064100362,7296,7296.0,3652,-318298.8191429712
ETH,9,True,09:00-21:00,21:00-09:00,16,17,Night Momentum / Day Long,Momentum,Long,1,bps,100.0,318302.04869677144,50.261074019215044,0.0010300437285912182,0.9513401652676838,0.39519613978456064,-0.9851218715758355,3521,7035.0,3652,-318251.78762275225
ETH,9,True,09:00-21:00,21:00-09:00,17,18,Night Momentum / Day Short,Momentum,Short,1,bps,100.0,318302.04869677144,0.0013790702660041068,-0.0018241206553035081,0.9496082137887171,-0.7011355099061078,-0.9999968253629639,3789,7571.0,3652,-318302.04731770116
ETH,9,True,09:00-21:00,21:00-09:00,18,19,Night Momentum / Day Momentum,Momentum,Momentum,1,bps,100.0,318302.04869677144,0.014151383515514725,-0.0012019693380337225,0.9428801390600585,-0.46529647853189504,-0.9999141671352678,3695,7379.0,3652,-318302.0345453879
ETH,9,True,09:00-21:00,21:00-09:00,19,20,Night Momentum / Day Reversal,Momentum,Reversal,1,bps,100.0,318302.04869677144,4.902158761707582,0.00040771975699510084,0.9583700185877999,0.1552821023371549,-0.9990801601497054,3618,7225.0,3652,-318297.14653800975
ETH,9,True,09:00-21:00,21:00-09:00,20,21,Night Reversal / Day Cash,Reversal,Cash,1,bps,100.0,318302.04869677144,13.227935022531598,-2.6898174822316696e-06,0.6298303788837041,-0.001558806011794236,-0.908688764630604,7296,7296.0,3652,-318288.8207617489
ETH,9,True,09:00-21:00,21:00-09:00,21,22,Night Reversal / Day Long,Reversal,Long,1,bps,100.0,318302.04869677144,195.11954813365733,0.001410282710931936,0.9430996338463018,0.5458099770337167,-0.9348519973372926,3789,7571.0,3652,-318106.9291486378
ETH,9,True,09:00-21:00,21:00-09:00,22,23,Night Reversal / Day Short,Reversal,Short,1,bps,100.0,318302.04869677144,0.005959590735480032,-0.0014159676480350056,0.9412317397015176,-0.5490977086011496,-0.9999677585648625,3521,7035.0,3652,-318302.0427371807
ETH,9,True,09:00-21:00,21:00-09:00,23,24,Night Reversal / Day Momentum,Reversal,Momentum,1,bps,100.0,318302.04869677144,0.05886230084046089,-0.0007917019848967784,0.9392168347273063,-0.30767253503417497,-0.9996035063086343,3618,7225.0,3652,-318301.9898344706
ETH,9,True,09:00-21:00,21:00-09:00,24,25,Night Reversal / Day Reversal,Reversal,Reversal,1,bps,100.0,318302.04869677144,19.771885988866643,0.0007862248985152448,0.9456165301114967,0.30347617540508487,-0.9952365916175216,3695,7379.0,3652,-318282.27681078255
ETH,9,True,09:00-21:00,21:00-09:00,0,1,Night Cash / Day Cash,Cash,Cash,2,bps,100.0,318302.04869677144,100.0,0.0,0.0,0.0,0.0,0,0.0,3652,-318202.04869677144
ETH,9,True,09:00-21:00,21:00-09:00,1,2,Night Cash / Day Long,Cash,Long,2,bps,100.0,318302.04869677144,351.86404466518877,0.0010195137406912905,0.7047031164451174,0.5280557254088745,-0.8697422506809761,7303,7303.0,3652,-317950.18465210625
ETH,9,True,09:00-21:00,21:00-09:00,2,3,Night Cash / Day Short,Cash,Short,2,bps,100.0,318302.04869677144,0.010186149197213942,-0.0018193242335718173,0.7047043275325701,-0.9423148394431025,-0.999937494270303,7303,7303.0,3652,-318302.0385106222
ETH,9,True,09:00-21:00,21:00-09:00,3,4,Night Cash / Day Momentum,Cash,Momentum,2,bps,100.0,318302.04869677144,0.10266075359777647,-0.0011966672067674957,0.7050154550470272,-0.619537525515665,-0.999211933946887,7297,7297.0,3652,-318301.94603601785
ETH,9,True,09:00-21:00,21:00-09:00,4,5,Night Cash / Day Reversal,Cash,Reversal,2,bps,100.0,318302.04869677144,35.0190302469407,0.000397513778509094,0.705014787924617,0.20580068906488408,-0.9855271721260636,7297,7297.0,3652,-318267.0296665245
ETH,9,True,09:00-21:00,21:00-09:00,5,6,Night Long / Day Cash,Long,Cash,2,bps,100.0,318302.04869677144,4888.766914279511,0.0016045813523316976,0.6286435043275227,0.9316443891798091,-0.81967914136794,7304,7304.0,3652,-313413.28178249195
ETH,9,True,09:00-21:00,21:00-09:00,6,7,Night Long / Day Long,Long,Long,2,bps,100.0,318302.04869677144,319420.0296742273,0.0034859917936893377,0.9687618636028914,1.313415662301687,-0.941151629046222,1,1.0,3652,1117.9809774558526
ETH,9,True,09:00-21:00,21:00-09:00,7,8,Night Long / Day Short,Long,Short,2,bps,100.0,318302.04869677144,0.49783158577863657,-0.0002755623763580316,0.9219511212725656,-0.10909501062469662,-0.9995303375675123,7304,14607.0,3652,-318301.5508651857
ETH,9,True,09:00-21:00,21:00-09:00,8,9,Night Long / Day Momentum,Long,Momentum,2,bps,100.0,318302.04869677144,21.80199894502457,0.0008461669840943632,0.9547859717998054,0.323476630696875,-0.9962715473977081,3632,7257.0,3652,-318280.2466978264
ETH,9,True,09:00-21:00,21:00-09:00,9,10,Night Long / Day Reversal,Long,Reversal,2,bps,100.0,318302.04869677144,7298.432773632506,0.0023637185939985365,0.9372642604936896,0.9205059055116659,-0.9149937474903853,3679,7351.0,3652,-311003.6159231389
ETH,9,True,09:00-21:00,21:00-09:00,10,11,Night Short / Day Cash,Short,Cash,2,bps,100.0,318302.04869677144,0.0020216927827255643,-0.0024045013523316125,0.6286435043275227,-1.396090133055423,-0.9999797830721727,7304,7304.0,3652,-318302.0466750786
ETH,9,True,09:00-21:00,21:00-09:00,11,12,Night Short / Day Long,Short,Long,2,bps,100.0,318302.04869677144,0.007111531440478278,-0.0014453422820100829,0.9229351586193708,-0.5716002126550777,-0.9999289912602833,7304,14607.0,3652,-318302.04158524
ETH,9,True,09:00-21:00,21:00-09:00,12,13,Night Short / Day Short,Short,Short,2,bps,100.0,318302.04869677144,3.8239580323760525e-06,-0.003364669921143446,0.9669799268495557,-1.2700413805057489,-0.9999999723003167,1,1.0,3652,-318302.0486929475
ETH,9,True,09:00-21:00,21:00-09:00,13,14,Night Short / Day Momentum,Short,Momentum,2,bps,100.0,318302.04869677144,8.848013443160804e-06,-0.003238869584611574,0.9255391239804025,-1.2772959756677518,-0.9999999195522261,3679,7351.0,3652,-318302.0486879234
ETH,9,True,09:00-21:00,21:00-09:00,14,15,Night Short / Day Reversal,Short,Reversal,2,bps,100.0,318302.04869677144,0.0030754722366881,-0.0015708311900846123,0.9646005112788506,-0.594394651129452,-0.9999807858311649,3632,7257.0,3652,-318302.0456212992
ETH,9,True,09:00-21:00,21:00-09:00,15,16,Night Momentum / Day Cash,Momentum,Cash,2,bps,100.0,318302.04869677144,1.5568032628772452,-0.0005965636449331697,0.6297045196336715,-0.3457903248451826,-0.9960544697171874,7296,7296.0,3652,-318300.4918935086
ETH,9,True,09:00-21:00,21:00-09:00,16,17,Night Momentum / Day Long,Momentum,Long,2,bps,100.0,318302.04869677144,24.86645957737277,0.0008376177492548514,0.9513306529517437,0.3213714154268179,-0.9918018095923496,3521,7035.0,3652,-318277.1822371941
ETH,9,True,09:00-21:00,21:00-09:00,17,18,Night Momentum / Day Short,Momentum,Short,2,bps,100.0,318302.04869677144,0.0006466710457706264,-0.002031450556214449,0.9492896061421496,-0.7810887722995276,-0.9999982534994141,3789,7571.0,3652,-318302.0480501004
ETH,9,True,09:00-21:00,21:00-09:00,18,19,Night Momentum / Day Momentum,Momentum,Momentum,2,bps,100.0,318302.04869677144,0.006764518747030467,-0.001403555401323984,0.942812692300501,-0.5433716852424069,-0.999958263092272,3695,7379.0,3652,-318302.0419322527
ETH,9,True,09:00-21:00,21:00-09:00,19,20,Night Momentum / Day Reversal,Momentum,Reversal,2,bps,100.0,318302.04869677144,2.379663329140325,0.00020933554643506882,0.9580024996778289,0.07975707211045434,-0.9994767651137478,3618,7225.0,3652,-318299.6690334423
ETH,9,True,09:00-21:00,21:00-09:00,20,21,Night Reversal / Day Cash,Reversal,Cash,2,bps,100.0,318302.04869677144,6.376513189677327,-0.0002024802104884317,0.6297044195394547,-0.11736502799572136,-0.9459688746613091,7296,7296.0,3652,-318295.67218358174
ETH,9,True,09:00-21:00,21:00-09:00,21,22,Night Reversal / Day Long,Reversal,Long,2,bps,100.0,318302.04869677144,91.4950930002219,0.0012031389903276674,0.9431137179352198,0.4656339136186357,-0.9426126673319969,3789,7571.0,3652,-318210.5536037712
ETH,9,True,09:00-21:00,21:00-09:00,22,23,Night Reversal / Day Short,Reversal,Short,2,bps,100.0,318302.04869677144,0.0029484829963013553,-0.0016086700302611675,0.9409363847610102,-0.6240215285058414,-0.9999837182059015,3521,7035.0,3652,-318302.04574828845
ETH,9,True,09:00-21:00,21:00-09:00,23,24,Night Reversal / Day Momentum,Reversal,Momentum,2,bps,100.0,318302.04869677144,0.028573627576696566,-0.0009889297193666155,0.9392128774312153,-0.3843211227640456,-0.9998049126291186,3618,7225.0,3652,-318302.02012314386
ETH,9,True,09:00-21:00,21:00-09:00,24,25,Night Reversal / Day Reversal,Reversal,Reversal,2,bps,100.0,318302.04869677144,9.451181454392996,0.0005837724683847503,0.9453654198726359,0.2253910990198273,-0.9967675276023229,3695,7379.0,3652,-318292.59751531703
ETH,10,True,10:00-22:00,22:00-10:00,0,1,Night Cash / Day Cash,Cash,Cash,0,bps,100.0,318302.04869677144,100.0,0.0,0.0,0.0,0.0,0,0.0,3652,-318202.04869677144
ETH,10,True,10:00-22:00,22:00-10:00,1,2,Night Cash / Day Long,Cash,Long,0,bps,100.0,318302.04869677144,61981.11835509232,0.0024333601100050527,0.703914443724128,1.2617676026831612,-0.7394103540365652,7303,7303.0,3652,-256320.9303416791
ETH,10,True,10:00-22:00,22:00-10:00,2,3,Night Cash / Day Short,Cash,Short,0,bps,100.0,318302.04869677144,0.001075843026902868,-0.002433360110005053,0.703914443724128,-1.2617676026831615,-0.9999935008193225,7303,7303.0,3652,-318302.04762092844
ETH,10,True,10:00-22:00,22:00-10:00,3,4,Night Cash / Day Momentum,Cash,Momentum,0,bps,100.0,318302.04869677144,7.854613542498469,-5.128407443644883e-06,0.7053809934791563,-0.0026536988297597153,-0.9443803965657527,7295,7295.0,3652,-318294.19408322894
ETH,10,True,10:00-22:00,22:00-10:00,4,5,Night Cash / Day Reversal,Cash,Reversal,0,bps,100.0,318302.04869677144,8.49760364693289,5.128407443644154e-06,0.7053809934791564,0.002653698829759337,-0.994840382601837,7295,7295.0,3652,-318293.5510931245
ETH,10,True,10:00-22:00,22:00-10:00,5,6,Night Long / Day Cash,Long,Cash,0,bps,100.0,318302.04869677144,515.0531727320276,0.0010095132666693254,0.6378936144671011,0.577639176780484,-0.9338648668310912,7304,7304.0,3652,-317786.99552403943
ETH,10,True,10:00-22:00,22:00-10:00,6,7,Night Long / Day Long,Long,Long,0,bps,100.0,318302.04869677144,319235.71658269496,0.003494007453045886,0.9732299408626293,1.310391991466442,-0.9407352857061145,1,1.0,3652,933.6678859235253
ETH,10,True,10:00-22:00,22:00-10:00,7,8,Night Long / Day Short,Long,Short,0,bps,100.0,318302.04869677144,0.005541163643679485,-0.0014749809197072354,0.9272109217173562,-0.580631680541456,-0.9999931328127153,7304,14607.0,3652,-318302.04315560777
ETH,10,True,10:00-22:00,22:00-10:00,8,9,Night Long / Day Momentum,Long,Momentum,0,bps,100.0,318302.04869677144,40.455436256478166,0.0010556329133310208,0.9700969200298193,0.3971830086358576,-0.9422178483230534,3556,7103.0,3652,-318261.59326051496
ETH,10,True,10:00-22:00,22:00-10:00,9,10,Night Long / Day Reversal,Long,Reversal,0,bps,100.0,318302.04869677144,43.76717718972033,0.0009633936200076298,0.93280186829721,0.37697037629725827,-0.998523237575032,3757,7505.0,3652,-318258.28151958174
ETH,10,True,10:00-22:00,22:00-10:00,10,11,Night Short / Day Cash,Short,Cash,0,bps,100.0,318302.04869677144,0.32119473934160486,-0.0010095132666693258,0.6378936144671011,-0.5776391767804843,-0.996989984634722,7304,7304.0,3652,-318301.7275020321
ETH,10,True,10:00-22:00,22:00-10:00,11,12,Night Short / Day Long,Short,Long,0,bps,100.0,318302.04869677144,199.08009154164893,0.0013727127669642173,0.9368738033363563,0.5348000532810884,-0.959486605862029,7304,14607.0,3652,-318102.9686052298
ETH,10,True,10:00-22:00,22:00-10:00,12,13,Night Short / Day Short,Short,Short,0,bps,100.0,318302.04869677144,3.4555512059855045e-06,-0.0033917393003028706,0.9656363322363701,-1.2820404569320942,-0.9999999751833794,1,1.0,3652,-318302.0486933159
ETH,10,True,10:00-22:00,22:00-10:00,13,14,Night Short / Day Momentum,Short,Momentum,0,bps,100.0,318302.04869677144,0.025228605494118345,-0.00106588972821831,0.9315068304169909,-0.41765635859645195,-0.9997586662301533,3757,7505.0,3652,-318302.02346816595
ETH,10,True,10:00-22:00,22:00-10:00,14,15,Night Short / Day Reversal,Short,Reversal,0,bps,100.0,318302.04869677144,0.027293855884049017,-0.0009531368051203426,0.9728497793151217,-0.35760396030910363,-0.9999038055781273,3556,7103.0,3652,-318302.02140291553
ETH,10,True,10:00-22:00,22:00-10:00,15,16,Night Momentum / Day Cash,Momentum,Cash,0,bps,100.0,318302.04869677144,2.531894849227184,-0.0004450262501953455,0.637977272784415,-0.25460872706697646,-0.9905872649931968,7294,7294.0,3652,-318299.51680192223
ETH,10,True,10:00-22:00,22:00-10:00,16,17,Night Momentum / Day Long,Momentum,Long,0,bps,100.0,318302.04869677144,1569.296743125964,0.0020389673344215686,0.9783056993848405,0.7607265065836175,-0.9355596276492764,3593,7177.0,3652,-316732.7519536455
ETH,10,True,10:00-22:00,22:00-10:00,17,18,Night Momentum / Day Short,Momentum,Short,0,bps,100.0,318302.04869677144,2.723921418392353e-05,-0.0029290198348122603,0.9300993325205158,-1.1494387774790638,-0.999999904323695,3719,7429.0,3652,-318302.04866953223
ETH,10,True,10:00-22:00,22:00-10:00,18,19,Night Momentum / Day Momentum,Momentum,Momentum,0,bps,100.0,318302.04869677144,0.19887055570922035,-0.000489520666936755,0.939450430316305,-0.19019102835660756,-0.9986278287943762,3757,7499.0,3652,-318301.8498262157
ETH,10,True,10:00-22:00,22:00-10:00,19,20,Night Momentum / Day Reversal,Momentum,Reversal,0,bps,100.0,318302.04869677144,0.2151503890444363,-0.00040053183345393676,0.9715493986071406,-0.15047522999888396,-0.9999018290229369,3560,7105.0,3652,-318301.8335463824
ETH,10,True,10:00-22:00,22:00-10:00,20,21,Night Reversal / Day Cash,Reversal,Cash,0,bps,100.0,318302.04869677144,65.46567947195511,0.00044502625019534486,0.6379772727844149,0.2546087270669761,-0.8716056566843626,7294,7294.0,3652,-318236.5830172995
ETH,10,True,10:00-22:00,22:00-10:00,21,22,Night Reversal / Day Long,Reversal,Long,0,bps,100.0,318302.04869677144,40576.36027547787,0.0028277528855885354,0.9317417884656921,1.1077423123196322,-0.87993613659151,3719,7429.0,3652,-277725.68842129357
ETH,10,True,10:00-22:00,22:00-10:00,22,23,Night Reversal / Day Short,Reversal,Short,0,bps,100.0,318302.04869677144,0.0007043079476136161,-0.0019377003851978455,0.9629115689233924,-0.7345021738475779,-0.999996359583068,3593,7177.0,3652,-318302.0479924635
ETH,10,True,10:00-22:00,22:00-10:00,23,24,Night Reversal / Day Momentum,Reversal,Momentum,0,bps,100.0,318302.04869677144,5.142076125492857,0.00047926385204946577,0.9625348972360942,0.1817402220951862,-0.97779794063648,3560,7105.0,3652,-318296.90662064595
ETH,10,True,10:00-22:00,22:00-10:00,24,25,Night Reversal / Day Reversal,Reversal,Reversal,0,bps,100.0,318302.04869677144,5.563013966298293,0.0004107886483412239,0.9342524572659936,0.16048965724246148,-0.9976140930571137,3757,7499.0,3652,-318296.4856828051
ETH,10,True,10:00-22:00,22:00-10:00,0,1,Night Cash / Day Cash,Cash,Cash,1,bps,100.0,318302.04869677144,100.0,0.0,0.0,0.0,0.0,0,0.0,3652,-318202.04869677144
ETH,10,True,10:00-22:00,22:00-10:00,1,2,Night Cash / Day Long,Cash,Long,1,bps,100.0,318302.04869677144,29859.2083161094,0.002232910076153246,0.7037732489248725,1.158060751870006,-0.7557283612183648,7303,7303.0,3652,-288442.84038066206
ETH,10,True,10:00-22:00,22:00-10:00,2,3,Night Cash / Day Short,Cash,Short,1,bps,100.0,318302.04869677144,0.0005182839856436258,-0.0026328353171170583,0.7037741123898745,-1.3654734862076923,-0.999996536008067,7303,7303.0,3652,-318302.04817848746
ETH,10,True,10:00-22:00,22:00-10:00,3,4,Night Cash / Day Momentum,Cash,Momentum,1,bps,100.0,318302.04869677144,3.7869638162504202,-0.00020487216642822644,0.7052393423706466,-0.10603257114802597,-0.9727241937452665,7295,7295.0,3652,-318298.2617329552
ETH,10,True,10:00-22:00,22:00-10:00,4,5,Night Cash / Day Reversal,Cash,Reversal,1,bps,100.0,318302.04869677144,4.096970189769057,-0.00019461499676997831,0.7052405865306163,-0.10072374616227266,-0.9970970319701508,7295,7295.0,3652,-318297.95172658167
ETH,10,True,10:00-22:00,22:00-10:00,5,6,Night Long / Day Cash,Long,Cash,1,bps,100.0,318302.04869677144,248.1004292691553,0.0008093213741111438,0.6377660421231438,0.4631828633697141,-0.9530359223140127,7304,7304.0,3652,-318053.9482675023
ETH,10,True,10:00-22:00,22:00-10:00,6,7,Night Long / Day Long,Long,Long,1,bps,100.0,318302.04869677144,319203.79301103647,0.0034939800091508934,0.9732299541751762,1.310381680988138,-0.9407352857061146,1,1.0,3652,901.74431426503
ETH,10,True,10:00-22:00,22:00-10:00,7,8,Night Long / Day Short,Long,Short,1,bps,100.0,318302.04869677144,0.0012857708711549556,-0.0018743219691235043,0.9268407765406661,-0.7381284208097875,-0.9999973831970448,7304,14607.0,3652,-318302.0474110006
ETH,10,True,10:00-22:00,22:00-10:00,8,9,Night Long / Day Momentum,Long,Momentum,1,bps,100.0,318302.04869677144,19.88230289852378,0.0008614909807331324,0.9701073150525528,0.32413342636279285,-0.9660996070296599,3556,7103.0,3652,-318282.16639387293
ETH,10,True,10:00-22:00,22:00-10:00,9,10,Night Long / Day Reversal,Long,Reversal,1,bps,100.0,318302.04869677144,20.66226608283674,0.000757721175222696,0.9326305129955358,0.2965464083605507,-0.9991285533098654,3757,7505.0,3652,-318281.3864306886
ETH,10,True,10:00-22:00,22:00-10:00,10,11,Night Short / Day Cash,Short,Cash,1,bps,100.0,318302.04869677144,0.1547190793660209,-0.0012093013741111013,0.6377660421231438,-0.6920954901912522,-0.9985184190292241,7304,7304.0,3652,-318301.89397769206
ETH,10,True,10:00-22:00,22:00-10:00,11,12,Night Short / Day Long,Short,Long,1,bps,100.0,318302.04869677144,46.194517828956066,0.0009722295207096144,0.9364984933564315,0.3789261569307704,-0.9748920433851281,7304,14607.0,3652,-318255.8541789425
ETH,10,True,10:00-22:00,22:00-10:00,12,13,Night Short / Day Short,Short,Short,1,bps,100.0,318302.04869677144,3.4552056508649235e-06,-0.0033917665733119748,0.9656363389158416,-1.2820507569638657,-0.9999999751833794,1,1.0,3652,-318302.04869331623
ETH,10,True,10:00-22:00,22:00-10:00,13,14,Night Short / Day Momentum,Short,Momentum,1,bps,100.0,318302.04869677144,0.011910298837842925,-0.0012711898985763252,0.9313192667195542,-0.49820113205075245,-0.999884367726768,3757,7505.0,3652,-318302.0367864726
ETH,10,True,10:00-22:00,22:00-10:00,14,15,Night Short / Day Reversal,Short,Reversal,1,bps,100.0,318302.04869677144,0.013413888470141497,-0.0011479953509039745,0.9724378043617691,-0.4308947073020891,-0.999946127861217,3556,7103.0,3652,-318302.035282883
ETH,10,True,10:00-22:00,22:00-10:00,15,16,Night Momentum / Day Cash,Momentum,Cash,1,bps,100.0,318302.04869677144,1.2208306677343679,-0.0006446534405236959,0.637849769093205,-0.36889329931977494,-0.9945797823932264,7294,7294.0,3652,-318300.82786610373
ETH,10,True,10:00-22:00,22:00-10:00,16,17,Night Momentum / Day Long,Momentum,Long,1,bps,100.0,318302.04869677144,765.5627077473259,0.0018422847873867713,0.9782043060287492,0.6874166707833004,-0.9442414827786022,3593,7177.0,3652,-317536.4859890241
ETH,10,True,10:00-22:00,22:00-10:00,17,18,Night Momentum / Day Short,Momentum,Short,1,bps,100.0,318302.04869677144,1.2957611525840044e-05,-0.0031320132909879836,0.9298599412501756,-1.2294161738741298,-0.9999999442923977,3719,7429.0,3652,-318302.04868381383
ETH,10,True,10:00-22:00,22:00-10:00,18,19,Night Momentum / Day Momentum,Momentum,Momentum,1,bps,100.0,318302.04869677144,0.09394215441344518,-0.0006946276807149311,0.9393236252179543,-0.26991666839223843,-0.9993468051831468,3757,7499.0,3652,-318301.954754617
ETH,10,True,10:00-22:00,22:00-10:00,19,20,Night Momentum / Day Reversal,Momentum,Reversal,1,bps,100.0,318302.04869677144,0.10571706032021018,-0.000595413416949755,0.9711862580712198,-0.22377365348874556,-0.9999413457998957,3560,7105.0,3652,-318301.9429797111
ETH,10,True,10:00-22:00,22:00-10:00,20,21,Night Reversal / Day Cash,Reversal,Cash,1,bps,100.0,318302.04869677144,31.566282939366612,0.0002452210582674404,0.6378496296267626,0.14032411733152522,-0.8934970992263713,7294,7294.0,3652,-318270.4824138321
ETH,10,True,10:00-22:00,22:00-10:00,21,22,Night Reversal / Day Long,Reversal,Long,1,bps,100.0,318302.04869677144,19302.051448036236,0.002623982429467544,0.9316555703154563,1.0280125158607278,-0.9006949846596256,3719,7429.0,3652,-298999.9972487352
ETH,10,True,10:00-22:00,22:00-10:00,22,23,Night Reversal / Day Short,Reversal,Short,1,bps,100.0,318302.04869677144,0.0003435882358291188,-0.0021340229760803404,0.962654518227549,-0.809135958457327,-0.9999981792855708,3593,7177.0,3652,-318302.0483531832
ETH,10,True,10:00-22:00,22:00-10:00,23,24,Night Reversal / Day Momentum,Reversal,Momentum,1,bps,100.0,318302.04869677144,2.5266288122656952,0.0002850402344721118,0.9624909566045016,0.10809419545026631,-0.9851422565624677,3560,7105.0,3652,-318299.5220679592
ETH,10,True,10:00-22:00,22:00-10:00,24,25,Night Reversal / Day Reversal,Reversal,Reversal,1,bps,100.0,318302.04869677144,2.627847622602665,0.0002052468862833217,0.9340270193752044,0.080206580687061,-0.9984453814225214,3757,7499.0,3652,-318299.4208491488
ETH,10,True,10:00-22:00,22:00-10:00,0,1,Night Cash / Day Cash,Cash,Cash,2,bps,100.0,318302.04869677144,100.0,0.0,0.0,0.0,0.0,0,0.0,3652,-318202.04869677144
ETH,10,True,10:00-22:00,22:00-10:00,1,2,Night Cash / Day Long,Cash,Long,2,bps,100.0,318302.04869677144,14383.528770561705,0.0020324800856453425,0.7036320696291366,1.0543226542411002,-0.8039581793790787,7303,7303.0,3652,-303918.51992620976
ETH,10,True,10:00-22:00,22:00-10:00,2,3,Night Cash / Day Short,Cash,Short,2,bps,100.0,318302.04869677144,0.0002496634384912541,-0.0028322905785258664,0.7036337965452385,-1.4692103566339656,-0.9999982860234812,7303,7303.0,3652,-318302.048447108
ETH,10,True,10:00-22:00,22:00-10:00,3,4,Night Cash / Day Momentum,Cash,Momentum,2,bps,100.0,318302.04869677144,1.8256848047361856,-0.00040459596908635885,0.7050977209266606,-0.20944264083344183,-0.9866249209925343,7295,7295.0,3652,-318300.2230119667
ETH,10,True,10:00-22:00,22:00-10:00,4,5,Night Cash / Day Reversal,Cash,Reversal,2,bps,100.0,318302.04869677144,1.9751380218690235,-0.0003943384449332674,0.7051002092460223,-0.20413202338225592,-0.9983667900157277,7295,7295.0,3652,-318300.0735587496
ETH,10,True,10:00-22:00,22:00-10:00,5,6,Night Long / Day Cash,Long,Cash,2,bps,100.0,318302.04869677144,119.50091686794889,0.0006091495017432324,0.6376384825370588,0.34869220447866817,-0.9666508711047277,7304,7304.0,3652,-318182.5477799035
ETH,10,True,10:00-22:00,22:00-10:00,6,7,Night Long / Day Long,Long,Long,2,bps,100.0,318302.04869677144,319171.86943937815,0.003493952565255901,0.9732299685192952,1.3103713691211922,-0.9407352857061145,1,1.0,3652,869.8207426067092
ETH,10,True,10:00-22:00,22:00-10:00,7,8,Night Long / Day Short,Long,Short,2,bps,100.0,318302.04869677144,0.00029826292191529675,-0.0022735831481474522,0.9264707064706219,-0.8957194688163996,-0.9999991003657553,7304,14607.0,3652,-318302.0483985085
ETH,10,True,10:00-22:00,22:00-10:00,8,9,Night Long / Day Momentum,Long,Momentum,2,bps,100.0,318302.04869677144,9.770005345929695,0.0006673676114177287,0.9701251064299519,0.2510904795195705,-0.9801433239544325,3556,7103.0,3652,-318292.2786914255
ETH,10,True,10:00-22:00,22:00-10:00,9,10,Night Long / Day Reversal,Long,Reversal,2,bps,100.0,318302.04869677144,9.753089018302525,0.0005520695613018395,0.9324668862426728,0.2160992447540169,-0.9994858081300526,3757,7505.0,3652,-318292.29560775316
ETH,10,True,10:00-22:00,22:00-10:00,10,11,Night Short / Day Cash,Short,Cash,2,bps,100.0,318302.04869677144,0.07452253063676181,-0.0014090695017431464,0.6376384825370589,-0.806586149082301,-0.999270792240713,7304,7304.0,3652,-318301.9741742408
ETH,10,True,10:00-22:00,22:00-10:00,11,12,Night Short / Day Long,Short,Long,2,bps,100.0,318302.04869677144,10.715837614019149,0.0005718263739563923,0.9361232595117109,0.22295848796979084,-0.9844409692162458,7304,14607.0,3652,-318291.3328591574
ETH,10,True,10:00-22:00,22:00-10:00,12,13,Night Short / Day Short,Short,Short,2,bps,100.0,318302.04869677144,3.4548600957443094e-06,-0.0033917938463210793,0.9656363466220896,-1.2820610556322587,-0.9999999751833794,1,1.0,3652,-318302.0486933166
ETH,10,True,10:00-22:00,22:00-10:00,13,14,Night Short / Day Momentum,Short,Momentum,2,bps,100.0,318302.04869677144,0.0056219489350472105,-0.0014764692254220237,0.9311394692104165,-0.5787653569620695,-0.9999447397717484,3757,7505.0,3652,-318302.0430748225
ETH,10,True,10:00-22:00,22:00-10:00,14,15,Night Short / Day Reversal,Short,Reversal,2,bps,100.0,318302.04869677144,0.006591477995877218,-0.0013428351833113144,0.9720332278647196,-0.504236715225586,-0.9999698332715676,3556,7103.0,3652,-318302.0421052934
ETH,10,True,10:00-22:00,22:00-10:00,15,16,Night Momentum / Day Cash,Momentum,Cash,2,bps,100.0,318302.04869677144,0.588617963408869,-0.000844260667134829,0.6377223094615223,-0.4832121111842732,-0.9968790009290326,7294,7294.0,3652,-318301.460078808
ETH,10,True,10:00-22:00,22:00-10:00,16,17,Night Momentum / Day Long,Momentum,Long,2,bps,100.0,318302.04869677144,373.41704836275176,0.001645641553113913,0.9781179251145904,0.6140968808195684,-0.951971941125094,3593,7177.0,3652,-317928.6316484087
ETH,10,True,10:00-22:00,22:00-10:00,17,18,Night Momentum / Day Short,Momentum,Short,2,bps,100.0,318302.04869677144,6.162980905929356e-06,-0.003334966171500673,0.9296362199888114,-1.3093967580269148,-0.9999999682422568,3719,7429.0,3652,-318302.04869060847
ETH,10,True,10:00-22:00,22:00-10:00,18,19,Night Momentum / Day Momentum,Momentum,Momentum,2,bps,100.0,318302.04869677144,0.04436959330500814,-0.000899713882066604,0.9392045124630581,-0.3496528845385283,-0.9996891057236795,3757,7499.0,3652,-318302.0043271781
ETH,10,True,10:00-22:00,22:00-10:00,19,20,Night Momentum / Day Reversal,Momentum,Reversal,2,bps,100.0,318302.04869677144,0.05193813463990361,-0.0007902762699327394,0.9708305545135106,-0.29711759398631044,-0.99996495948906,3560,7105.0,3652,-318301.9967586368
ETH,10,True,10:00-22:00,22:00-10:00,20,21,Night Reversal / Day Cash,Reversal,Cash,2,bps,100.0,318302.04869677144,15.219539996189981,4.543584785780665e-05,0.6377220305426056,0.026005192974106386,-0.9412798515033405,7294,7294.0,3652,-318286.82915677526
ETH,10,True,10:00-22:00,22:00-10:00,21,22,Night Reversal / Day Long,Reversal,Long,2,bps,100.0,318302.04869677144,9180.563430404289,0.002420252703832084,0.9315851315001488,0.9482678576848557,-0.9190485253659065,3719,7429.0,3652,-309121.48526636715
ETH,10,True,10:00-22:00,22:00-10:00,22,23,Night Reversal / Day Short,Reversal,Short,2,bps,100.0,318302.04869677144,0.00016759137243375406,-0.002330306325606292,0.96241264112286,-0.8837807947471829,-0.9999990895158765,3593,7177.0,3652,-318302.04852918006
ETH,10,True,10:00-22:00,22:00-10:00,23,24,Night Reversal / Day Momentum,Reversal,Momentum,2,bps,100.0,318302.04869677144,1.2413170309411958,9.083522245523184e-05,0.9624544963980325,0.03444823243097833,-0.9925879077221165,3560,7105.0,3652,-318300.8073797405
ETH,10,True,10:00-22:00,22:00-10:00,24,25,Night Reversal / Day Reversal,Reversal,Reversal,2,bps,100.0,318302.04869677144,1.2411523986267727,-2.74051342940029e-07,0.9338092874833838,-0.00010711902474507193,-0.9991123145524955,3757,7499.0,3652,-318300.8075443728
ETH,11,False,11:00-23:00,23:00-11:00,0,1,Night Cash / Day Cash,Cash,Cash,0,bps,100.0,318302.04869677144,100.0,0.0,0.0,0.0,0.0,0,0.0,3652,-318202.04869677144
ETH,11,False,11:00-23:00,23:00-11:00,1,2,Night Cash / Day Long,Cash,Long,0,bps,100.0,318302.04869677144,192265.08740945952,0.002785459285713082,0.7223994735892573,1.4073828628830745,-0.6520757805310337,7303,7303.0,3652,-126036.96128731192
ETH,11,False,11:00-23:00,23:00-11:00,2,3,Night Cash / Day Short,Cash,Short,0,bps,100.0,318302.04869677144,0.0002581917660145728,-0.002785459285713082,0.7223994735892572,-1.407382862883075,-0.9999980704123543,7303,7303.0,3652,-318302.04843857966
ETH,11,False,11:00-23:00,23:00-11:00,3,4,Night Cash / Day Momentum,Cash,Momentum,0,bps,100.0,318302.04869677144,5.829289142967525,-3.706629134709573e-05,0.7243187809443264,-0.018678511033569125,-0.9641024088530185,7301,7301.0,3652,-318296.21940762846
ETH,11,False,11:00-23:00,23:00-11:00,4,5,Night Cash / Day Reversal,Cash,Reversal,0,bps,100.0,318302.04869677144,8.520567673440722,3.7066291347095694e-05,0.7243187809443263,0.01867851103356911,-0.9733699714998626,7301,7301.0,3652,-318293.528129098
ETH,11,False,11:00-23:00,23:00-11:00,5,6,Night Long / Day Cash,Long,Cash,0,bps,100.0,318302.04869677144,166.0854743245586,0.0007429484056497728,0.6679626860420504,0.40597502484606696,-0.9675775955810134,7304,7304.0,3652,-318135.96322244685
ETH,11,False,11:00-23:00,23:00-11:00,6,7,Night Long / Day Long,Long,Long,0,bps,100.0,318302.04869677144,319324.38238452736,0.003572465564658483,1.003158863615883,1.2998439014935905,-0.9401100005744157,1,1.0,3652,1022.3336877559195
ETH,11,False,11:00-23:00,23:00-11:00,7,8,Night Long / Day Short,Long,Short,0,bps,100.0,318302.04869677144,0.0004288190192522585,-0.0020865687533589377,0.9659971408527503,-0.7884056409356439,-0.9999985096016034,7304,14607.0,3652,-318302.0482679524
ETH,11,False,11:00-23:00,23:00-11:00,8,9,Night Long / Day Momentum,Long,Momentum,0,bps,100.0,318302.04869677144,9.68160252284761,0.0007802289211853651,1.0100989862261212,0.2819362855680626,-0.9822521596189098,3504,7005.0,3652,-318292.3670942486
ETH,11,False,11:00-23:00,23:00-11:00,9,10,Night Long / Day Reversal,Long,Reversal,0,bps,100.0,318302.04869677144,14.151425235579051,0.0007056678901141806,0.9617200659919473,0.26782094811135254,-0.9978856605498289,3803,7603.0,3652,-318287.8972715359
ETH,11,False,11:00-23:00,23:00-11:00,10,11,Night Short / Day Cash,Short,Cash,0,bps,100.0,318302.04869677144,0.6358301637212871,-0.0007429484056497715,0.6679626860420504,-0.4059750248460662,-0.9950087470828531,7304,7304.0,3652,-318301.4128666077
ETH,11,False,11:00-23:00,23:00-11:00,11,12,Night Short / Day Long,Short,Long,0,bps,100.0,318302.04869677144,1222.479420054437,0.001998453006767684,0.9724096844327036,0.7501317182950019,-0.9291432947009503,7304,14607.0,3652,-317079.569276717
ETH,11,False,11:00-23:00,23:00-11:00,12,13,Night Short / Day Short,Short,Short,0,bps,100.0,318302.04869677144,1.6416611285653404e-06,-0.0034843498180672297,0.9975184885601691,-1.274951490302955,-0.9999999882405378,1,1.0,3652,-318302.04869512975
ETH,11,False,11:00-23:00,23:00-11:00,13,14,Night Short / Day Momentum,Short,Momentum,0,bps,100.0,318302.04869677144,0.0370643787015177,-0.0008543615038795566,0.9550287221428173,-0.3265262517093225,-0.9997263677782601,3803,7603.0,3652,-318302.01163239277
ETH,11,False,11:00-23:00,23:00-11:00,14,15,Night Short / Day Reversal,Short,Reversal,0,bps,100.0,318302.04869677144,0.054176339388020765,-0.0006315353074199884,1.016817562156526,-0.2266978814954925,-0.9995911919676437,3504,7005.0,3652,-318301.994520432
ETH,11,False,11:00-23:00,23:00-11:00,15,16,Night Momentum / Day Cash,Momentum,Cash,0,bps,100.0,318302.04869677144,7.27703580710424,-8.379395629432189e-05,0.6679633125759921,-0.04578813457505266,-0.9798306400091344,7296,7296.0,3652,-318294.77166096435
ETH,11,False,11:00-23:00,23:00-11:00,16,17,Night Momentum / Day Long,Momentum,Long,0,bps,100.0,318302.04869677144,13991.19925534665,0.0027046637345553436,0.9936907436163913,0.9934703220842361,-0.9041622627446286,3607,7207.0,3652,-304310.84944142477
ETH,11,False,11:00-23:00,23:00-11:00,17,18,Night Momentum / Day Short,Momentum,Short,0,bps,100.0,318302.04869677144,1.87887072638754e-05,-0.002872251647143989,0.9852907559325769,-1.0640228225984651,-0.9999998871496382,3703,7399.0,3652,-318302.0486779827
ETH,11,False,11:00-23:00,23:00-11:00,18,19,Night Momentum / Day Momentum,Momentum,Momentum,0,bps,100.0,318302.04869677144,0.42419945823338634,-0.00015823566960230918,0.973661727860453,-0.05931836258138365,-0.9984547055031128,3711,7415.0,3652,-318301.6244973132
ETH,11,False,11:00-23:00,23:00-11:00,19,20,Night Momentum / Day Reversal,Momentum,Reversal,0,bps,100.0,318302.04869677144,0.6200447605648297,-9.35224298633619e-06,1.007851458229033,-0.0033869759895083468,-0.9992551908910412,3598,7189.0,3652,-318301.42865201086
ETH,11,False,11:00-23:00,23:00-11:00,20,21,Night Reversal / Day Cash,Reversal,Cash,0,bps,100.0,318302.04869677144,14.540497280263493,8.379395629432316e-05,0.6679633125759921,0.04578813457505335,-0.949758669953387,7296,7296.0,3652,-318287.5081994912
ETH,11,False,11:00-23:00,23:00-11:00,21,22,Night Reversal / Day Long,Reversal,Long,0,bps,100.0,318302.04869677144,27956.29980566872,0.002866254836870824,0.9821077661889358,1.0652425848515163,-0.8625100866804093,3703,7399.0,3652,-290345.74889110273
ETH,11,False,11:00-23:00,23:00-11:00,22,23,Night Reversal / Day Short,Reversal,Short,0,bps,100.0,318302.04869677144,3.7542366715213284e-05,-0.0026986669242821783,0.9784435157499213,-1.0067146559891484,-0.9999997467230776,3607,7207.0,3652,-318302.04865922907
ETH,11,False,11:00-23:00,23:00-11:00,23,24,Night Reversal / Day Momentum,Reversal,Momentum,0,bps,100.0,318302.04869677144,0.8476076292918837,8.41030869081174e-05,0.9921837982390407,0.030939455749978955,-0.9964504221694277,3598,7189.0,3652,-318301.2010891421
ETH,11,False,11:00-23:00,23:00-11:00,24,25,Night Reversal / Day Reversal,Reversal,Reversal,0,bps,100.0,318302.04869677144,1.2389329108196605,8.348482568052856e-05,0.971082331713093,0.03137937987156776,-0.9938839008709663,3711,7415.0,3652,-318300.8097638606
ETH,11,False,11:00-23:00,23:00-11:00,0,1,Night Cash / Day Cash,Cash,Cash,1,bps,100.0,318302.04869677144,100.0,0.0,0.0,0.0,0.0,0,0.0,3652,-318202.04869677144
ETH,11,False,11:00-23:00,23:00-11:00,1,2,Night Cash / Day Long,Cash,Long,1,bps,100.0,318302.04869677144,92623.09957016775,0.0025849389559297353,0.7222546454955102,1.3063297339777629,-0.6661530578940531,7303,7303.0,3652,-225678.9491266037
ETH,11,False,11:00-23:00,23:00-11:00,2,3,Night Cash / Day Short,Cash,Short,1,bps,100.0,318302.04869677144,0.0001243830690947826,-0.0029848641968935443,0.7222553749155859,-1.5084352013212456,-0.999999055433694,7303,7303.0,3652,-318302.04857238836
ETH,11,False,11:00-23:00,23:00-11:00,3,4,Night Cash / Day Momentum,Cash,Momentum,1,bps,100.0,318302.04869677144,2.8088033951166334,-0.00023696656420196607,0.7241740171626411,-0.11943648057493386,-0.9818306493007021,7301,7301.0,3652,-318299.2398933763
ETH,11,False,11:00-23:00,23:00-11:00,4,5,Night Cash / Day Reversal,Cash,Reversal,1,bps,100.0,318302.04869677144,4.105577682375473,-0.0001628491532131024,0.7241738397063615,-0.0820796577612968,-0.9837821145493317,7301,7301.0,3652,-318297.94311908906
ETH,11,False,11:00-23:00,23:00-11:00,5,6,Night Long / Day Cash,Long,Cash,1,bps,100.0,318302.04869677144,80.00315240603979,0.0005428098233981493,0.6678291001844688,0.29667108768635253,-0.976952325365149,7304,7304.0,3652,-318222.0455443654
ETH,11,False,11:00-23:00,23:00-11:00,6,7,Night Long / Day Long,Long,Long,1,bps,100.0,318302.04869677144,319292.44994629,0.0035724380265203825,1.0031588428686078,1.2998339086073603,-0.9401100005744156,1,1.0,3652,990.4012495185598
ETH,11,False,11:00-23:00,23:00-11:00,7,8,Night Long / Day Short,Long,Short,1,bps,100.0,318302.04869677144,9.950310790418434e-05,-0.002485665347548636,0.965611395670813,-0.939578650296448,-0.9999996068921331,7304,14607.0,3652,-318302.04859726835
ETH,11,False,11:00-23:00,23:00-11:00,8,9,Night Long / Day Momentum,Long,Momentum,1,bps,100.0,318302.04869677144,4.805001685147396,0.0005888908534693493,1.0101176694817944,0.21279220036471846,-0.9898303463602732,3504,7005.0,3652,-318297.2436950863
ETH,11,False,11:00-23:00,23:00-11:00,9,10,Night Long / Day Reversal,Long,Reversal,1,bps,100.0,318302.04869677144,6.615658355420946,0.0004973670283379562,0.9615373800669069,0.18880073630701896,-0.9985436909861516,3803,7603.0,3652,-318295.433038416
ETH,11,False,11:00-23:00,23:00-11:00,10,11,Night Short / Day Cash,Short,Cash,1,bps,100.0,318302.04869677144,0.3062785454262296,-0.0009427898233981047,0.6678291001844688,-0.5152789620057815,-0.9975294228149404,7304,7304.0,3652,-318301.74241822603
ETH,11,False,11:00-23:00,23:00-11:00,11,12,Night Short / Day Long,Short,Long,1,bps,100.0,318302.04869677144,283.66396121242497,0.0015977196359636477,0.9720202261145493,0.5999542514231664,-0.9310861742383042,7304,14607.0,3652,-318018.384735559
ETH,11,False,11:00-23:00,23:00-11:00,12,13,Night Short / Day Short,Short,Short,1,bps,100.0,318302.04869677144,1.6414969624524938e-06,-0.00348437700576151,0.9975185250868721,-1.274961391811939,-0.9999999882405378,1,1.0,3652,-318302.0486951299
ETH,11,False,11:00-23:00,23:00-11:00,13,14,Night Short / Day Momentum,Short,Momentum,1,bps,100.0,318302.04869677144,0.017327248850433463,-0.0010623966002490303,0.9548279153859274,-0.4061200482750478,-0.9998703277279262,3803,7603.0,3652,-318302.03136952256
ETH,11,False,11:00-23:00,23:00-11:00,14,15,Night Short / Day Reversal,Short,Reversal,1,bps,100.0,318302.04869677144,0.026887842321582124,-0.0008238467667033448,1.0163814118738146,-0.29585750618199397,-0.999790886187036,3504,7005.0,3652,-318302.0218089291
ETH,11,False,11:00-23:00,23:00-11:00,15,16,Night Momentum / Day Cash,Momentum,Cash,1,bps,100.0,318302.04869677144,3.508144016868895,-0.0002835481512434995,0.6678297485871217,-0.1549722446818732,-0.9893104160227416,7296,7296.0,3652,-318298.5405527546
ETH,11,False,11:00-23:00,23:00-11:00,16,17,Night Momentum / Day Long,Momentum,Long,1,bps,100.0,318302.04869677144,6804.992015172337,0.0025069911094641258,0.9935664837330577,0.9209768746590021,-0.927656297963018,3607,7207.0,3652,-311497.0566815991
ETH,11,False,11:00-23:00,23:00-11:00,17,18,Night Momentum / Day Short,Momentum,Short,1,bps,100.0,318302.04869677144,8.964587081489985e-06,-0.003074356452960162,0.9850762636953304,-1.1391403353086176,-0.999999945500586,3703,7399.0,3652,-318302.0486878069
ETH,11,False,11:00-23:00,23:00-11:00,18,19,Night Momentum / Day Momentum,Momentum,Momentum,1,bps,100.0,318302.04869677144,0.20207312565794244,-0.00036097815060087495,0.9735860598784867,-0.1353316675320556,-0.9992462219099049,3711,7415.0,3652,-318301.8466236458
ETH,11,False,11:00-23:00,23:00-11:00,19,20,Night Momentum / Day Reversal,Momentum,Reversal,1,bps,100.0,318302.04869677144,0.3021186452569875,-0.0002065414811505019,1.0074986235624774,-0.0748265445300216,-0.9995680657063263,3598,7189.0,3652,-318301.74657812616
ETH,11,False,11:00-23:00,23:00-11:00,20,21,Night Reversal / Day Cash,Reversal,Cash,1,bps,100.0,318302.04869677144,7.009744061758721,-0.00011599375456149431,0.6678297285221119,-0.06339598045243895,-0.9657899733026187,7296,7296.0,3652,-318295.0389527097
ETH,11,False,11:00-23:00,23:00-11:00,21,22,Night Reversal / Day Long,Reversal,Long,1,bps,100.0,318302.04869677144,13338.68693382721,0.002663216631546188,0.9819787371982576,0.9899135629839007,-0.8743196755446907,3703,7399.0,3652,-304963.3617629442
ETH,11,False,11:00-23:00,23:00-11:00,22,23,Night Reversal / Day Short,Reversal,Short,1,bps,100.0,318302.04869677144,1.82597289242429e-05,-0.0028956259738762507,0.9781915987291174,-1.0804667325276334,-0.9999998746119704,3607,7207.0,3652,-318302.0486785117
ETH,11,False,11:00-23:00,23:00-11:00,23,24,Night Reversal / Day Momentum,Reversal,Momentum,1,bps,100.0,318302.04869677144,0.4129993267548578,-0.00011241805554683576,0.9920886551743567,-0.04135980192958026,-0.9976016296155901,3598,7189.0,3652,-318301.63569744467
ETH,11,False,11:00-23:00,23:00-11:00,24,25,Night Reversal / Day Reversal,Reversal,Reversal,1,bps,100.0,318302.04869677144,0.5901823797994514,-0.00011982871789066825,0.9708071110572287,-0.04505270051273409,-0.9959638835272052,3711,7415.0,3652,-318301.4585143916
ETH,11,False,11:00-23:00,23:00-11:00,0,1,Night Cash / Day Cash,Cash,Cash,2,bps,100.0,318302.04869677144,100.0,0.0,0.0,0.0,0.0,0,0.0,3652,-318202.04869677144
ETH,11,False,11:00-23:00,23:00-11:00,1,2,Night Cash / Day Long,Cash,Long,2,bps,100.0,318302.04869677144,44617.62694382403,0.0023844386765081893,0.7221098332398734,1.2052461784388728,-0.6796620812188333,7303,7303.0,3652,-273684.4217529474
ETH,11,False,11:00-23:00,23:00-11:00,2,3,Night Cash / Day Short,Cash,Short,2,bps,100.0,318302.04869677144,5.991677454925465e-05,-0.0031842491693887206,0.7221112920645485,-1.6095177566105572,-0.9999995376515974,7303,7303.0,3652,-318302.0486368547
ETH,11,False,11:00-23:00,23:00-11:00,3,4,Night Cash / Day Momentum,Cash,Momentum,2,bps,100.0,318302.04869677144,1.3533040172437978,-0.0004368468487856658,0.7240292747664451,-0.22022465853774015,-0.9908043182752959,7301,7301.0,3652,-318300.6953927542
ETH,11,False,11:00-23:00,23:00-11:00,4,5,Night Cash / Day Reversal,Cash,Reversal,2,bps,100.0,318302.04869677144,1.9781002758416686,-0.0003627446079502862,0.7240289198543289,-0.18286808478381367,-0.9902140308337494,7301,7301.0,3652,-318300.0705964956
ETH,11,False,11:00-23:00,23:00-11:00,5,6,Night Long / Day Cash,Long,Cash,2,bps,100.0,318302.04869677144,38.53459702996426,0.00034269125600549263,0.6676955276861412,0.18733435114575359,-0.9842275617653812,7304,7304.0,3652,-318263.5140997415
ETH,11,False,11:00-23:00,23:00-11:00,6,7,Night Long / Day Long,Long,Long,2,bps,100.0,318302.04869677144,319260.5175080529,0.003572410488382282,1.0031588231290134,1.2998239144150339,-0.9401100005744156,1,1.0,3652,958.4688112814329
ETH,11,False,11:00-23:00,23:00-11:00,7,8,Night Long / Day Short,Long,Short,2,bps,100.0,318302.04869677144,2.308194124548514e-05,-0.002884682120210851,0.9652257286723404,-1.0908422171104242,-0.9999999069765446,7304,14607.0,3652,-318302.0486736895
ETH,11,False,11:00-23:00,23:00-11:00,8,9,Night Long / Day Momentum,Long,Momentum,2,bps,100.0,318302.04869677144,2.38439929036847,0.00039757053083238535,1.0101433149214027,0.14365609474444882,-0.9943084323989341,3504,7005.0,3652,-318299.66429748107
ETH,11,False,11:00-23:00,23:00-11:00,9,10,Night Long / Day Reversal,Long,Reversal,2,bps,100.0,318302.04869677144,3.092287787549573,0.0002890873008713627,0.9613620948968912,0.10975767130631914,-0.9990152440838981,3803,7603.0,3652,-318298.9564089839
ETH,11,False,11:00-23:00,23:00-11:00,10,11,Night Short / Day Cash,Short,Cash,2,bps,100.0,318302.04869677144,0.14752319092406607,-0.0011426112560054043,0.667695527686141,-0.6246156985463795,-0.9987771963388603,7304,7304.0,3652,-318301.9011735805
ETH,11,False,11:00-23:00,23:00-11:00,11,12,Night Short / Day Long,Short,Long,2,bps,100.0,318302.04869677144,65.80211436683629,0.0011970664146615955,0.9716308467245217,0.4496864656205807,-0.9329761531319286,7304,14607.0,3652,-318236.2465824046
ETH,11,False,11:00-23:00,23:00-11:00,12,13,Night Short / Day Short,Short,Short,2,bps,100.0,318302.04869677144,1.6413327963396346e-06,-0.0034844041934557917,0.9975185626013247,-1.2749712920577134,-0.9999999882405378,1,1.0,3652,-318302.0486951301
ETH,11,False,11:00-23:00,23:00-11:00,13,14,Night Short / Day Momentum,Short,Momentum,2,bps,100.0,318302.04869677144,0.008099094169233005,-0.0012704105442986986,0.9546345864681409,-0.4857354376658131,-0.9999385584541597,3803,7603.0,3652,-318302.0405976773
ETH,11,False,11:00-23:00,23:00-11:00,14,15,Night Short / Day Reversal,Short,Reversal,2,bps,100.0,318302.04869677144,0.013342628442627463,-0.001016140224317273,1.015952293913326,-0.36506751753783284,-0.9998930482759207,3504,7005.0,3652,-318302.035354143
ETH,11,False,11:00-23:00,23:00-11:00,15,16,Night Momentum / Day Cash,Momentum,Cash,2,bps,100.0,318302.04869677144,1.6910974053583636,-0.00048328236977436263,0.6676962218843119,-0.26418910154954556,-0.9947519158002174,7296,7296.0,3652,-318300.3575993661
ETH,11,False,11:00-23:00,23:00-11:00,16,17,Night Momentum / Day Long,Momentum,Long,2,bps,100.0,318302.04869677144,3309.311926166159,0.0023093580005365934,0.9934570394330127,0.8484671573487734,-0.9453939864765136,3607,7207.0,3652,-314992.73677060526
ETH,11,False,11:00-23:00,23:00-11:00,17,18,Night Momentum / Day Short,Momentum,Short,2,bps,100.0,318302.04869677144,4.276607747666283e-06,-0.003276420855273482,0.9848765751310038,-1.2142573418560072,-0.9999999736841444,3703,7399.0,3652,-318302.0486924948
ETH,11,False,11:00-23:00,23:00-11:00,18,19,Night Momentum / Day Momentum,Momentum,Momentum,2,bps,100.0,318302.04869677144,0.09624598191124964,-0.0005637005405188027,0.9735177114688374,-0.2113476671923386,-0.999632367915574,3711,7415.0,3652,-318301.9524507895
ETH,11,False,11:00-23:00,23:00-11:00,19,20,Night Momentum / Day Reversal,Momentum,Reversal,2,bps,100.0,318302.04869677144,0.14718704210516842,-0.00040371174581012266,1.0071529118533415,-0.14630825715385717,-0.9997495372973436,3598,7189.0,3652,-318301.90150972933
ETH,11,False,11:00-23:00,23:00-11:00,20,21,Night Reversal / Day Cash,Reversal,Cash,2,bps,100.0,318302.04869677144,3.3790402954000403,-0.0003157614856472358,0.667696181756301,-0.17261285208802743,-0.9767068080842554,7296,7296.0,3652,-318298.66965647606
ETH,11,False,11:00-23:00,23:00-11:00,21,22,Night Reversal / Day Long,Reversal,Long,2,bps,100.0,318302.04869677144,6363.297201126571,0.0024602190156086056,0.9818647050052423,0.9145658624039721,-0.8851169531284709,3703,7399.0,3652,-311938.75149564486
ETH,11,False,11:00-23:00,23:00-11:00,22,23,Night Reversal / Day Short,Reversal,Short,2,bps,100.0,318302.04869677144,8.879825070011882e-06,-0.0030925456492216373,0.9779545994635979,-1.1542245034534588,-0.9999999379337545,3607,7207.0,3652,-318302.0486878916
ETH,11,False,11:00-23:00,23:00-11:00,23,24,Night Reversal / Day Momentum,Reversal,Momentum,2,bps,100.0,318302.04869677144,0.20120621567320512,-0.0003089203684700134,0.9920006924390973,-0.11366517720296593,-0.9987524861289552,3598,7189.0,3652,-318301.8474905558
ETH,11,False,11:00-23:00,23:00-11:00,24,25,Night Reversal / Day Reversal,Reversal,Reversal,2,bps,100.0,318302.04869677144,0.28109963888354395,-0.00032312207838929827,0.9705392645358941,-0.1215196158689075,-0.9977985463189658,3711,7415.0,3652,-318301.76759713254
